,,,Bandar Kuota,,,,,,
,,,Saldo Stock,,,,,,
,,,,,,,,,,,,,
,Group,,,,,,,,,,,,,
,ACC CAMPURAN LAMA,,,,,,,,,,,,,
,Merk,Model,,,,,,,,,,
,CAMPURAN,BATOK,,,,,,,,,,
Kode Item,Nama Item,ALFA 2 (C),ALFA 3 (C),ALFA 4 (C),ALFA 6 (C),ALFA 7 ,ASBER 1 (C),ASBER 2 (C),BUNISARI ,
001100,BATOK CHARGER DAP D-A4 2.4 A USB DOUBLE,,0 PCS,1 PCS,4 PCS,,,,0 PCS,
001101,BATOK CHARGER DAP D-AT6 SINGLE,,,,2 PCS,0 PCS,,,,
001124,BATOK CHARGER VGEN 2 PORT,,,,,0 PCS,24 PCS,4 PCS,,
001127,BATOK CHARGER XIAOMI ORIGINAL,,,,11 PCS,,,,,
001128,BATOK CHARGER ZBOX R11 3A QUALCOM,2 PCS,,,1 PCS,,,,,
TOTAL,2.00,0.00,1.00,18.00,0.00,24.00,4.00,0.00,
Kode Item,Nama Item,CK (C),DM (C),Gudang,PC 5 (C),RK (C),TOTAL,,,
001100,BATOK CHARGER DAP D-A4 2.4 A USB DOUBLE,,0 PCS,0 PCS,,,5 PCS,,,
001101,BATOK CHARGER DAP D-AT6 SINGLE,,0 PCS,0 PCS,1 PCS,,3 PCS,,,
001124,BATOK CHARGER VGEN 2 PORT,11 PCS,6 PCS,0 PCS,3 PCS,,48 PCS,,,
001127,BATOK CHARGER XIAOMI ORIGINAL,18 PCS,1 PCS,0 PCS,,8 PCS,38 PCS,,,
001128,BATOK CHARGER ZBOX R11 3A QUALCOM,1 PCS,0 PCS,0 PCS,,,4 PCS,,,
TOTAL,30.00,7.00,0.00,4.00,8.00,98.00,,,
,Merk,Model,,,,,,,,,,
,CAMPURAN,CHARGER,,,,,,,,,,
Kode Item,Nama Item,ALFA 6 (C),ASBER 2 (C),TOTAL,,,,,,,
002251,CHARGER QUALCOM,2 PCS,1 PCS,3 PCS,,,,,,,
TOTAL,2.00,1.00,3.00,,,,,,,
,,,,,,Bee Accounting,,,,,,,,,
,15/09/2026,,,,,,,,,,
,Merk,Model,,,,,,,,,
,CAMPURAN,GURITA,,,,,,,,,
Kode Item,Nama Item,ALFA 1 (C),ALFA 3 (C),ALFA 5 (C),ALFA 6 (C),BUNISARI ,DM (C),Gudang,PC 4 (C),
001935,GURITA,0 PCS,0 PCS,0 PCS,5 PCS,0 PCS,0 PCS,0 PCS,0 PCS,
TOTAL,0.00,0.00,0.00,5.00,0.00,0.00,0.00,0.00,
Kode Item,Nama Item,PC 5 (C),PD 1 (C),TOTAL,,,,,,,
001935,GURITA,0 PCS,4 PCS,9 PCS,,,,,,,
TOTAL,0.00,4.00,9.00,,,,,,,
,Merk,Model,,,,,,,,,
,CAMPURAN,HANDSFREE,,,,,,,,,
Kode Item,Nama Item,ALFA 1 (C),ALFA 3 (C),ALFA 5 (C),ALFA 7 ,ASBER 1 (C),BUNISARI ,CK (C),DM (C),
001030,HF SERI L-99,,,,,,,5 PCS,0 PCS,
001418,HF JBL U402 MIX WARNA,0 PCS,0 PCS,1 PCS,0 PCS,0 PCS,0 PCS,0 PCS,0 PCS,
TOTAL,0.00,0.00,1.00,0.00,0.00,0.00,5.00,0.00,
Kode Item,Nama Item,Gudang,PC 5 (C),TOTAL,,,,,,,
001030,HF SERI L-99,0 PCS,,5 PCS,,,,,,,
001418,HF JBL U402 MIX WARNA,0 PCS,0 PCS,1 PCS,,,,,,,
TOTAL,0.00,0.00,6.00,,,,,,,
,Merk,Model,,,,,,,,,
,CAMPURAN,HOLDER HP,,,,,,,,,
Kode Item,Nama Item,ALFA 1 (C),ALFA 2 (C),ALFA 7 ,BUNISARI ,DM (C),Gudang,PC 5 (C),RK (C),
001421,HOLDER HP HD25 DESKTOP STAND 360 DEG,0 PCS,1 PCS,0 PCS,0 PCS,0 PCS,0 PCS,0 PCS,,
001819,HOLDER HP HD25 STAND 360,2 PCS,,,1 PCS,0 PCS,0 PCS,0 PCS,,
002876,HOLDER ROBOT RT-CH08,,,,,,,,1 PCS,
TOTAL,2.00,1.00,0.00,1.00,0.00,0.00,0.00,1.00,
Kode Item,Nama Item,TOTAL,,,,,,,,,
001421,HOLDER HP HD25 DESKTOP STAND 360 DEG,1 PCS,,,,,,,,,
001819,HOLDER HP HD25 STAND 360,3 PCS,,,,,,,,,
002876,HOLDER ROBOT RT-CH08,1 PCS,,,,,,,,,
TOTAL,5.00,,,,,,,,,
,Merk,Model,,,,,,,,,
,CAMPURAN,KABEL AUX,,,,,,,,,
,,,,,Bee Accounting,,,,,,,,
,15/09/2026,,,,,,,,
Kode Item,Nama Item,ALFA 1 (C),ALFA 7 ,BUNISARI ,DM (C),Gudang,PC 3 (A),PC 5 (C),TOTAL,
001422,KABEL AUX 1 IN 1 3.5 MM,0 PCS,0 PCS,0 PCS,0 PCS,0 PCS,1 PCS,0 PCS,1 PCS,
TOTAL,0.00,0.00,0.00,0.00,0.00,1.00,0.00,1.00,
,Merk,Model,,,,,,,,,
,CAMPURAN,KABEL DATA,,,,,,,,,
Kode Item,Nama Item,ALFA 1 (C),ALFA 2 (C),ALFA 3 (C),ALFA 4 (C),ALFA 6 (C),ALFA 7 ,ASBER 2 (C),BUNISARI ,
001069,KABEL DATA VGEN MICRO VCS-01,,,1 PCS,,9 PCS,,1 PCS,,
001432,KABEL DATA VIVAN MIKRO MM30 COLOUR,0 PCS,5 PCS,,,16 PCS,8 PCS,,0 PCS,
002227,KABEL DATA IPHONE 7 ORIGINAL,,,,2 PCS,,,,,
TOTAL,0.00,5.00,1.00,2.00,25.00,8.00,1.00,0.00,
Kode Item,Nama Item,CK (C),DM (C),Gudang,PC 4 (C),PC 5 (C),PD 1 (C),PD 2 (C),RK (C),
001069,KABEL DATA VGEN MICRO VCS-01,3 PCS,0 PCS,0 PCS,,,1 PCS,,1 PCS,
001432,KABEL DATA VIVAN MIKRO MM30 COLOUR,,0 PCS,0 PCS,,0 PCS,,,13 PCS,
002227,KABEL DATA IPHONE 7 ORIGINAL,,,,9 PCS,,,4 PCS,,
TOTAL,3.00,0.00,0.00,9.00,0.00,1.00,4.00,14.00,
Kode Item,Nama Item,SA (C),SS (C),TOTAL,,,,,,,
001069,KABEL DATA VGEN MICRO VCS-01,,1 PCS,17 PCS,,,,,,,
001432,KABEL DATA VIVAN MIKRO MM30 COLOUR,46 PCS,,88 PCS,,,,,,,
002227,KABEL DATA IPHONE 7 ORIGINAL,1 PCS,,16 PCS,,,,,,,
TOTAL,47.00,1.00,121.00,,,,,,,
,Merk,Model,,,,,,,,,
,CAMPURAN,KIPAS ANGIN,,,,,,,,,
Kode Item,Nama Item,ALFA 1 (C),ALFA 5 (C),ALFA 7 ,BUNISARI ,DM (C),Gudang,PC 5 (C),PD 1 (C),
001433,KIPAS ANGIN MINI VOTRE,0 PCS,0 PCS,0 PCS,0 PCS,0 PCS,0 PCS,1 PCS,0 PCS,
TOTAL,0.00,0.00,0.00,0.00,0.00,0.00,1.00,0.00,
Kode Item,Nama Item,TOTAL,,,,,,,,,
001433,KIPAS ANGIN MINI VOTRE,1 PCS,,,,,,,,,
TOTAL,1.00,,,,,,,,,
,Merk,Model,,,,,,,,,
,CAMPURAN,MEMORI,,,,,,,,,
,,,,,Bee Accounting,,,,,,,,
,15/09/2026,,,,,,,,
Kode Item,Nama Item,ALFA 2 (C),ALFA 4 (C),ALFA 6 (C),ALFA 7 ,ASBER 1 (C),ASBER 2 (C),BUNISARI ,DM (C),
001079,MMC TOSHIBA 4GB,,3 PCS,0 PCS,0 PCS,0 PCS,0 PCS,0 PCS,0 PCS,
002228,MMC TOSHIBA 64GB,0 PCS,,,,0 PCS,0 PCS,,,
TOTAL,0.00,3.00,0.00,0.00,0.00,0.00,0.00,0.00,
Kode Item,Nama Item,Gudang,PC 5 (C),RK (C),SA (C),SS (C),TOTAL,,,
001079,MMC TOSHIBA 4GB,0 PCS,0 PCS,0 PCS,,,3 PCS,,,
002228,MMC TOSHIBA 64GB,,,0 PCS,0 PCS,3 PCS,3 PCS,,,
TOTAL,0.00,0.00,0.00,0.00,3.00,6.00,,,
,Merk,Model,,,,,,,,,
,CAMPURAN,NANO SIM,,,,,,,,,
Kode Item,Nama Item,ALFA 2 (C),ALFA 7 ,DM (C),Gudang,PC 3 (A),PC 5 (C),PD 1 (C),TOTAL,
001085,NANO SIM ADAPTOR,4 PCS,0 PCS,3 PCS,0 PCS,0 PCS,1 PCS,1 PCS,9 PCS,
TOTAL,4.00,0.00,3.00,0.00,0.00,1.00,1.00,9.00,
,Merk,Model,,,,,,,,,
,CAMPURAN,OTG,,,,,,,,,
Kode Item,Nama Item,ALFA 1 (C),ALFA 2 (C),ALFA 4 (C),ALFA 6 (C),ALFA 7 ,BUNISARI ,DM (C),Gudang,
001172,OTG BIASA,,0 PCS,,0 PCS,,,0 PCS,0 PCS,
001174,OTG USB TYPE C,,,,,,,1 PCS,0 PCS,
001435,OTG SMART MINI MICRO V8,0 PCS,,9 PCS,15 PCS,2 PCS,0 PCS,0 PCS,0 PCS,
TOTAL,0.00,0.00,9.00,15.00,2.00,0.00,1.00,0.00,
Kode Item,Nama Item,PC 5 (C),RK (C),SA (C),TOTAL,,,,,,
001172,OTG BIASA,,4 PCS,4 PCS,8 PCS,,,,,,
001174,OTG USB TYPE C,,,,1 PCS,,,,,,
001435,OTG SMART MINI MICRO V8,0 PCS,,,26 PCS,,,,,,
TOTAL,0.00,4.00,4.00,35.00,,,,,,
,Merk,Model,,,,,,,,,
,CAMPURAN,POWERBANK,,,,,,,,,
Kode Item,Nama Item,ALFA 1 (C),ALFA 6 (C),ALFA 7 ,BUNISARI ,DM (C),Gudang,PC 4 (C),PC 5 (C),
001214,POWERBANK ADVANCE 3200MAH,,,,,2 PCS,0 PCS,,,
001436,POWERBANK ADVANCE 12000 MAH,1 PCS,1 PCS,2 PCS,2 PCS,0 PCS,0 PCS,1 PCS,0 PCS,
TOTAL,1.00,1.00,2.00,2.00,2.00,0.00,1.00,0.00,
,,,,,Bee Accounting,,,,,,,,
,15/09/2026,,,,,,,,
Kode Item,Nama Item,TOTAL,,,,,,,,,
001214,POWERBANK ADVANCE 3200MAH,2 PCS,,,,,,,,,
001436,POWERBANK ADVANCE 12000 MAH,7 PCS,,,,,,,,,
TOTAL,9.00,,,,,,,,,
,Merk,Model,,,,,,,,,
,CAMPURAN,SPEAKER,,,,,,,,,
Kode Item,Nama Item,ALFA 1 (C),BUNISARI ,DM (C),Gudang,PC 5 (C),TOTAL,,,
001910,SPEAKER ADVANCE ES 010,0 PCS,3 PCS,0 PCS,0 PCS,0 PCS,3 PCS,,,
TOTAL,0.00,3.00,0.00,0.00,0.00,3.00,,,
,Merk,Model,,,,,,,,,
,CAMPURAN,TONGSIS DAN TRIPOD,,,,,,,,,
Kode Item,Nama Item,ALFA 1 (C),ALFA 6 (C),ALFA 7 ,BUNISARI ,DM (C),Gudang,PC 3 (A),PC 5 (C),
001337,TONGSIS MONOPOD VOTRE,,7 PCS,2 PCS,,5 PCS,0 PCS,,1 PCS,
001438,TRIPOD 1M 3110/3118,0 PCS,,0 PCS,0 PCS,0 PCS,0 PCS,1 PCS,0 PCS,
TOTAL,0.00,7.00,2.00,0.00,5.00,0.00,1.00,1.00,
Kode Item,Nama Item,TOTAL,,,,,,,,,
001337,TONGSIS MONOPOD VOTRE,15 PCS,,,,,,,,,
001438,TRIPOD 1M 3110/3118,1 PCS,,,,,,,,,
TOTAL,16.00,,,,,,,,,
,Merk,Model,,,,,,,,,
,FOOMEE,BATOK,,,,,,,,,
Kode Item,Nama Item,ALFA 1 (C),ALFA 3 (C),ALFA 6 (C),BUNISARI ,DM (C),Gudang,PC 4 (C),RK (C),
001104,BATOK CHARGER FOOMEE CC27S,1 PCS,,,,0 PCS,0 PCS,1 PCS,1 PCS,
001107,BATOK CHARGER FOOMEE CC23S 2.4 A,,1 PCS,1 PCS,0 PCS,0 PCS,0 PCS,,,
002266,BATOK CHARGER FOOMEE CC08 U5V 2.1A,,,,0 PCS,,0 PCS,,1 PCS,
TOTAL,1.00,1.00,1.00,0.00,0.00,0.00,1.00,2.00,
Kode Item,Nama Item,TOTAL,,,,,,,,,
001104,BATOK CHARGER FOOMEE CC27S,3 PCS,,,,,,,,,
001107,BATOK CHARGER FOOMEE CC23S 2.4 A,2 PCS,,,,,,,,,
002266,BATOK CHARGER FOOMEE CC08 U5V 2.1A,1 PCS,,,,,,,,,
,,,,,Bee Accounting,,,,,,,,
,15/09/2026,,,,,,,,
Kode Item,Nama Item,TOTAL,,,,,,,,,
TOTAL,6.00,,,,,,,,,
,Merk,Model,,,,,,,,,
,FOOMEE,HANDSFREE,,,,,,,,,
Kode Item,Nama Item,ALFA 1 (C),ALFA 2 (C),ALFA 3 (C),ALFA 4 (C),ALFA 5 (C),ALFA 6 (C),ASBER 1 (C),ASBER 2 (C),
001004,HF FOOMEE QA44,,,,2 PCS,,,,,
001007,HF FOOMEE QA02,,2 PCS,1 PCS,2 PCS,2 PCS,4 PCS,1 PCS,,
001008,HF FOOMEE QA03,0 PCS,,0 PCS,,,,,,
001009,HF FOOMEE QA06,1 PCS,,,1 PCS,,,,,
001010,HF FOOMEE QA09S,1 PCS,0 PCS,2 PCS,0 PCS,0 PCS,0 PCS,,1 PCS,
001012,HF FOOMEE QA31,,0 PCS,0 PCS,,,,,,
001892,HF FOOMEE QA15,0 PCS,,,,,1 PCS,,,
002245,HF FOOMEE QA08,,,,,,,2 PCS,1 PCS,
TOTAL,2.00,2.00,3.00,5.00,2.00,5.00,3.00,2.00,
Kode Item,Nama Item,BK7 ,BUNISARI ,CISA (C),CK (C),DM (C),Gudang,PC 5 (C),PD 1 (C),
001004,HF FOOMEE QA44,,2 PCS,0 PCS,,1 PCS,0 PCS,,,
001007,HF FOOMEE QA02,,,0 PCS,,0 PCS,0 PCS,,8 PCS,
001008,HF FOOMEE QA03,2 PCS,,,,0 PCS,0 PCS,,,
001009,HF FOOMEE QA06,,,,,0 PCS,0 PCS,,1 PCS,
001010,HF FOOMEE QA09S,,2 PCS,,1 PCS,0 PCS,0 PCS,,3 PCS,
001012,HF FOOMEE QA31,0 PCS,1 PCS,,0 PCS,0 PCS,0 PCS,,2 PCS,
001892,HF FOOMEE QA15,,4 PCS,,,0 PCS,0 PCS,0 PCS,,
002245,HF FOOMEE QA08,,,,,,,,4 PCS,
TOTAL,2.00,9.00,0.00,1.00,1.00,0.00,0.00,18.00,
Kode Item,Nama Item,RK (C),SS (C),TOTAL,,,,,,,
001004,HF FOOMEE QA44,,,5 PCS,,,,,,,
001007,HF FOOMEE QA02,0 PCS,,20 PCS,,,,,,,
001008,HF FOOMEE QA03,,,2 PCS,,,,,,,
001009,HF FOOMEE QA06,1 PCS,,4 PCS,,,,,,,
001010,HF FOOMEE QA09S,,0 PCS,10 PCS,,,,,,,
001012,HF FOOMEE QA31,,,3 PCS,,,,,,,
001892,HF FOOMEE QA15,1 PCS,,6 PCS,,,,,,,
002245,HF FOOMEE QA08,1 PCS,,8 PCS,,,,,,,
,,,,,Bee Accounting,,,,,,,,
,15/09/2026,,,,,,,,
Kode Item,Nama Item,RK (C),SS (C),TOTAL,,,,,,,
TOTAL,3.00,0.00,58.00,,,,,,,
,Merk,Model,,,,,,,,,
,FOOMEE,KABEL DATA,,,,,,,,,
Kode Item,Nama Item,ALFA 1 (C),ALFA 2 (C),ALFA 3 (C),ALFA 4 (C),ALFA 5 (C),ALFA 6 (C),ALFA 7 ,ASBER 1 (C),
001032,KABEL DATA FOOMEE NT10X,0 PCS,0 PCS,3 PCS,12 PCS,21 PCS,4 PCS,0 PCS,18 PCS,
001033,KABEL DATA FOOMEE NK10S TYPE C,,,,,,5 PCS,,,
001034,KABEL DATA FOOMEE DT10S MIKRO,,,,,,,,,
001035,KABEL DATA FOOMEE NP10,3 PCS,,4 PCS,,,,0 PCS,5 PCS,
001037,KABEL DATA FOOMEE NY10S,0 PCS,0 PCS,0 PCS,3 PCS,4 PCS,2 PCS,0 PCS,0 PCS,
001038,KABEL DATA FOOMEE NL10,0 PCS,0 PCS,11 PCS,9 PCS,8 PCS,12 PCS,0 PCS,10 PCS,
001067,KABEL DATA FOOMEE NA11 TYPE C,,,0 PCS,1 PCS,,,,,
001068,KABEL DATA FOOMEE NJ10D TYPE C,,0 PCS,,0 PCS,,1 PCS,,,
001423,KABEL DATA FOOMEE FD116L IPHONE 2.4A FAST,2 PCS,,,,,,,,
001424,KABEL DATA FOOMEE NT10E MIKRO,0 PCS,0 PCS,,8 PCS,,39 PCS,0 PCS,19 PCS,
001425,KABEL DATA FOOMEE NA01 MIKRO 2.4A,1 PCS,0 PCS,,,,,,,
001427,KABEL DATA FOOMEE NS09S TYPE C 1M 3A,0 PCS,2 PCS,0 PCS,,,,0 PCS,,
001821,KABEL DATA FOOMEE DB09 TYPCE NEW,1 PCS,1 PCS,,1 PCS,,,,,
001822,KABEL DATA FOOMEE DB09 TYPCE OLD,4 PCS,,,,,,,,
001823,KABEL DATA FOOMEE DD09 MIKRO ELBOW,3 PCS,2 PCS,2 PCS,4 PCS,1 PCS,,,,
001824,KABEL DATA FOOMEE MR101M MIKRO,2 PCS,,,,,,,,
001893,KABEL DATA FOOMEE NT13-C,0 PCS,3 PCS,,,,,,,
001894,KABEL DATA FOOMEE NT13-L IPHONE,0 PCS,15 PCS,,,,,,,
001895,KABEL DATA FOOMEE NT13-M MIKRO,0 PCS,,,,,,,5 PCS,
001927,KABEL DATA FOOMEE NH10D MIKRO,0 PCS,,,,2 PCS,,,,
002248,KABEL DATA FOOMEE NP10S,,0 PCS,,8 PCS,,,,,
002249,KABEL DATA FOOMEE NA10D,,,7 PCS,,,5 PCS,,,
,,,,,Bee Accounting,,,,,,,,
,15/09/2026,,,,,,,,
Kode Item,Nama Item,ALFA 1 (C),ALFA 2 (C),ALFA 3 (C),ALFA 4 (C),ALFA 5 (C),ALFA 6 (C),ALFA 7 ,ASBER 1 (C),
002260,KABEL DATA FOOMEE FD116M 2.4A,,,,,,,,,
002605,KABEL DATA FOOMEE NK11,,0 PCS,,,,,,,
002608,KABEL FOOMEE FD101,,0 PCS,,,,,,,
TOTAL,16.00,23.00,27.00,46.00,36.00,68.00,0.00,57.00,
Kode Item,Nama Item,ASBER 2 (C),BK7 ,BUNISARI ,CISA (C),CK (C),DM (C),Gudang,PC 3 (A),
001032,KABEL DATA FOOMEE NT10X,,,2 PCS,,,0 PCS,0 PCS,2 PCS,
001033,KABEL DATA FOOMEE NK10S TYPE C,,,,,1 PCS,0 PCS,0 PCS,,
001034,KABEL DATA FOOMEE DT10S MIKRO,,,,,2 PCS,2 PCS,0 PCS,,
001035,KABEL DATA FOOMEE NP10,2 PCS,,4 PCS,,1 PCS,0 PCS,0 PCS,,
001037,KABEL DATA FOOMEE NY10S,0 PCS,,2 PCS,0 PCS,1 PCS,0 PCS,0 PCS,1 PCS,
001038,KABEL DATA FOOMEE NL10,10 PCS,,9 PCS,2 PCS,8 PCS,11 PCS,0 PCS,3 PCS,
001067,KABEL DATA FOOMEE NA11 TYPE C,1 PCS,,,,2 PCS,0 PCS,0 PCS,,
001068,KABEL DATA FOOMEE NJ10D TYPE C,,,0 PCS,,1 PCS,0 PCS,0 PCS,,
001423,KABEL DATA FOOMEE FD116L IPHONE 2.4A FAST,,,1 PCS,,,0 PCS,0 PCS,,
001424,KABEL DATA FOOMEE NT10E MIKRO,11 PCS,,0 PCS,,1 PCS,0 PCS,0 PCS,,
001425,KABEL DATA FOOMEE NA01 MIKRO 2.4A,,,0 PCS,0 PCS,,0 PCS,0 PCS,,
001427,KABEL DATA FOOMEE NS09S TYPE C 1M 3A,,,0 PCS,0 PCS,,0 PCS,0 PCS,,
001821,KABEL DATA FOOMEE DB09 TYPCE NEW,,1 PCS,0 PCS,,,0 PCS,0 PCS,,
001822,KABEL DATA FOOMEE DB09 TYPCE OLD,,,0 PCS,,,0 PCS,0 PCS,,
001823,KABEL DATA FOOMEE DD09 MIKRO ELBOW,,,4 PCS,,4 PCS,0 PCS,0 PCS,,
001824,KABEL DATA FOOMEE MR101M MIKRO,,,0 PCS,,,0 PCS,0 PCS,,
001893,KABEL DATA FOOMEE NT13-C,,,1 PCS,,,0 PCS,0 PCS,,
001894,KABEL DATA FOOMEE NT13-L IPHONE,,,6 PCS,,,0 PCS,0 PCS,,
001895,KABEL DATA FOOMEE NT13-M MIKRO,,,3 PCS,,,0 PCS,0 PCS,,
001927,KABEL DATA FOOMEE NH10D MIKRO,,3 PCS,0 PCS,,,0 PCS,0 PCS,,
002248,KABEL DATA FOOMEE NP10S,1 PCS,,,,,,0 PCS,,
,,,,Bee Accounting,,,,,,,,
,15/09/2026,,,,,,,
Kode Item,Nama Item,ASBER 2 (C),BK7 ,BUNISARI ,CISA (C),CK (C),DM (C),Gudang,PC 3 (A),
002249,KABEL DATA FOOMEE NA10D,2 PCS,,,,,,,,
002260,KABEL DATA FOOMEE FD116M 2.4A,,1 PCS,,,,,,,
002605,KABEL DATA FOOMEE NK11,,,,,,,,,
002608,KABEL FOOMEE FD101,,,,,,,,,
TOTAL,27.00,5.00,32.00,2.00,21.00,13.00,0.00,6.00,
Kode Item,Nama Item,PC 4 (C),PC 5 (C),PD 1 (C),PD 2 (C),RK (C),SA (C),SS (C),TOTAL,
001032,KABEL DATA FOOMEE NT10X,3 PCS,0 PCS,4 PCS,,6 PCS,0 PCS,,75 PCS,
001033,KABEL DATA FOOMEE NK10S TYPE C,6 PCS,,1 PCS,,0 PCS,,,13 PCS,
001034,KABEL DATA FOOMEE DT10S MIKRO,,,,,,,0 PCS,4 PCS,
001035,KABEL DATA FOOMEE NP10,,0 PCS,,,,,,19 PCS,
001037,KABEL DATA FOOMEE NY10S,4 PCS,0 PCS,2 PCS,0 PCS,0 PCS,1 PCS,0 PCS,20 PCS,
001038,KABEL DATA FOOMEE NL10,20 PCS,0 PCS,,,10 PCS,,1 PCS,124 PCS,
001067,KABEL DATA FOOMEE NA11 TYPE C,,,,,,,,4 PCS,
001068,KABEL DATA FOOMEE NJ10D TYPE C,,,,,6 PCS,,,8 PCS,
001423,KABEL DATA FOOMEE FD116L IPHONE 2.4A FAST,,0 PCS,,,,,2 PCS,5 PCS,
001424,KABEL DATA FOOMEE NT10E MIKRO,9 PCS,0 PCS,,,26 PCS,,,113 PCS,
001425,KABEL DATA FOOMEE NA01 MIKRO 2.4A,,0 PCS,,,1 PCS,,,2 PCS,
001427,KABEL DATA FOOMEE NS09S TYPE C 1M 3A,,0 PCS,,,2 PCS,,,4 PCS,
001821,KABEL DATA FOOMEE DB09 TYPCE NEW,,0 PCS,,1 PCS,,,,5 PCS,
001822,KABEL DATA FOOMEE DB09 TYPCE OLD,,0 PCS,,3 PCS,,,,7 PCS,
001823,KABEL DATA FOOMEE DD09 MIKRO ELBOW,,0 PCS,,3 PCS,5 PCS,,4 PCS,32 PCS,
001824,KABEL DATA FOOMEE MR101M MIKRO,,0 PCS,,,,,,2 PCS,
001893,KABEL DATA FOOMEE NT13-C,,0 PCS,,0 PCS,,,,4 PCS,
001894,KABEL DATA FOOMEE NT13-L IPHONE,,0 PCS,,,,0 PCS,,21 PCS,
001895,KABEL DATA FOOMEE NT13-M MIKRO,,0 PCS,,0 PCS,,,,8 PCS,
001927,KABEL DATA FOOMEE NH10D MIKRO,,0 PCS,,,2 PCS,,,7 PCS,
,,,,Bee Accounting,,,,,,,,
,15/09/2026,,,,,,,
Kode Item,Nama Item,PC 4 (C),PC 5 (C),PD 1 (C),PD 2 (C),RK (C),SA (C),SS (C),TOTAL,
002248,KABEL DATA FOOMEE NP10S,2 PCS,,1 PCS,,0 PCS,,,12 PCS,
002249,KABEL DATA FOOMEE NA10D,,,,,2 PCS,,,16 PCS,
002260,KABEL DATA FOOMEE FD116M 2.4A,,,,,,,,1 PCS,
002605,KABEL DATA FOOMEE NK11,,,,,,,,0 PCS,
002608,KABEL FOOMEE FD101,,,,,,,,0 PCS,
TOTAL,44.00,0.00,8.00,7.00,60.00,1.00,7.00,506.00,
,Merk,Model,,,,,,,,,
,INFINIX,CASE HP,,,,,,,,,
Kode Item,Nama Item,ALFA 1 (C),ALFA 2 (C),ALFA 3 (C),ALFA 5 (C),ASBER 2 (C),CISA (C),CK (C),DM (C),
001151,DOVE INFINIX HOT 10,2 PCS,3 PCS,3 PCS,3 PCS,0 PCS,2 PCS,0 PCS,2 PCS,
TOTAL,2.00,3.00,3.00,3.00,0.00,2.00,0.00,2.00,
Kode Item,Nama Item,Gudang,PC 3 (A),PC 5 (C),PD 2 (C),TOTAL,,,,,
001151,DOVE INFINIX HOT 10,0 PCS,0 PCS,2 PCS,0 PCS,17 PCS,,,,,
TOTAL,0.00,0.00,2.00,0.00,17.00,,,,,
,Merk,Model,,,,,,,,,
,INFINIX,CASING DOVE,,,,,,,,,
Kode Item,Nama Item,ALFA 1 (C),ALFA 2 (C),ALFA 3 (C),ALFA 5 (C),ASBER 2 (C),BUNISARI ,CISA (C),CK (C),
001152,DOVE INFINIX HOT 9,0 PCS,5 PCS,3 PCS,5 PCS,1 PCS,,4 PCS,0 PCS,
001153,DOVE INFINIX HOT 9 PLAY/10 PLAY/11 PLAY,,,,,,,,,
001519,DOVE INFINIX HOT 10S,1 PCS,4 PCS,,,,0 PCS,,,
001520,DOVE INFINIX HOT 11,3 PCS,5 PCS,4 PCS,5 PCS,1 PCS,0 PCS,2 PCS,0 PCS,
TOTAL,4.00,14.00,7.00,10.00,2.00,0.00,6.00,0.00,
Kode Item,Nama Item,DM (C),Gudang,PC 3 (A),PC 5 (C),PD 1 (C),PD 2 (C),TOTAL,,
001152,DOVE INFINIX HOT 9,1 PCS,0 PCS,1 PCS,2 PCS,2 PCS,1 PCS,25 PCS,,
001153,DOVE INFINIX HOT 9 PLAY/10 PLAY/11 PLAY,2 PCS,0 PCS,0 PCS,,,,2 PCS,,
001519,DOVE INFINIX HOT 10S,0 PCS,0 PCS,,2 PCS,,,7 PCS,,
001520,DOVE INFINIX HOT 11,0 PCS,0 PCS,2 PCS,5 PCS,2 PCS,1 PCS,30 PCS,,
TOTAL,3.00,0.00,3.00,9.00,4.00,2.00,64.00,,
,Merk,Model,,,,,,,,,
,INFINIX,CASING MOTIF,,,,,,,,,
,,,,,Bee Accounting,,,,,,,,
,15/09/2026,,,,,,,,
Kode Item,Nama Item,ALFA 1 (C),BUNISARI ,DM (C),Gudang,PC 5 (C),PD 1 (C),TOTAL,,
001446,CASE MOTIF SS077 INFINIX SMART 6,0 PCS,0 PCS,0 PCS,0 PCS,0 PCS,1 PCS,1 PCS,,
TOTAL,0.00,0.00,0.00,0.00,0.00,1.00,1.00,,
,Merk,Model,,,,,,,,,
,INFINIX,CM,,,,,,,,,
Kode Item,Nama Item,ALFA 1 (C),ALFA 2 (C),ALFA 3 (C),ALFA 5 (C),ASBER 2 (C),BUNISARI ,CISA (C),CK (C),
001448,CM INFINIX HOT 10,3 PCS,2 PCS,1 PCS,0 PCS,1 PCS,0 PCS,0 PCS,,
001449,CM INFINIX HOT 10S,0 PCS,,,,0 PCS,0 PCS,1 PCS,,
001450,CM INFINIX HOT 11,0 PCS,4 PCS,,,,0 PCS,,,
001451,CM INFINIX HOT 12,0 PCS,2 PCS,,0 PCS,,0 PCS,,,
001452,CM INFINIX HOT 12 PLAY,0 PCS,3 PCS,,,,0 PCS,,,
001453,CM INFINIX HOT 9,0 PCS,4 PCS,,,,0 PCS,,,
001454,CM INFINIX SMART 6,0 PCS,1 PCS,1 PCS,,,0 PCS,,,
002037,CM INFINIX HOT 9 PLAY/10 PLAY/11 PLAY,0 PCS,0 PCS,0 PCS,0 PCS,0 PCS,1 PCS,,0 PCS,
TOTAL,3.00,16.00,2.00,0.00,1.00,1.00,1.00,0.00,
Kode Item,Nama Item,DM (C),Gudang,PC 3 (A),PC 5 (C),PD 1 (C),TOTAL,,,
001448,CM INFINIX HOT 10,0 PCS,0 PCS,1 PCS,2 PCS,,10 PCS,,,
001449,CM INFINIX HOT 10S,0 PCS,0 PCS,,1 PCS,,2 PCS,,,
001450,CM INFINIX HOT 11,0 PCS,0 PCS,,0 PCS,,4 PCS,,,
001451,CM INFINIX HOT 12,0 PCS,0 PCS,,3 PCS,,5 PCS,,,
001452,CM INFINIX HOT 12 PLAY,0 PCS,0 PCS,,0 PCS,,3 PCS,,,
001453,CM INFINIX HOT 9,0 PCS,0 PCS,3 PCS,0 PCS,,7 PCS,,,
001454,CM INFINIX SMART 6,0 PCS,0 PCS,,1 PCS,,3 PCS,,,
002037,CM INFINIX HOT 9 PLAY/10 PLAY/11 PLAY,0 PCS,0 PCS,2 PCS,0 PCS,1 PCS,4 PCS,,,
TOTAL,0.00,0.00,6.00,7.00,1.00,38.00,,,
,Merk,Model,,,,,,,,,
,INFINIX,SAC,,,,,,,,,
Kode Item,Nama Item,ALFA 1 (C),ALFA 2 (C),ALFA 3 (C),ALFA 5 (C),ASBER 2 (C),BUNISARI ,CISA (C),CK (C),
001215,SAC INFINIX HOT 9,0 PCS,5 PCS,5 PCS,3 PCS,4 PCS,,4 PCS,0 PCS,
001583,SAC INFINIX HOT 11,0 PCS,,,,,0 PCS,,,
TOTAL,0.00,5.00,5.00,3.00,4.00,0.00,4.00,0.00,
,,,,,Bee Accounting,,,,,,,,
,15/09/2026,,,,,,,,
Kode Item,Nama Item,DM (C),Gudang,PC 3 (A),PC 5 (C),PD 1 (C),PD 2 (C),TOTAL,,
001215,SAC INFINIX HOT 9,2 PCS,0 PCS,4 PCS,4 PCS,,,31 PCS,,
001583,SAC INFINIX HOT 11,0 PCS,0 PCS,3 PCS,3 PCS,2 PCS,2 PCS,10 PCS,,
TOTAL,2.00,0.00,7.00,7.00,2.00,2.00,41.00,,
,Merk,Model,,,,,,,,,
,INFINIX,TGB,,,,,,,,,
Kode Item,Nama Item,ALFA 1 (C),ALFA 2 (C),ALFA 3 (C),ALFA 4 (C),ALFA 5 (C),ALFA 6 (C),ALFA 7 ,ASBER 1 (C),
001281,TGB INFINIX HOT 9 PLAY/10 PLAY/11 PLAY,2 PCS,0 PCS,0 PCS,1 PCS,0 PCS,2 PCS,,3 PCS,
001621,TGB INFINIX HOT 10,1 PCS,,2 PCS,,0 PCS,,,,
001622,TGB INFINIX HOT 12 PLAY,2 PCS,,2 PCS,0 PCS,0 PCS,,,,
001623,TGB INFINIX HOT 9/NOTE 7 LITE,6 PCS,0 PCS,1 PCS,2 PCS,0 PCS,1 PCS,0 PCS,3 PCS,
001847,TGB INFINIX HOT 11,1 PCS,,,,,,,,
002294,TGB INFINX HOT 9/NOTE 7 LITE,,,,,,,,,
002300,TGB INFINIX HOT 12,6 PCS,0 PCS,2 PCS,3 PCS,1 PCS,6 PCS,2 PCS,5 PCS,
002301,TGB INFINIX HOT 12 PRO,0 PCS,1 PCS,4 PCS,2 PCS,0 PCS,3 PCS,1 PCS,3 PCS,
TOTAL,18.00,1.00,11.00,8.00,1.00,12.00,3.00,14.00,
Kode Item,Nama Item,ASBER 2 (C),BK CIJAMBE ,BK JH1 ,BK JH2 (C),BK6 ,BK7 ,BK8 BAKSAR ,BKC ,
001281,TGB INFINIX HOT 9 PLAY/10 PLAY/11 PLAY,1 PCS,3 PCS,3 PCS,6 PCS,2 PCS,1 PCS,,2 PCS,
001621,TGB INFINIX HOT 10,,,,,,,,,
001622,TGB INFINIX HOT 12 PLAY,,,,,,,,,
001623,TGB INFINIX HOT 9/NOTE 7 LITE,2 PCS,5 PCS,3 PCS,5 PCS,2 PCS,1 PCS,2 PCS,,
001847,TGB INFINIX HOT 11,,,,,,,,,
002294,TGB INFINX HOT 9/NOTE 7 LITE,1 PCS,,,,,,,,
002300,TGB INFINIX HOT 12,5 PCS,5 PCS,3 PCS,6 PCS,2 PCS,1 PCS,2 PCS,4 PCS,
002301,TGB INFINIX HOT 12 PRO,4 PCS,4 PCS,2 PCS,6 PCS,2 PCS,1 PCS,0 PCS,5 PCS,
TOTAL,13.00,17.00,11.00,23.00,8.00,4.00,4.00,11.00,
Kode Item,Nama Item,BUNISARI ,CICUKANG ,CIKADUT 2,CIPAGALO ,CISA (C),CK (C),CL 1 ,CL 2 ,
001281,TGB INFINIX HOT 9 PLAY/10 PLAY/11 PLAY,0 PCS,1 PCS,,2 PCS,1 PCS,0 PCS,,2 PCS,
001621,TGB INFINIX HOT 10,0 PCS,,,,,,,,
001622,TGB INFINIX HOT 12 PLAY,0 PCS,,,,0 PCS,,,,
001623,TGB INFINIX HOT 9/NOTE 7 LITE,3 PCS,2 PCS,2 PCS,2 PCS,5 PCS,0 PCS,,2 PCS,
001847,TGB INFINIX HOT 11,0 PCS,,,,,,,,
,,,,,Bee Accounting,,,,,,,,
,15/09/2026,,,,,,,,
Kode Item,Nama Item,BUNISARI ,CICUKANG ,CIKADUT 2,CIPAGALO ,CISA (C),CK (C),CL 1 ,CL 2 ,
002294,TGB INFINX HOT 9/NOTE 7 LITE,,,,,,,,,
002300,TGB INFINIX HOT 12,4 PCS,2 PCS,2 PCS,2 PCS,5 PCS,3 PCS,2 PCS,2 PCS,
002301,TGB INFINIX HOT 12 PRO,3 PCS,2 PCS,,2 PCS,5 PCS,1 PCS,2 PCS,2 PCS,
TOTAL,10.00,7.00,4.00,8.00,16.00,4.00,4.00,8.00,
Kode Item,Nama Item,CL 3 ,DM (C),Gudang,PC 3 (A),PC 4 (C),PC 5 (C),PD 1 (C),PD 2 (C),
001281,TGB INFINIX HOT 9 PLAY/10 PLAY/11 PLAY,2 PCS,7 PCS,0 PCS,0 PCS,5 PCS,4 PCS,5 PCS,4 PCS,
001621,TGB INFINIX HOT 10,,0 PCS,0 PCS,0 PCS,,0 PCS,,,
001622,TGB INFINIX HOT 12 PLAY,,0 PCS,0 PCS,2 PCS,,3 PCS,,,
001623,TGB INFINIX HOT 9/NOTE 7 LITE,,6 PCS,0 PCS,8 PCS,6 PCS,10 PCS,4 PCS,5 PCS,
001847,TGB INFINIX HOT 11,,0 PCS,0 PCS,,,0 PCS,,,
002294,TGB INFINX HOT 9/NOTE 7 LITE,,,,,,,,,
002300,TGB INFINIX HOT 12,2 PCS,6 PCS,0 PCS,6 PCS,4 PCS,4 PCS,4 PCS,5 PCS,
002301,TGB INFINIX HOT 12 PRO,2 PCS,4 PCS,0 PCS,4 PCS,5 PCS,4 PCS,4 PCS,6 PCS,
TOTAL,6.00,23.00,0.00,20.00,20.00,25.00,17.00,20.00,
Kode Item,Nama Item,RK (C),SA (C),SS (C),TOTAL,,,,,,
001281,TGB INFINIX HOT 9 PLAY/10 PLAY/11 PLAY,2 PCS,1 PCS,1 PCS,63 PCS,,,,,,
001621,TGB INFINIX HOT 10,,,,3 PCS,,,,,,
001622,TGB INFINIX HOT 12 PLAY,,,,9 PCS,,,,,,
001623,TGB INFINIX HOT 9/NOTE 7 LITE,6 PCS,2 PCS,4 PCS,100 PCS,,,,,,
001847,TGB INFINIX HOT 11,,,,1 PCS,,,,,,
002294,TGB INFINX HOT 9/NOTE 7 LITE,,,,1 PCS,,,,,,
002300,TGB INFINIX HOT 12,4 PCS,1 PCS,4 PCS,115 PCS,,,,,,
002301,TGB INFINIX HOT 12 PRO,4 PCS,0 PCS,0 PCS,88 PCS,,,,,,
TOTAL,16.00,4.00,9.00,380.00,,,,,,
,Merk,Model,,,,,,,,,
,INFINIX,TGC,,,,,,,,,
Kode Item,Nama Item,ALFA 1 (C),ALFA 2 (C),ALFA 3 (C),ALFA 4 (C),ALFA 5 (C),ALFA 6 (C),ALFA 7 ,ASBER 1 (C),
001683,TGC INFINIX HOT 12,9 PCS,0 PCS,4 PCS,2 PCS,1 PCS,6 PCS,1 PCS,6 PCS,
001684,TGC INFINIX HOT 9/NOTE 7 LITE,5 PCS,5 PCS,4 PCS,3 PCS,0 PCS,5 PCS,2 PCS,6 PCS,
001685,TGC INFINIX HOT 9 PLAY/10 PLAY/11PLAY,2 PCS,3 PCS,2 PCS,1 PCS,0 PCS,4 PCS,1 PCS,4 PCS,
001867,TGC INFINIX HOT 9/NOTE 7 LITE,1 PCS,2 PCS,3 PCS,,0 PCS,,,,
,,,,,Bee Accounting,,,,,,,,
,15/09/2026,,,,,,,,
Kode Item,Nama Item,ALFA 1 (C),ALFA 2 (C),ALFA 3 (C),ALFA 4 (C),ALFA 5 (C),ALFA 6 (C),ALFA 7 ,ASBER 1 (C),
001962,TGC INFINIX HOT 10,0 PCS,,2 PCS,,0 PCS,,,,
001963,TGC INFINIX HOT 12 PLAY,0 PCS,,2 PCS,,1 PCS,,,,
002275,TGC INFINIX HOT 9 PLAY/10 PLAY/11 PLAY,,,,1 PCS,,,,,
002313,TGC INFINIX HOT 12 PRO,5 PCS,1 PCS,3 PCS,2 PCS,3 PCS,0 PCS,,4 PCS,
003005,TGC INFINIX SMART 4/5/6,0 PCS,0 PCS,0 PCS,0 PCS,0 PCS,0 PCS,,0 PCS,
003031,TGC INFINIX HOT 11,,,2 PCS,,,,,,
TOTAL,22.00,11.00,22.00,9.00,5.00,15.00,4.00,20.00,
Kode Item,Nama Item,ASBER 2 (C),BK CIJAMBE ,BK JH1 ,BK JH2 (C),BK6 ,BK7 ,BK8 BAKSAR ,BKC ,
001683,TGC INFINIX HOT 12,6 PCS,6 PCS,3 PCS,4 PCS,2 PCS,4 PCS,2 PCS,5 PCS,
001684,TGC INFINIX HOT 9/NOTE 7 LITE,1 PCS,6 PCS,2 PCS,6 PCS,2 PCS,2 PCS,2 PCS,6 PCS,
001685,TGC INFINIX HOT 9 PLAY/10 PLAY/11PLAY,4 PCS,6 PCS,1 PCS,6 PCS,2 PCS,4 PCS,1 PCS,4 PCS,
001867,TGC INFINIX HOT 9/NOTE 7 LITE,,,,,,,,,
001962,TGC INFINIX HOT 10,,,,,,,,,
001963,TGC INFINIX HOT 12 PLAY,2 PCS,,,,,,,,
002275,TGC INFINIX HOT 9 PLAY/10 PLAY/11 PLAY,,,,,,,,,
002313,TGC INFINIX HOT 12 PRO,0 PCS,6 PCS,0 PCS,5 PCS,2 PCS,3 PCS,2 PCS,5 PCS,
003005,TGC INFINIX SMART 4/5/6,0 PCS,0 PCS,0 PCS,0 PCS,,0 PCS,,0 PCS,
003031,TGC INFINIX HOT 11,,,,,,,,,
TOTAL,13.00,24.00,6.00,21.00,8.00,13.00,7.00,20.00,
Kode Item,Nama Item,BUNISARI ,CICUKANG ,CIKADUT 2,CIPAGALO ,CISA (C),CK (C),CL 1 ,CL 2 ,
001683,TGC INFINIX HOT 12,6 PCS,2 PCS,2 PCS,2 PCS,4 PCS,5 PCS,2 PCS,2 PCS,
001684,TGC INFINIX HOT 9/NOTE 7 LITE,5 PCS,2 PCS,,2 PCS,4 PCS,3 PCS,2 PCS,2 PCS,
001685,TGC INFINIX HOT 9 PLAY/10 PLAY/11PLAY,5 PCS,2 PCS,,2 PCS,1 PCS,1 PCS,2 PCS,2 PCS,
001867,TGC INFINIX HOT 9/NOTE 7 LITE,0 PCS,,,,2 PCS,,,,
001962,TGC INFINIX HOT 10,0 PCS,,,,1 PCS,,,,
001963,TGC INFINIX HOT 12 PLAY,0 PCS,,,,2 PCS,,,,
002275,TGC INFINIX HOT 9 PLAY/10 PLAY/11 PLAY,,,,,,,,,
002313,TGC INFINIX HOT 12 PRO,2 PCS,2 PCS,,2 PCS,4 PCS,1 PCS,2 PCS,2 PCS,
003005,TGC INFINIX SMART 4/5/6,0 PCS,,,,0 PCS,0 PCS,,,
003031,TGC INFINIX HOT 11,,,,,0 PCS,,,,
TOTAL,18.00,8.00,2.00,8.00,18.00,10.00,8.00,8.00,
,,,,Bee Accounting,,,,,,,,
,15/09/2026,,,,,,,
Kode Item,Nama Item,CL 3 ,DM (C),GUDANG ,Gudang,PC 3 (A),PC 4 (C),PC 5 (C),PD 1 (C),
001683,TGC INFINIX HOT 12,2 PCS,4 PCS,,0 PCS,6 PCS,6 PCS,6 PCS,3 PCS,
001684,TGC INFINIX HOT 9/NOTE 7 LITE,2 PCS,4 PCS,,0 PCS,6 PCS,6 PCS,7 PCS,3 PCS,
001685,TGC INFINIX HOT 9 PLAY/10 PLAY/11PLAY,2 PCS,5 PCS,,0 PCS,5 PCS,4 PCS,7 PCS,3 PCS,
001867,TGC INFINIX HOT 9/NOTE 7 LITE,,0 PCS,,0 PCS,,,0 PCS,,
001962,TGC INFINIX HOT 10,,0 PCS,,0 PCS,,,0 PCS,,
001963,TGC INFINIX HOT 12 PLAY,,0 PCS,,0 PCS,,,0 PCS,,
002275,TGC INFINIX HOT 9 PLAY/10 PLAY/11 PLAY,,,,,,,,,
002313,TGC INFINIX HOT 12 PRO,2 PCS,4 PCS,,0 PCS,0 PCS,6 PCS,3 PCS,1 PCS,
003005,TGC INFINIX SMART 4/5/6,,0 PCS,0 PCS,0 PCS,1 PCS,0 PCS,0 PCS,0 PCS,
003031,TGC INFINIX HOT 11,,,,,,,,,
TOTAL,8.00,17.00,0.00,0.00,18.00,22.00,23.00,10.00,
Kode Item,Nama Item,PD 2 (C),RK (C),SA (C),SS (C),TOTAL,,,,,
001683,TGC INFINIX HOT 12,6 PCS,5 PCS,2 PCS,3 PCS,129 PCS,,,,,
001684,TGC INFINIX HOT 9/NOTE 7 LITE,4 PCS,5 PCS,2 PCS,3 PCS,119 PCS,,,,,
001685,TGC INFINIX HOT 9 PLAY/10 PLAY/11PLAY,0 PCS,6 PCS,1 PCS,1 PCS,94 PCS,,,,,
001867,TGC INFINIX HOT 9/NOTE 7 LITE,,,,,8 PCS,,,,,
001962,TGC INFINIX HOT 10,,,,,3 PCS,,,,,
001963,TGC INFINIX HOT 12 PLAY,,,,,7 PCS,,,,,
002275,TGC INFINIX HOT 9 PLAY/10 PLAY/11 PLAY,,,,,1 PCS,,,,,
002313,TGC INFINIX HOT 12 PRO,2 PCS,6 PCS,2 PCS,1 PCS,83 PCS,,,,,
003005,TGC INFINIX SMART 4/5/6,0 PCS,0 PCS,0 PCS,0 PCS,1 PCS,,,,,
003031,TGC INFINIX HOT 11,,,,,2 PCS,,,,,
TOTAL,12.00,22.00,7.00,8.00,447.00,,,,,
,Merk,Model,,,,,,,,,
,INFINIX,TGCS,,,,,,,,,
Kode Item,Nama Item,ALFA 1 (C),ALFA 2 (C),ALFA 3 (C),ALFA 4 (C),ALFA 5 (C),ALFA 6 (C),ASBER 1 (C),ASBER 2 (C),
001718,TGCS INFINIX HOT 9 PLAY/10 PLAY/11 PLAY,0 PCS,1 PCS,2 PCS,1 PCS,2 PCS,0 PCS,1 PCS,0 PCS,
002335,TGCS INFINIX HOT 9/NOTE 7 LITE,0 PCS,1 PCS,2 PCS,1 PCS,2 PCS,2 PCS,2 PCS,1 PCS,
002336,TGCS INFINIX HOT 12,0 PCS,2 PCS,2 PCS,1 PCS,1 PCS,1 PCS,1 PCS,1 PCS,
002337,TGCS INFINIX HOT 12 PRO,0 PCS,0 PCS,2 PCS,1 PCS,2 PCS,0 PCS,1 PCS,1 PCS,
TOTAL,0.00,4.00,8.00,4.00,7.00,3.00,5.00,3.00,
,,,,,Bee Accounting,,,,,,,,
,15/09/2026,,,,,,,,
Kode Item,Nama Item,BK CIJAMBE ,BK JH1 ,BK JH2 (C),BK6 ,BK7 ,BK8 BAKSAR ,BKC ,BUNISARI ,
001718,TGCS INFINIX HOT 9 PLAY/10 PLAY/11 PLAY,2 PCS,1 PCS,1 PCS,1 PCS,,2 PCS,,2 PCS,
002335,TGCS INFINIX HOT 9/NOTE 7 LITE,2 PCS,1 PCS,2 PCS,1 PCS,1 PCS,,2 PCS,2 PCS,
002336,TGCS INFINIX HOT 12,2 PCS,0 PCS,0 PCS,1 PCS,1 PCS,,1 PCS,2 PCS,
002337,TGCS INFINIX HOT 12 PRO,2 PCS,0 PCS,2 PCS,,1 PCS,,0 PCS,1 PCS,
TOTAL,8.00,2.00,5.00,3.00,3.00,2.00,3.00,7.00,
Kode Item,Nama Item,CICUKANG ,CIKADUT 2,CIPAGALO ,CISA (C),CK (C),CL 1 ,CL 2 ,CL 3 ,
001718,TGCS INFINIX HOT 9 PLAY/10 PLAY/11 PLAY,1 PCS,1 PCS,1 PCS,0 PCS,2 PCS,,1 PCS,1 PCS,
002335,TGCS INFINIX HOT 9/NOTE 7 LITE,1 PCS,1 PCS,,2 PCS,2 PCS,1 PCS,1 PCS,1 PCS,
002336,TGCS INFINIX HOT 12,1 PCS,,1 PCS,2 PCS,0 PCS,1 PCS,1 PCS,1 PCS,
002337,TGCS INFINIX HOT 12 PRO,1 PCS,,,0 PCS,0 PCS,1 PCS,1 PCS,1 PCS,
TOTAL,4.00,2.00,2.00,4.00,4.00,3.00,4.00,4.00,
Kode Item,Nama Item,DM (C),Gudang,PC 3 (A),PC 4 (C),PC 5 (C),PD 1 (C),PD 2 (C),RK (C),
001718,TGCS INFINIX HOT 9 PLAY/10 PLAY/11 PLAY,2 PCS,0 PCS,3 PCS,2 PCS,1 PCS,0 PCS,2 PCS,0 PCS,
002335,TGCS INFINIX HOT 9/NOTE 7 LITE,2 PCS,0 PCS,2 PCS,2 PCS,1 PCS,1 PCS,2 PCS,1 PCS,
002336,TGCS INFINIX HOT 12,2 PCS,0 PCS,2 PCS,2 PCS,1 PCS,1 PCS,2 PCS,1 PCS,
002337,TGCS INFINIX HOT 12 PRO,1 PCS,0 PCS,1 PCS,1 PCS,0 PCS,0 PCS,1 PCS,1 PCS,
TOTAL,7.00,0.00,8.00,7.00,3.00,2.00,7.00,3.00,
Kode Item,Nama Item,SA (C),SS (C),TOTAL,,,,,,,
001718,TGCS INFINIX HOT 9 PLAY/10 PLAY/11 PLAY,1 PCS,1 PCS,35 PCS,,,,,,,
002335,TGCS INFINIX HOT 9/NOTE 7 LITE,1 PCS,1 PCS,44 PCS,,,,,,,
002336,TGCS INFINIX HOT 12,1 PCS,1 PCS,36 PCS,,,,,,,
002337,TGCS INFINIX HOT 12 PRO,1 PCS,1 PCS,24 PCS,,,,,,,
TOTAL,4.00,4.00,139.00,,,,,,,
,Merk,Model,,,,,,,,,
,INFINIX,TGF,,,,,,,,,
Kode Item,Nama Item,ALFA 1 (C),ALFA 2 (C),ALFA 3 (C),ALFA 4 (C),ALFA 5 (C),ALFA 6 (C),ALFA 7 ,ASBER 1 (C),
001322,TGF INFINIX HOT 9 PLAY/10 PLAY/11 PLAY,6 PCS,8 PCS,6 PCS,2 PCS,4 PCS,4 PCS,,3 PCS,
001766,TGF INFINIX HOT 10,0 PCS,1 PCS,1 PCS,,0 PCS,,,,
001767,TGF INFINIX HOT 10,1 PCS,,,,0 PCS,,,,
001768,TGF INFINIX HOT 9/NOTE 7 LITE,7 PCS,6 PCS,7 PCS,2 PCS,6 PCS,6 PCS,2 PCS,4 PCS,
,,,,,Bee Accounting,,,,,,,,
,15/09/2026,,,,,,,,
Kode Item,Nama Item,ALFA 1 (C),ALFA 2 (C),ALFA 3 (C),ALFA 4 (C),ALFA 5 (C),ALFA 6 (C),ALFA 7 ,ASBER 1 (C),
001876,TGF INFINIX HOT 11,0 PCS,1 PCS,,,,,,,
001877,TGF INFINIX HOT 12 PLAY,0 PCS,3 PCS,2 PCS,,,,,,
002036,TGF INFINIX HOT 12,5 PCS,10 PCS,8 PCS,1 PCS,9 PCS,6 PCS,2 PCS,4 PCS,
002326,TGF INFINIX HOT 12 PRO,7 PCS,5 PCS,5 PCS,1 PCS,6 PCS,3 PCS,,4 PCS,
003012,TGF INFINIX HOT 9/NOTE 7 LITE,0 PCS,0 PCS,0 PCS,0 PCS,0 PCS,0 PCS,,0 PCS,
003060,TGF INFINIX SMART 4/5/6,0 PCS,3 PCS,0 PCS,0 PCS,0 PCS,0 PCS,,0 PCS,
TOTAL,26.00,37.00,29.00,6.00,25.00,19.00,4.00,15.00,
Kode Item,Nama Item,ASBER 2 (C),BK CIJAMBE ,BK JH1 ,BK JH2 (C),BK6 ,BK7 ,BKC ,BUNISARI ,
001322,TGF INFINIX HOT 9 PLAY/10 PLAY/11 PLAY,6 PCS,6 PCS,2 PCS,8 PCS,2 PCS,4 PCS,5 PCS,0 PCS,
001766,TGF INFINIX HOT 10,,,,,,,,0 PCS,
001767,TGF INFINIX HOT 10,,,,,,,,0 PCS,
001768,TGF INFINIX HOT 9/NOTE 7 LITE,2 PCS,6 PCS,3 PCS,7 PCS,,2 PCS,6 PCS,5 PCS,
001876,TGF INFINIX HOT 11,,,,,,,,0 PCS,
001877,TGF INFINIX HOT 12 PLAY,2 PCS,,,,,,,0 PCS,
002036,TGF INFINIX HOT 12,7 PCS,6 PCS,4 PCS,7 PCS,2 PCS,3 PCS,3 PCS,4 PCS,
002326,TGF INFINIX HOT 12 PRO,5 PCS,5 PCS,2 PCS,4 PCS,2 PCS,3 PCS,6 PCS,0 PCS,
003012,TGF INFINIX HOT 9/NOTE 7 LITE,0 PCS,0 PCS,0 PCS,0 PCS,,0 PCS,0 PCS,0 PCS,
003060,TGF INFINIX SMART 4/5/6,0 PCS,0 PCS,0 PCS,0 PCS,,0 PCS,0 PCS,0 PCS,
TOTAL,22.00,23.00,11.00,26.00,6.00,12.00,20.00,9.00,
Kode Item,Nama Item,CICUKANG ,CISA (C),CK (C),CL 1 ,CL 2 ,CL 3 ,DM (C),GUDANG ,
001322,TGF INFINIX HOT 9 PLAY/10 PLAY/11 PLAY,1 PCS,2 PCS,1 PCS,2 PCS,1 PCS,4 PCS,7 PCS,,
001766,TGF INFINIX HOT 10,,2 PCS,,,,,0 PCS,,
001767,TGF INFINIX HOT 10,,,,,,,0 PCS,,
001768,TGF INFINIX HOT 9/NOTE 7 LITE,2 PCS,2 PCS,2 PCS,0 PCS,2 PCS,2 PCS,3 PCS,,
001876,TGF INFINIX HOT 11,,,,,,,0 PCS,,
001877,TGF INFINIX HOT 12 PLAY,,1 PCS,,,,,0 PCS,,
002036,TGF INFINIX HOT 12,2 PCS,6 PCS,5 PCS,2 PCS,2 PCS,4 PCS,5 PCS,,
002326,TGF INFINIX HOT 12 PRO,1 PCS,1 PCS,1 PCS,2 PCS,2 PCS,4 PCS,2 PCS,,
003012,TGF INFINIX HOT 9/NOTE 7 LITE,,0 PCS,0 PCS,,,,0 PCS,0 PCS,
003060,TGF INFINIX SMART 4/5/6,,0 PCS,0 PCS,,,,0 PCS,0 PCS,
TOTAL,6.00,14.00,9.00,6.00,7.00,14.00,17.00,0.00,
,,,,Bee Accounting,,,,,,,,
,15/09/2026,,,,,,,
Kode Item,Nama Item,Gudang,PC 3 (A),PC 4 (C),PC 5 (C),PD 1 (C),PD 2 (C),RK (C),SA (C),
001322,TGF INFINIX HOT 9 PLAY/10 PLAY/11 PLAY,1 PCS,4 PCS,3 PCS,4 PCS,9 PCS,3 PCS,3 PCS,2 PCS,
001766,TGF INFINIX HOT 10,0 PCS,1 PCS,,0 PCS,,,,,
001767,TGF INFINIX HOT 10,0 PCS,,,2 PCS,,,,,
001768,TGF INFINIX HOT 9/NOTE 7 LITE,0 PCS,4 PCS,5 PCS,2 PCS,6 PCS,6 PCS,4 PCS,2 PCS,
001876,TGF INFINIX HOT 11,0 PCS,,,0 PCS,,,,,
001877,TGF INFINIX HOT 12 PLAY,0 PCS,,,0 PCS,,,,,
002036,TGF INFINIX HOT 12,0 PCS,12 PCS,4 PCS,6 PCS,6 PCS,6 PCS,4 PCS,2 PCS,
002326,TGF INFINIX HOT 12 PRO,1 PCS,1 PCS,5 PCS,1 PCS,6 PCS,6 PCS,2 PCS,1 PCS,
003012,TGF INFINIX HOT 9/NOTE 7 LITE,0 PCS,1 PCS,0 PCS,0 PCS,0 PCS,0 PCS,0 PCS,0 PCS,
003060,TGF INFINIX SMART 4/5/6,0 PCS,0 PCS,0 PCS,0 PCS,0 PCS,0 PCS,0 PCS,0 PCS,
TOTAL,2.00,23.00,17.00,15.00,27.00,21.00,13.00,7.00,
Kode Item,Nama Item,SS (C),TOTAL,,,,,,,,
001322,TGF INFINIX HOT 9 PLAY/10 PLAY/11 PLAY,3 PCS,116 PCS,,,,,,,,
001766,TGF INFINIX HOT 10,,5 PCS,,,,,,,,
001767,TGF INFINIX HOT 10,,3 PCS,,,,,,,,
001768,TGF INFINIX HOT 9/NOTE 7 LITE,4 PCS,117 PCS,,,,,,,,
001876,TGF INFINIX HOT 11,,1 PCS,,,,,,,,
001877,TGF INFINIX HOT 12 PLAY,,8 PCS,,,,,,,,
002036,TGF INFINIX HOT 12,4 PCS,151 PCS,,,,,,,,
002326,TGF INFINIX HOT 12 PRO,4 PCS,98 PCS,,,,,,,,
003012,TGF INFINIX HOT 9/NOTE 7 LITE,0 PCS,1 PCS,,,,,,,,
003060,TGF INFINIX SMART 4/5/6,0 PCS,3 PCS,,,,,,,,
TOTAL,15.00,503.00,,,,,,,,
,Merk,Model,,,,,,,,,
,IPHONE,CASING DOVE,,,,,,,,,
Kode Item,Nama Item,ALFA 1 (C),ALFA 2 (C),ALFA 3 (C),ALFA 4 (C),ALFA 5 (C),ALFA 6 (C),ASBER 1 (C),ASBER 2 (C),
001154,DOVE IPHONE 7/8,,,2 PCS,,5 PCS,,,2 PCS,
001155,DOVE IPHONE 7+/8+,,4 PCS,3 PCS,,1 PCS,,,3 PCS,
001156,DOVE IPHONE XR,,,,,,,,,
001521,DOVE IPHONE 11 PRO,0 PCS,,,,,,,,
001522,DOVE IPHONE 11 PRO MAX,1 PCS,5 PCS,,,,,,,
001523,DOVE IPHONE 12,1 PCS,4 PCS,4 PCS,,3 PCS,,,3 PCS,
001524,DOVE IPHONE 12 PRO MAX,0 PCS,5 PCS,,,,,,,
,,,,,Bee Accounting,,,,,,,,
,15/09/2026,,,,,,,,
Kode Item,Nama Item,ALFA 1 (C),ALFA 2 (C),ALFA 3 (C),ALFA 4 (C),ALFA 5 (C),ALFA 6 (C),ASBER 1 (C),ASBER 2 (C),
001525,DOVE IPHONE 13,1 PCS,3 PCS,0 PCS,,4 PCS,,,3 PCS,
001526,DOVE IPHONE 13 PRO,3 PCS,5 PCS,,,,,,,
001527,DOVE IPHONE 13 PRO MAX,2 PCS,4 PCS,,,,,,,
001528,DOVE IPHONE X,2 PCS,4 PCS,0 PCS,,4 PCS,,,,
003047,DOVE IPHONE 6+,0 PCS,5 PCS,0 PCS,0 PCS,0 PCS,0 PCS,0 PCS,0 PCS,
TOTAL,10.00,39.00,9.00,0.00,17.00,0.00,0.00,11.00,
Kode Item,Nama Item,BK CIJAMBE ,BK JH1 ,BK JH2 (C),BK7 ,BKC ,BUNISARI ,CISA (C),CK (C),
001154,DOVE IPHONE 7/8,,,,,,,,0 PCS,
001155,DOVE IPHONE 7+/8+,,,,,,,0 PCS,1 PCS,
001156,DOVE IPHONE XR,,,,,,,,,
001521,DOVE IPHONE 11 PRO,,,,,,0 PCS,0 PCS,,
001522,DOVE IPHONE 11 PRO MAX,,,,,,0 PCS,,,
001523,DOVE IPHONE 12,,,,,,0 PCS,1 PCS,2 PCS,
001524,DOVE IPHONE 12 PRO MAX,,,,,,0 PCS,,,
001525,DOVE IPHONE 13,,,,,,0 PCS,1 PCS,0 PCS,
001526,DOVE IPHONE 13 PRO,,,,,,0 PCS,,,
001527,DOVE IPHONE 13 PRO MAX,,,,,,0 PCS,,,
001528,DOVE IPHONE X,,,,,,0 PCS,,,
003047,DOVE IPHONE 6+,0 PCS,0 PCS,0 PCS,0 PCS,0 PCS,0 PCS,0 PCS,0 PCS,
TOTAL,0.00,0.00,0.00,0.00,0.00,0.00,2.00,3.00,
Kode Item,Nama Item,DM (C),GUDANG ,Gudang,PC 3 (A),PC 4 (C),PC 5 (C),PD 1 (C),PD 2 (C),
001154,DOVE IPHONE 7/8,2 PCS,,0 PCS,1 PCS,,0 PCS,,,
001155,DOVE IPHONE 7+/8+,2 PCS,,0 PCS,2 PCS,,1 PCS,0 PCS,1 PCS,
001156,DOVE IPHONE XR,2 PCS,,0 PCS,,,,,,
001521,DOVE IPHONE 11 PRO,0 PCS,,0 PCS,3 PCS,,4 PCS,,,
001522,DOVE IPHONE 11 PRO MAX,0 PCS,,0 PCS,3 PCS,,3 PCS,2 PCS,2 PCS,
001523,DOVE IPHONE 12,0 PCS,,1 PCS,3 PCS,,4 PCS,1 PCS,1 PCS,
001524,DOVE IPHONE 12 PRO MAX,0 PCS,,0 PCS,4 PCS,,4 PCS,2 PCS,,
001525,DOVE IPHONE 13,0 PCS,,0 PCS,1 PCS,,0 PCS,,2 PCS,
001526,DOVE IPHONE 13 PRO,0 PCS,,0 PCS,3 PCS,,4 PCS,2 PCS,2 PCS,
001527,DOVE IPHONE 13 PRO MAX,0 PCS,,0 PCS,4 PCS,,5 PCS,1 PCS,,
001528,DOVE IPHONE X,0 PCS,,0 PCS,,,3 PCS,,,
003047,DOVE IPHONE 6+,0 PCS,0 PCS,0 PCS,0 PCS,0 PCS,0 PCS,0 PCS,0 PCS,
,,,,Bee Accounting,,,,,,,,
,15/09/2026,,,,,,,
Kode Item,Nama Item,DM (C),GUDANG ,Gudang,PC 3 (A),PC 4 (C),PC 5 (C),PD 1 (C),PD 2 (C),
TOTAL,6.00,0.00,1.00,24.00,0.00,28.00,8.00,8.00,
Kode Item,Nama Item,RK (C),SA (C),SS (C),TOTAL,,,,,,
001154,DOVE IPHONE 7/8,,,,12 PCS,,,,,,
001155,DOVE IPHONE 7+/8+,,,,18 PCS,,,,,,
001156,DOVE IPHONE XR,,,,2 PCS,,,,,,
001521,DOVE IPHONE 11 PRO,,,,7 PCS,,,,,,
001522,DOVE IPHONE 11 PRO MAX,,,,16 PCS,,,,,,
001523,DOVE IPHONE 12,,,,28 PCS,,,,,,
001524,DOVE IPHONE 12 PRO MAX,,,,15 PCS,,,,,,
001525,DOVE IPHONE 13,,,,15 PCS,,,,,,
001526,DOVE IPHONE 13 PRO,,,,19 PCS,,,,,,
001527,DOVE IPHONE 13 PRO MAX,,,,16 PCS,,,,,,
001528,DOVE IPHONE X,,,,13 PCS,,,,,,
003047,DOVE IPHONE 6+,0 PCS,0 PCS,0 PCS,5 PCS,,,,,,
TOTAL,0.00,0.00,0.00,166.00,,,,,,
,Merk,Model,,,,,,,,,
,IPHONE,CASING MOTIF,,,,,,,,,
Kode Item,Nama Item,ALFA 4 (C),PD 1 (C),TOTAL,,,,,,,
003019,CASE MOTIF SS115 IPHONE 6,1 PCS,0 PCS,1 PCS,,,,,,,
TOTAL,1.00,0.00,1.00,,,,,,,
,Merk,Model,,,,,,,,,
,IPHONE,CM,,,,,,,,,
Kode Item,Nama Item,ALFA 1 (C),ALFA 2 (C),ALFA 3 (C),ALFA 4 (C),ALFA 5 (C),ASBER 2 (C),BUNISARI ,CISA (C),
001455,CM IPHONE 11,0 PCS,2 PCS,2 PCS,1 PCS,,,0 PCS,,
001456,CM IPHONE 11 PRO,0 PCS,2 PCS,,,5 PCS,4 PCS,0 PCS,3 PCS,
001457,CM IPHONE 11 PRO MAX,0 PCS,2 PCS,,,,,0 PCS,,
001458,CM IPHONE 12,0 PCS,2 PCS,,,,,0 PCS,,
001459,CM IPHONE 12 PRO,0 PCS,0 PCS,,,,,0 PCS,,
001460,CM IPHONE 12 PRO MAX,0 PCS,4 PCS,,,,,0 PCS,,
001461,CM IPHONE 13,0 PCS,3 PCS,,,,,0 PCS,,
001462,CM IPHONE 13 PRO,0 PCS,4 PCS,,,,,0 PCS,,
001463,CM IPHONE 13 PRO MAX,0 PCS,4 PCS,,,,,0 PCS,,
001464,CM IPHONE 6,0 PCS,1 PCS,3 PCS,,1 PCS,,1 PCS,,
,,,,,Bee Accounting,,,,,,,,
,15/09/2026,,,,,,,,
Kode Item,Nama Item,ALFA 1 (C),ALFA 2 (C),ALFA 3 (C),ALFA 4 (C),ALFA 5 (C),ASBER 2 (C),BUNISARI ,CISA (C),
001465,CM IPHONE 6+,0 PCS,1 PCS,1 PCS,,,,0 PCS,,
001466,CM IPHONE 7/8,0 PCS,1 PCS,,,,,1 PCS,,
001467,CM IPHONE 7+/8+,0 PCS,1 PCS,,,,,0 PCS,,
001468,CM IPHONE X,0 PCS,2 PCS,,1 PCS,,,0 PCS,,
001469,CM IPHONE XR,0 PCS,,,0 PCS,,,0 PCS,,
TOTAL,0.00,29.00,6.00,2.00,6.00,4.00,2.00,3.00,
Kode Item,Nama Item,DM (C),Gudang,PC 3 (A),PC 5 (C),PD 1 (C),PD 2 (C),SS (C),TOTAL,
001455,CM IPHONE 11,0 PCS,0 PCS,6 PCS,0 PCS,,,,11 PCS,
001456,CM IPHONE 11 PRO,0 PCS,0 PCS,1 PCS,2 PCS,5 PCS,2 PCS,,24 PCS,
001457,CM IPHONE 11 PRO MAX,0 PCS,0 PCS,2 PCS,2 PCS,2 PCS,,,8 PCS,
001458,CM IPHONE 12,0 PCS,0 PCS,,1 PCS,,,,3 PCS,
001459,CM IPHONE 12 PRO,0 PCS,0 PCS,3 PCS,3 PCS,2 PCS,,,8 PCS,
001460,CM IPHONE 12 PRO MAX,0 PCS,0 PCS,2 PCS,2 PCS,,,,8 PCS,
001461,CM IPHONE 13,0 PCS,0 PCS,3 PCS,0 PCS,,,,6 PCS,
001462,CM IPHONE 13 PRO,0 PCS,0 PCS,3 PCS,3 PCS,,,,10 PCS,
001463,CM IPHONE 13 PRO MAX,0 PCS,0 PCS,2 PCS,3 PCS,,,,9 PCS,
001464,CM IPHONE 6,0 PCS,0 PCS,2 PCS,0 PCS,0 PCS,,,8 PCS,
001465,CM IPHONE 6+,0 PCS,0 PCS,1 PCS,0 PCS,,,,3 PCS,
001466,CM IPHONE 7/8,0 PCS,0 PCS,1 PCS,0 PCS,,,,3 PCS,
001467,CM IPHONE 7+/8+,0 PCS,0 PCS,2 PCS,1 PCS,,,1 PCS,5 PCS,
001468,CM IPHONE X,0 PCS,0 PCS,1 PCS,0 PCS,,,1 PCS,5 PCS,
001469,CM IPHONE XR,0 PCS,0 PCS,1 PCS,0 PCS,,,1 PCS,2 PCS,
TOTAL,0.00,0.00,30.00,17.00,9.00,2.00,3.00,113.00,
,Merk,Model,,,,,,,,,
,IPHONE,SAC,,,,,,,,,
Kode Item,Nama Item,ALFA 1 (C),ALFA 2 (C),ALFA 3 (C),ALFA 4 (C),ALFA 5 (C),ASBER 2 (C),BUNISARI ,CISA (C),
001216,SAC IPHONE 6,1 PCS,4 PCS,3 PCS,2 PCS,1 PCS,2 PCS,2 PCS,5 PCS,
001217,SAC IPHONE 7,,3 PCS,3 PCS,0 PCS,1 PCS,2 PCS,0 PCS,4 PCS,
001218,SAC IPHONE 7+/8+,,4 PCS,1 PCS,1 PCS,0 PCS,4 PCS,,3 PCS,
001585,SAC IPHONE 11 PRO,0 PCS,,,,,,0 PCS,,
001586,SAC IPHONE 11 PRO MAX,0 PCS,,,,,,0 PCS,,
001587,SAC IPHONE 12,0 PCS,,,,,,0 PCS,,
001588,SAC IPHONE 13,0 PCS,,,,,,0 PCS,,
001589,SAC IPHONE 13 PRO MAX,0 PCS,,,,,,0 PCS,,
,,,,,Bee Accounting,,,,,,,,
,15/09/2026,,,,,,,,
Kode Item,Nama Item,ALFA 1 (C),ALFA 2 (C),ALFA 3 (C),ALFA 4 (C),ALFA 5 (C),ASBER 2 (C),BUNISARI ,CISA (C),
001590,SAC IPHONE 6+,0 PCS,,,,,,0 PCS,,
TOTAL,1.00,11.00,7.00,3.00,2.00,8.00,2.00,12.00,
Kode Item,Nama Item,CK (C),DM (C),Gudang,PC 3 (A),PC 5 (C),PD 1 (C),PD 2 (C),SS (C),
001216,SAC IPHONE 6,1 PCS,0 PCS,0 PCS,,2 PCS,2 PCS,1 PCS,,
001217,SAC IPHONE 7,2 PCS,2 PCS,0 PCS,1 PCS,1 PCS,,2 PCS,1 PCS,
001218,SAC IPHONE 7+/8+,0 PCS,0 PCS,0 PCS,1 PCS,4 PCS,,2 PCS,,
001585,SAC IPHONE 11 PRO,,0 PCS,0 PCS,2 PCS,3 PCS,,,,
001586,SAC IPHONE 11 PRO MAX,,0 PCS,0 PCS,5 PCS,1 PCS,1 PCS,,,
001587,SAC IPHONE 12,,0 PCS,0 PCS,3 PCS,1 PCS,2 PCS,,,
001588,SAC IPHONE 13,,0 PCS,0 PCS,0 PCS,3 PCS,0 PCS,2 PCS,,
001589,SAC IPHONE 13 PRO MAX,,0 PCS,0 PCS,4 PCS,2 PCS,,,,
001590,SAC IPHONE 6+,,0 PCS,0 PCS,2 PCS,1 PCS,,1 PCS,,
TOTAL,3.00,2.00,0.00,18.00,18.00,5.00,8.00,1.00,
Kode Item,Nama Item,TOTAL,,,,,,,,,
001216,SAC IPHONE 6,26 PCS,,,,,,,,,
001217,SAC IPHONE 7,22 PCS,,,,,,,,,
001218,SAC IPHONE 7+/8+,20 PCS,,,,,,,,,
001585,SAC IPHONE 11 PRO,5 PCS,,,,,,,,,
001586,SAC IPHONE 11 PRO MAX,7 PCS,,,,,,,,,
001587,SAC IPHONE 12,6 PCS,,,,,,,,,
001588,SAC IPHONE 13,5 PCS,,,,,,,,,
001589,SAC IPHONE 13 PRO MAX,6 PCS,,,,,,,,,
001590,SAC IPHONE 6+,4 PCS,,,,,,,,,
TOTAL,101.00,,,,,,,,,
,Merk,Model,,,,,,,,,
,IPHONE,TGB,,,,,,,,,
Kode Item,Nama Item,ALFA 1 (C),ALFA 2 (C),ALFA 3 (C),ALFA 4 (C),ALFA 5 (C),ALFA 6 (C),ALFA 7 ,ASBER 1 (C),
001283,TGB IPHONE 6,2 PCS,1 PCS,0 PCS,,2 PCS,,,,
001284,TGB IPHONE 6+,3 PCS,1 PCS,2 PCS,1 PCS,1 PCS,,,,
001285,TGB IPHONE 7+/8+,3 PCS,1 PCS,1 PCS,,0 PCS,,,,
001286,TGB IPHONE X/XS/11 PRO,7 PCS,5 PCS,5 PCS,2 PCS,5 PCS,5 PCS,2 PCS,5 PCS,
001624,TGB IPHONE 12/12 PRO/13/13 PRO,5 PCS,1 PCS,3 PCS,1 PCS,8 PCS,4 PCS,0 PCS,2 PCS,
,,,,,Bee Accounting,,,,,,,,
,15/09/2026,,,,,,,,
Kode Item,Nama Item,ALFA 1 (C),ALFA 2 (C),ALFA 3 (C),ALFA 4 (C),ALFA 5 (C),ALFA 6 (C),ALFA 7 ,ASBER 1 (C),
001625,TGB IPHONE XR/11,5 PCS,1 PCS,3 PCS,1 PCS,3 PCS,0 PCS,,4 PCS,
001848,TGB IPHONE 12/12PRO/13/13PRO,1 PCS,,,,,,,,
001960,TGB IPHONE 7/8,0 PCS,,,,0 PCS,,,,
002033,TGB IPHONE 11 PRO MAX,0 PCS,1 PCS,0 PCS,5 PCS,0 PCS,,2 PCS,,
002298,TGB IPHONE 15/16,6 PCS,8 PCS,3 PCS,3 PCS,5 PCS,6 PCS,2 PCS,3 PCS,
002299,TGB IPHONE 15 PRO,6 PCS,6 PCS,4 PCS,4 PCS,6 PCS,6 PCS,2 PCS,4 PCS,
TOTAL,38.00,25.00,21.00,17.00,30.00,21.00,8.00,18.00,
Kode Item,Nama Item,ASBER 2 (C),BK CIJAMBE ,BK JH1 ,BK JH2 (C),BK6 ,BK7 ,BK8 BAKSAR ,BKC ,
001283,TGB IPHONE 6,,,,,,,,,
001284,TGB IPHONE 6+,1 PCS,,,,,,,,
001285,TGB IPHONE 7+/8+,,,,,,,,,
001286,TGB IPHONE X/XS/11 PRO,5 PCS,6 PCS,3 PCS,2 PCS,1 PCS,4 PCS,2 PCS,6 PCS,
001624,TGB IPHONE 12/12 PRO/13/13 PRO,6 PCS,5 PCS,4 PCS,1 PCS,2 PCS,2 PCS,2 PCS,3 PCS,
001625,TGB IPHONE XR/11,1 PCS,1 PCS,0 PCS,1 PCS,,2 PCS,0 PCS,4 PCS,
001848,TGB IPHONE 12/12PRO/13/13PRO,,,,,,,,,
001960,TGB IPHONE 7/8,,,,,,,,,
002033,TGB IPHONE 11 PRO MAX,,,,,,,2 PCS,,
002298,TGB IPHONE 15/16,6 PCS,6 PCS,1 PCS,5 PCS,2 PCS,4 PCS,2 PCS,5 PCS,
002299,TGB IPHONE 15 PRO,6 PCS,5 PCS,3 PCS,6 PCS,2 PCS,2 PCS,2 PCS,6 PCS,
TOTAL,25.00,23.00,11.00,15.00,7.00,14.00,10.00,24.00,
Kode Item,Nama Item,BUNISARI ,CICUKANG ,CIKADUT 2,CIPAGALO ,CISA (C),CK (C),CL 1 ,CL 2 ,
001283,TGB IPHONE 6,,,,,,,,,
001284,TGB IPHONE 6+,,,,,2 PCS,,,,
001285,TGB IPHONE 7+/8+,,,,,1 PCS,,,,
001286,TGB IPHONE X/XS/11 PRO,6 PCS,1 PCS,1 PCS,2 PCS,4 PCS,5 PCS,,2 PCS,
001624,TGB IPHONE 12/12 PRO/13/13 PRO,1 PCS,1 PCS,2 PCS,2 PCS,0 PCS,3 PCS,,2 PCS,
001625,TGB IPHONE XR/11,0 PCS,2 PCS,,2 PCS,2 PCS,1 PCS,,2 PCS,
001848,TGB IPHONE 12/12PRO/13/13PRO,0 PCS,,,,,,,,
001960,TGB IPHONE 7/8,0 PCS,,,,0 PCS,,,,
002033,TGB IPHONE 11 PRO MAX,2 PCS,,,,5 PCS,0 PCS,,,
002298,TGB IPHONE 15/16,5 PCS,2 PCS,2 PCS,2 PCS,5 PCS,5 PCS,2 PCS,2 PCS,
002299,TGB IPHONE 15 PRO,5 PCS,2 PCS,2 PCS,2 PCS,5 PCS,6 PCS,2 PCS,2 PCS,
,,,,Bee Accounting,,,,,,,,
,15/09/2026,,,,,,,
Kode Item,Nama Item,BUNISARI ,CICUKANG ,CIKADUT 2,CIPAGALO ,CISA (C),CK (C),CL 1 ,CL 2 ,
TOTAL,19.00,8.00,7.00,10.00,24.00,20.00,4.00,10.00,
Kode Item,Nama Item,CL 3 ,DM (C),Gudang,PC 3 (A),PC 4 (C),PC 5 (C),PD 1 (C),PD 2 (C),
001283,TGB IPHONE 6,,1 PCS,0 PCS,1 PCS,,2 PCS,2 PCS,,
001284,TGB IPHONE 6+,,2 PCS,0 PCS,2 PCS,,3 PCS,2 PCS,1 PCS,
001285,TGB IPHONE 7+/8+,,2 PCS,0 PCS,1 PCS,,,1 PCS,,
001286,TGB IPHONE X/XS/11 PRO,2 PCS,7 PCS,10 PCS,3 PCS,6 PCS,5 PCS,4 PCS,7 PCS,
001624,TGB IPHONE 12/12 PRO/13/13 PRO,2 PCS,5 PCS,10 PCS,1 PCS,5 PCS,7 PCS,4 PCS,5 PCS,
001625,TGB IPHONE XR/11,2 PCS,3 PCS,0 PCS,0 PCS,6 PCS,1 PCS,3 PCS,5 PCS,
001848,TGB IPHONE 12/12PRO/13/13PRO,,0 PCS,0 PCS,,,0 PCS,,,
001960,TGB IPHONE 7/8,,0 PCS,0 PCS,2 PCS,,0 PCS,2 PCS,,
002033,TGB IPHONE 11 PRO MAX,,0 PCS,19 PCS,1 PCS,,0 PCS,5 PCS,,
002298,TGB IPHONE 15/16,4 PCS,6 PCS,0 PCS,6 PCS,6 PCS,3 PCS,4 PCS,6 PCS,
002299,TGB IPHONE 15 PRO,6 PCS,6 PCS,0 PCS,5 PCS,6 PCS,4 PCS,4 PCS,6 PCS,
TOTAL,16.00,32.00,39.00,22.00,29.00,25.00,31.00,30.00,
Kode Item,Nama Item,RK (C),SA (C),SS (C),TOTAL,,,,,,
001283,TGB IPHONE 6,,,,11 PCS,,,,,,
001284,TGB IPHONE 6+,,,,21 PCS,,,,,,
001285,TGB IPHONE 7+/8+,,,,10 PCS,,,,,,
001286,TGB IPHONE X/XS/11 PRO,5 PCS,2 PCS,1 PCS,138 PCS,,,,,,
001624,TGB IPHONE 12/12 PRO/13/13 PRO,0 PCS,1 PCS,3 PCS,103 PCS,,,,,,
001625,TGB IPHONE XR/11,2 PCS,0 PCS,1 PCS,58 PCS,,,,,,
001848,TGB IPHONE 12/12PRO/13/13PRO,,,,1 PCS,,,,,,
001960,TGB IPHONE 7/8,,,,4 PCS,,,,,,
002033,TGB IPHONE 11 PRO MAX,1 PCS,,,43 PCS,,,,,,
002298,TGB IPHONE 15/16,4 PCS,2 PCS,4 PCS,137 PCS,,,,,,
002299,TGB IPHONE 15 PRO,4 PCS,2 PCS,4 PCS,143 PCS,,,,,,
TOTAL,16.00,7.00,13.00,669.00,,,,,,
,Merk,Model,,,,,,,,,
,IPHONE,TGC,,,,,,,,,
Kode Item,Nama Item,ALFA 1 (C),ALFA 2 (C),ALFA 3 (C),ALFA 4 (C),ALFA 5 (C),ALFA 6 (C),ALFA 7 ,ASBER 1 (C),
001299,TGC IPHONE 12/12PRO/13/13PRO,8 PCS,7 PCS,2 PCS,3 PCS,0 PCS,5 PCS,1 PCS,4 PCS,
001300,TGC IPHONE 6,1 PCS,,2 PCS,,2 PCS,,,,
,,,,,Bee Accounting,,,,,,,,
,15/09/2026,,,,,,,,
Kode Item,Nama Item,ALFA 1 (C),ALFA 2 (C),ALFA 3 (C),ALFA 4 (C),ALFA 5 (C),ALFA 6 (C),ALFA 7 ,ASBER 1 (C),
001686,TGC IPHONE X/XS/11 PRO,6 PCS,7 PCS,5 PCS,5 PCS,7 PCS,6 PCS,0 PCS,6 PCS,
001868,TGC IPHONE 6+,5 PCS,3 PCS,2 PCS,,2 PCS,,,,
001869,TGC IPHONE 7+/8+,5 PCS,3 PCS,2 PCS,,0 PCS,,,,
001964,TGC IPHONE 7,0 PCS,,,,1 PCS,,,,
001965,TGC IPHONE XR/11,6 PCS,3 PCS,6 PCS,2 PCS,1 PCS,1 PCS,0 PCS,2 PCS,
002311,TGC IPHONE 15/16,6 PCS,6 PCS,4 PCS,4 PCS,6 PCS,6 PCS,2 PCS,6 PCS,
002312,TGC IPHONE 15 PRO,6 PCS,6 PCS,4 PCS,4 PCS,6 PCS,6 PCS,2 PCS,6 PCS,
TOTAL,43.00,35.00,27.00,18.00,25.00,24.00,5.00,24.00,
Kode Item,Nama Item,ASBER 2 (C),BK CIJAMBE ,BK JH1 ,BK JH2 (C),BK6 ,BK7 ,BK8 BAKSAR ,BKC ,
001299,TGC IPHONE 12/12PRO/13/13PRO,8 PCS,4 PCS,3 PCS,2 PCS,2 PCS,4 PCS,2 PCS,5 PCS,
001300,TGC IPHONE 6,3 PCS,,,,,,,,
001686,TGC IPHONE X/XS/11 PRO,6 PCS,5 PCS,3 PCS,5 PCS,2 PCS,3 PCS,2 PCS,6 PCS,
001868,TGC IPHONE 6+,2 PCS,,,,,,,,
001869,TGC IPHONE 7+/8+,,,,,,,,,
001964,TGC IPHONE 7,,,,,,,,,
001965,TGC IPHONE XR/11,0 PCS,6 PCS,,2 PCS,,,0 PCS,4 PCS,
002311,TGC IPHONE 15/16,5 PCS,6 PCS,4 PCS,6 PCS,2 PCS,4 PCS,2 PCS,6 PCS,
002312,TGC IPHONE 15 PRO,6 PCS,6 PCS,4 PCS,6 PCS,2 PCS,3 PCS,2 PCS,6 PCS,
TOTAL,30.00,27.00,14.00,21.00,8.00,14.00,8.00,27.00,
Kode Item,Nama Item,BUNISARI ,CICUKANG ,CIKADUT 2,CIPAGALO ,CISA (C),CK (C),CL 1 ,CL 2 ,
001299,TGC IPHONE 12/12PRO/13/13PRO,6 PCS,1 PCS,2 PCS,2 PCS,0 PCS,4 PCS,2 PCS,2 PCS,
001300,TGC IPHONE 6,,,,,1 PCS,0 PCS,,,
001686,TGC IPHONE X/XS/11 PRO,6 PCS,2 PCS,2 PCS,2 PCS,6 PCS,4 PCS,2 PCS,2 PCS,
001868,TGC IPHONE 6+,0 PCS,,,,2 PCS,2 PCS,,,
001869,TGC IPHONE 7+/8+,0 PCS,,,,2 PCS,1 PCS,,,
001964,TGC IPHONE 7,0 PCS,,,,0 PCS,,,,
001965,TGC IPHONE XR/11,2 PCS,2 PCS,,2 PCS,0 PCS,0 PCS,,,
002311,TGC IPHONE 15/16,6 PCS,2 PCS,2 PCS,2 PCS,4 PCS,5 PCS,2 PCS,2 PCS,
002312,TGC IPHONE 15 PRO,6 PCS,2 PCS,2 PCS,2 PCS,6 PCS,6 PCS,2 PCS,2 PCS,
TOTAL,26.00,9.00,8.00,10.00,21.00,22.00,8.00,8.00,
Kode Item,Nama Item,CL 3 ,DM (C),Gudang,PC 3 (A),PC 4 (C),PC 5 (C),PD 1 (C),PD 2 (C),
001299,TGC IPHONE 12/12PRO/13/13PRO,2 PCS,6 PCS,0 PCS,6 PCS,5 PCS,3 PCS,3 PCS,5 PCS,
,,,,Bee Accounting,,,,,,,,
,15/09/2026,,,,,,,
Kode Item,Nama Item,CL 3 ,DM (C),Gudang,PC 3 (A),PC 4 (C),PC 5 (C),PD 1 (C),PD 2 (C),
001300,TGC IPHONE 6,,2 PCS,0 PCS,0 PCS,,,2 PCS,,
001686,TGC IPHONE X/XS/11 PRO,2 PCS,5 PCS,0 PCS,7 PCS,6 PCS,5 PCS,4 PCS,6 PCS,
001868,TGC IPHONE 6+,,0 PCS,0 PCS,,,0 PCS,,,
001869,TGC IPHONE 7+/8+,,0 PCS,0 PCS,,,0 PCS,,,
001964,TGC IPHONE 7,,0 PCS,0 PCS,1 PCS,,0 PCS,,,
001965,TGC IPHONE XR/11,,0 PCS,0 PCS,6 PCS,6 PCS,0 PCS,1 PCS,5 PCS,
002311,TGC IPHONE 15/16,2 PCS,6 PCS,0 PCS,6 PCS,6 PCS,4 PCS,4 PCS,6 PCS,
002312,TGC IPHONE 15 PRO,2 PCS,6 PCS,0 PCS,6 PCS,6 PCS,4 PCS,3 PCS,5 PCS,
TOTAL,8.00,25.00,0.00,32.00,29.00,16.00,17.00,27.00,
Kode Item,Nama Item,RK (C),SA (C),SS (C),TOTAL,,,,,,
001299,TGC IPHONE 12/12PRO/13/13PRO,1 PCS,2 PCS,3 PCS,115 PCS,,,,,,
001300,TGC IPHONE 6,,,,13 PCS,,,,,,
001686,TGC IPHONE X/XS/11 PRO,6 PCS,2 PCS,1 PCS,144 PCS,,,,,,
001868,TGC IPHONE 6+,,,,18 PCS,,,,,,
001869,TGC IPHONE 7+/8+,,,,13 PCS,,,,,,
001964,TGC IPHONE 7,,,,2 PCS,,,,,,
001965,TGC IPHONE XR/11,0 PCS,3 PCS,0 PCS,60 PCS,,,,,,
002311,TGC IPHONE 15/16,6 PCS,2 PCS,4 PCS,146 PCS,,,,,,
002312,TGC IPHONE 15 PRO,6 PCS,2 PCS,4 PCS,147 PCS,,,,,,
TOTAL,19.00,11.00,12.00,658.00,,,,,,
,Merk,Model,,,,,,,,,
,IPHONE,TGCS,,,,,,,,,
Kode Item,Nama Item,ALFA 1 (C),ALFA 2 (C),ALFA 3 (C),ALFA 4 (C),ALFA 5 (C),ALFA 6 (C),ALFA 7 ,ASBER 1 (C),
001311,TGCS IPHONE 6,3 PCS,5 PCS,4 PCS,,2 PCS,,,,
001312,TGCS IPHONE 6+,3 PCS,2 PCS,4 PCS,0 PCS,1 PCS,,,,
001313,TGCS IPHONE XR/11,0 PCS,0 PCS,0 PCS,1 PCS,0 PCS,0 PCS,,1 PCS,
001719,TGCS IPHONE 12/12PRO/13/13PRO,0 PCS,0 PCS,0 PCS,2 PCS,0 PCS,,,,
001720,TGCS IPHONE 7+/8+,2 PCS,3 PCS,,,,,,,
001721,TGCS IPHONE X/XS/11 PRO,4 PCS,1 PCS,1 PCS,1 PCS,3 PCS,2 PCS,0 PCS,1 PCS,
002034,TGCS IPHONE 7/8,0 PCS,3 PCS,,,0 PCS,,,,
002333,TGCS IPHONE 15/16,2 PCS,2 PCS,2 PCS,2 PCS,2 PCS,1 PCS,,2 PCS,
002334,TGCS IPHONE 15 PRO,2 PCS,2 PCS,2 PCS,2 PCS,2 PCS,2 PCS,,2 PCS,
002424,TGCS IPHONE 13 PROMAX,,8 PCS,,5 PCS,,,,,
,,,,,Bee Accounting,,,,,,,,
,15/09/2026,,,,,,,,
Kode Item,Nama Item,ALFA 1 (C),ALFA 2 (C),ALFA 3 (C),ALFA 4 (C),ALFA 5 (C),ALFA 6 (C),ALFA 7 ,ASBER 1 (C),
TOTAL,16.00,26.00,13.00,13.00,10.00,5.00,0.00,6.00,
Kode Item,Nama Item,ASBER 2 (C),BK CIJAMBE ,BK JH1 ,BK JH2 (C),BK6 ,BK7 ,BK8 BAKSAR ,BKC ,
001311,TGCS IPHONE 6,2 PCS,,,,,,,,
001312,TGCS IPHONE 6+,3 PCS,,,,,,,,
001313,TGCS IPHONE XR/11,0 PCS,2 PCS,0 PCS,0 PCS,1 PCS,0 PCS,1 PCS,1 PCS,
001719,TGCS IPHONE 12/12PRO/13/13PRO,2 PCS,,,,1 PCS,,2 PCS,,
001720,TGCS IPHONE 7+/8+,,,,,,,,,
001721,TGCS IPHONE X/XS/11 PRO,2 PCS,2 PCS,1 PCS,1 PCS,1 PCS,1 PCS,,2 PCS,
002034,TGCS IPHONE 7/8,,,,,,,,,
002333,TGCS IPHONE 15/16,1 PCS,2 PCS,1 PCS,2 PCS,1 PCS,1 PCS,,2 PCS,
002334,TGCS IPHONE 15 PRO,2 PCS,2 PCS,1 PCS,2 PCS,1 PCS,1 PCS,,2 PCS,
002424,TGCS IPHONE 13 PROMAX,,,,,1 PCS,,,,
TOTAL,12.00,8.00,3.00,5.00,6.00,3.00,3.00,7.00,
Kode Item,Nama Item,BUNISARI ,CICUKANG ,CIKADUT 2,CIPAGALO ,CISA (C),CK (C),CL 1 ,CL 2 ,
001311,TGCS IPHONE 6,,,,1 PCS,1 PCS,3 PCS,,,
001312,TGCS IPHONE 6+,,,,1 PCS,1 PCS,0 PCS,,,
001313,TGCS IPHONE XR/11,0 PCS,1 PCS,1 PCS,,1 PCS,0 PCS,,1 PCS,
001719,TGCS IPHONE 12/12PRO/13/13PRO,2 PCS,0 PCS,,,1 PCS,,,,
001720,TGCS IPHONE 7+/8+,0 PCS,,,,,,,,
001721,TGCS IPHONE X/XS/11 PRO,0 PCS,,1 PCS,1 PCS,2 PCS,2 PCS,1 PCS,,
002034,TGCS IPHONE 7/8,0 PCS,,,,,0 PCS,,,
002333,TGCS IPHONE 15/16,1 PCS,1 PCS,1 PCS,1 PCS,1 PCS,2 PCS,1 PCS,1 PCS,
002334,TGCS IPHONE 15 PRO,2 PCS,1 PCS,1 PCS,1 PCS,2 PCS,2 PCS,1 PCS,1 PCS,
002424,TGCS IPHONE 13 PROMAX,10 PCS,,,,4 PCS,,,,
TOTAL,15.00,3.00,4.00,5.00,13.00,9.00,3.00,3.00,
Kode Item,Nama Item,CL 3 ,DM (C),Gudang,PC 3 (A),PC 4 (C),PC 5 (C),PD 1 (C),PD 2 (C),
001311,TGCS IPHONE 6,,2 PCS,0 PCS,3 PCS,,5 PCS,2 PCS,,
001312,TGCS IPHONE 6+,,2 PCS,0 PCS,2 PCS,,5 PCS,1 PCS,,
001313,TGCS IPHONE XR/11,1 PCS,2 PCS,0 PCS,0 PCS,2 PCS,1 PCS,0 PCS,1 PCS,
001719,TGCS IPHONE 12/12PRO/13/13PRO,,0 PCS,0 PCS,1 PCS,,1 PCS,,,
001720,TGCS IPHONE 7+/8+,,0 PCS,0 PCS,1 PCS,,1 PCS,,,
,,,,Bee Accounting,,,,,,,,
,15/09/2026,,,,,,,
Kode Item,Nama Item,CL 3 ,DM (C),Gudang,PC 3 (A),PC 4 (C),PC 5 (C),PD 1 (C),PD 2 (C),
001721,TGCS IPHONE X/XS/11 PRO,1 PCS,2 PCS,0 PCS,2 PCS,2 PCS,2 PCS,1 PCS,2 PCS,
002034,TGCS IPHONE 7/8,,0 PCS,0 PCS,1 PCS,,0 PCS,,,
002333,TGCS IPHONE 15/16,1 PCS,2 PCS,0 PCS,2 PCS,2 PCS,1 PCS,1 PCS,2 PCS,
002334,TGCS IPHONE 15 PRO,1 PCS,2 PCS,0 PCS,2 PCS,1 PCS,1 PCS,1 PCS,2 PCS,
002424,TGCS IPHONE 13 PROMAX,,,0 PCS,5 PCS,,4 PCS,,,
TOTAL,4.00,12.00,0.00,19.00,7.00,21.00,6.00,7.00,
Kode Item,Nama Item,RK (C),SA (C),SS (C),TOTAL,,,,,,
001311,TGCS IPHONE 6,,,,33 PCS,,,,,,
001312,TGCS IPHONE 6+,,,,25 PCS,,,,,,
001313,TGCS IPHONE XR/11,0 PCS,0 PCS,0 PCS,18 PCS,,,,,,
001719,TGCS IPHONE 12/12PRO/13/13PRO,,1 PCS,,13 PCS,,,,,,
001720,TGCS IPHONE 7+/8+,,,,7 PCS,,,,,,
001721,TGCS IPHONE X/XS/11 PRO,1 PCS,0 PCS,1 PCS,44 PCS,,,,,,
002034,TGCS IPHONE 7/8,,,,4 PCS,,,,,,
002333,TGCS IPHONE 15/16,1 PCS,1 PCS,1 PCS,46 PCS,,,,,,
002334,TGCS IPHONE 15 PRO,1 PCS,1 PCS,1 PCS,49 PCS,,,,,,
002424,TGCS IPHONE 13 PROMAX,,,,37 PCS,,,,,,
TOTAL,3.00,3.00,3.00,276.00,,,,,,
,Merk,Model,,,,,,,,,
,IPHONE,TGF,,,,,,,,,
Kode Item,Nama Item,ALFA 1 (C),ALFA 2 (C),ALFA 3 (C),ALFA 4 (C),ALFA 5 (C),ALFA 6 (C),ALFA 7 ,ASBER 1 (C),
001323,TGF IPHONE 7+/8+,,,,,,,,,
001324,TGF IPHONE 6,3 PCS,3 PCS,1 PCS,,1 PCS,,,,
001325,TGF IPHONE 6+,3 PCS,3 PCS,2 PCS,,2 PCS,,,,
001326,TGF IPHONE 7/8,4 PCS,,2 PCS,,2 PCS,,,,
001327,TGF IPHONE X/XS/11 PRO,9 PCS,7 PCS,7 PCS,2 PCS,5 PCS,6 PCS,0 PCS,6 PCS,
001765,TGF IPHONE 12/12PRO/13/13 PRO,0 PCS,,,2 PCS,0 PCS,,,,
001769,TGF IPHONE 7,0 PCS,3 PCS,,,,,,,
001770,TGF IPHONE 7+/8+,5 PCS,1 PCS,2 PCS,,2 PCS,,,,
001771,TGF IPHONE XR/11,0 PCS,,0 PCS,,1 PCS,,,,
001879,TGF IPHONE 12/12PRO/13/13PRO,2 PCS,2 PCS,1 PCS,,,,,,
002324,TGF IPHONE 15/16,6 PCS,6 PCS,6 PCS,4 PCS,6 PCS,4 PCS,2 PCS,6 PCS,
002325,TGF IPHONE 15 PRO,6 PCS,6 PCS,6 PCS,4 PCS,6 PCS,6 PCS,2 PCS,6 PCS,
,,,,,Bee Accounting,,,,,,,,
,15/09/2026,,,,,,,,
Kode Item,Nama Item,ALFA 1 (C),ALFA 2 (C),ALFA 3 (C),ALFA 4 (C),ALFA 5 (C),ALFA 6 (C),ALFA 7 ,ASBER 1 (C),
TOTAL,38.00,31.00,27.00,12.00,25.00,16.00,4.00,18.00,
Kode Item,Nama Item,ASBER 2 (C),BK CIJAMBE ,BK JH1 ,BK JH2 (C),BK6 ,BK7 ,BKC ,BUNISARI ,
001323,TGF IPHONE 7+/8+,,,,,,,,,
001324,TGF IPHONE 6,1 PCS,,,,,,,,
001325,TGF IPHONE 6+,2 PCS,,,,,,,,
001326,TGF IPHONE 7/8,,,,,,,,,
001327,TGF IPHONE X/XS/11 PRO,6 PCS,6 PCS,4 PCS,6 PCS,2 PCS,4 PCS,5 PCS,6 PCS,
001765,TGF IPHONE 12/12PRO/13/13 PRO,2 PCS,,,,2 PCS,,,0 PCS,
001769,TGF IPHONE 7,,,,,,,,0 PCS,
001770,TGF IPHONE 7+/8+,2 PCS,,,,,,,0 PCS,
001771,TGF IPHONE XR/11,,,,,,,,0 PCS,
001879,TGF IPHONE 12/12PRO/13/13PRO,,,,,,,,0 PCS,
002324,TGF IPHONE 15/16,6 PCS,6 PCS,4 PCS,7 PCS,2 PCS,4 PCS,4 PCS,6 PCS,
002325,TGF IPHONE 15 PRO,6 PCS,6 PCS,2 PCS,8 PCS,2 PCS,4 PCS,6 PCS,4 PCS,
TOTAL,25.00,18.00,10.00,21.00,8.00,12.00,15.00,16.00,
Kode Item,Nama Item,CICUKANG ,CISA (C),CK (C),CL 1 ,CL 2 ,CL 3 ,DM (C),Gudang,
001323,TGF IPHONE 7+/8+,,0 PCS,,,,,1 PCS,0 PCS,
001324,TGF IPHONE 6,,,1 PCS,,,,2 PCS,0 PCS,
001325,TGF IPHONE 6+,,0 PCS,0 PCS,,,,1 PCS,0 PCS,
001326,TGF IPHONE 7/8,,2 PCS,,,,,1 PCS,0 PCS,
001327,TGF IPHONE X/XS/11 PRO,2 PCS,2 PCS,5 PCS,2 PCS,1 PCS,4 PCS,7 PCS,0 PCS,
001765,TGF IPHONE 12/12PRO/13/13 PRO,,,,,,,0 PCS,0 PCS,
001769,TGF IPHONE 7,,,,,,,0 PCS,0 PCS,
001770,TGF IPHONE 7+/8+,,1 PCS,,,,,0 PCS,0 PCS,
001771,TGF IPHONE XR/11,,0 PCS,,,,,0 PCS,0 PCS,
001879,TGF IPHONE 12/12PRO/13/13PRO,,0 PCS,,,,,0 PCS,0 PCS,
002324,TGF IPHONE 15/16,2 PCS,2 PCS,6 PCS,2 PCS,2 PCS,4 PCS,5 PCS,0 PCS,
002325,TGF IPHONE 15 PRO,2 PCS,6 PCS,6 PCS,2 PCS,2 PCS,4 PCS,6 PCS,0 PCS,
TOTAL,6.00,13.00,18.00,6.00,5.00,12.00,23.00,0.00,
Kode Item,Nama Item,PC 3 (A),PC 4 (C),PC 5 (C),PD 1 (C),PD 2 (C),RK (C),SA (C),SS (C),
001323,TGF IPHONE 7+/8+,,,,,,,,,
001324,TGF IPHONE 6,6 PCS,,3 PCS,,,,,,
,,,,Bee Accounting,,,,,,,,
,15/09/2026,,,,,,,
Kode Item,Nama Item,PC 3 (A),PC 4 (C),PC 5 (C),PD 1 (C),PD 2 (C),RK (C),SA (C),SS (C),
001325,TGF IPHONE 6+,2 PCS,,3 PCS,2 PCS,2 PCS,,,,
001326,TGF IPHONE 7/8,0 PCS,,,1 PCS,1 PCS,,,,
001327,TGF IPHONE X/XS/11 PRO,6 PCS,6 PCS,4 PCS,5 PCS,7 PCS,4 PCS,3 PCS,3 PCS,
001765,TGF IPHONE 12/12PRO/13/13 PRO,1 PCS,,2 PCS,,,,,,
001769,TGF IPHONE 7,1 PCS,,2 PCS,,,,,,
001770,TGF IPHONE 7+/8+,3 PCS,,2 PCS,2 PCS,2 PCS,,,,
001771,TGF IPHONE XR/11,0 PCS,,1 PCS,1 PCS,1 PCS,,,,
001879,TGF IPHONE 12/12PRO/13/13PRO,0 PCS,,0 PCS,,1 PCS,,,,
002324,TGF IPHONE 15/16,6 PCS,4 PCS,4 PCS,6 PCS,6 PCS,3 PCS,2 PCS,4 PCS,
002325,TGF IPHONE 15 PRO,6 PCS,6 PCS,4 PCS,6 PCS,6 PCS,4 PCS,2 PCS,4 PCS,
TOTAL,31.00,16.00,25.00,23.00,26.00,11.00,7.00,11.00,
Kode Item,Nama Item,TOTAL,,,,,,,,,
001323,TGF IPHONE 7+/8+,1 PCS,,,,,,,,,
001324,TGF IPHONE 6,21 PCS,,,,,,,,,
001325,TGF IPHONE 6+,22 PCS,,,,,,,,,
001326,TGF IPHONE 7/8,13 PCS,,,,,,,,,
001327,TGF IPHONE X/XS/11 PRO,142 PCS,,,,,,,,,
001765,TGF IPHONE 12/12PRO/13/13 PRO,9 PCS,,,,,,,,,
001769,TGF IPHONE 7,6 PCS,,,,,,,,,
001770,TGF IPHONE 7+/8+,22 PCS,,,,,,,,,
001771,TGF IPHONE XR/11,4 PCS,,,,,,,,,
001879,TGF IPHONE 12/12PRO/13/13PRO,6 PCS,,,,,,,,,
002324,TGF IPHONE 15/16,137 PCS,,,,,,,,,
002325,TGF IPHONE 15 PRO,146 PCS,,,,,,,,,
TOTAL,529.00,,,,,,,,,
,Merk,Model,,,,,,,,,
,OPPO,CASING DOVE,,,,,,,,,
Kode Item,Nama Item,ALFA 1 (C),ALFA 2 (C),ALFA 3 (C),ALFA 4 (C),ALFA 5 (C),ALFA 6 (C),ASBER 1 (C),ASBER 2 (C),
001157,DOVE OPPO A55 4G,3 PCS,3 PCS,,,,,,,
001529,DOVE OPPO A15/A15S,0 PCS,0 PCS,,0 PCS,0 PCS,,,,
001530,DOVE OPPO A33/A53,0 PCS,0 PCS,0 PCS,1 PCS,1 PCS,,,0 PCS,
001531,DOVE OPPO A36/A76,2 PCS,5 PCS,4 PCS,0 PCS,5 PCS,,,1 PCS,
001532,DOVE OPPO A71,0 PCS,3 PCS,,,,,,,
001533,DOVE OPPO A74/A95,1 PCS,3 PCS,3 PCS,2 PCS,5 PCS,,,2 PCS,
,,,,,Bee Accounting,,,,,,,,
,15/09/2026,,,,,,,,
Kode Item,Nama Item,ALFA 1 (C),ALFA 2 (C),ALFA 3 (C),ALFA 4 (C),ALFA 5 (C),ALFA 6 (C),ASBER 1 (C),ASBER 2 (C),
001916,DOVE OPPO RENO 4F,0 PCS,,5 PCS,,5 PCS,,,1 PCS,
001917,DOVE OPPO RENO 5F,0 PCS,,0 PCS,,4 PCS,,,3 PCS,
001918,DOVE OPPO RENO 6 4G,0 PCS,,5 PCS,,5 PCS,,,4 PCS,
001943,DOVE OPPO A39/A57,0 PCS,,2 PCS,,0 PCS,,,,
003048,DOVE OPPO A1K/REALME C2,0 PCS,0 PCS,0 PCS,0 PCS,0 PCS,0 PCS,0 PCS,0 PCS,
003049,DOVE OPPO A37/NEO 9,0 PCS,0 PCS,0 PCS,0 PCS,0 PCS,0 PCS,0 PCS,0 PCS,
TOTAL,6.00,14.00,19.00,3.00,25.00,0.00,0.00,11.00,
Kode Item,Nama Item,BK CIJAMBE ,BK JH1 ,BK JH2 (C),BK7 ,BKC ,BUNISARI ,CISA (C),CK (C),
001157,DOVE OPPO A55 4G,,,,,,,,,
001529,DOVE OPPO A15/A15S,,,,,,0 PCS,,,
001530,DOVE OPPO A33/A53,,,,,,0 PCS,0 PCS,0 PCS,
001531,DOVE OPPO A36/A76,,,,,,1 PCS,1 PCS,0 PCS,
001532,DOVE OPPO A71,,,,,,0 PCS,,,
001533,DOVE OPPO A74/A95,,,,,,1 PCS,2 PCS,1 PCS,
001916,DOVE OPPO RENO 4F,,,,,,1 PCS,4 PCS,,
001917,DOVE OPPO RENO 5F,,,,,,1 PCS,2 PCS,,
001918,DOVE OPPO RENO 6 4G,,,,,,1 PCS,5 PCS,,
001943,DOVE OPPO A39/A57,,,,,,0 PCS,1 PCS,0 PCS,
003048,DOVE OPPO A1K/REALME C2,0 PCS,0 PCS,0 PCS,0 PCS,0 PCS,0 PCS,0 PCS,0 PCS,
003049,DOVE OPPO A37/NEO 9,0 PCS,0 PCS,0 PCS,0 PCS,0 PCS,0 PCS,1 PCS,0 PCS,
TOTAL,0.00,0.00,0.00,0.00,0.00,5.00,16.00,1.00,
Kode Item,Nama Item,DM (C),GUDANG ,Gudang,PC 3 (A),PC 4 (C),PC 5 (C),PD 1 (C),PD 2 (C),
001157,DOVE OPPO A55 4G,2 PCS,,0 PCS,3 PCS,,2 PCS,,0 PCS,
001529,DOVE OPPO A15/A15S,0 PCS,,0 PCS,,,1 PCS,2 PCS,,
001530,DOVE OPPO A33/A53,0 PCS,,0 PCS,4 PCS,,0 PCS,0 PCS,,
001531,DOVE OPPO A36/A76,0 PCS,,0 PCS,3 PCS,,4 PCS,1 PCS,1 PCS,
001532,DOVE OPPO A71,0 PCS,,0 PCS,1 PCS,,0 PCS,,,
001533,DOVE OPPO A74/A95,0 PCS,,0 PCS,1 PCS,,4 PCS,2 PCS,1 PCS,
001916,DOVE OPPO RENO 4F,0 PCS,,0 PCS,,,0 PCS,,,
001917,DOVE OPPO RENO 5F,0 PCS,,0 PCS,,,0 PCS,,,
001918,DOVE OPPO RENO 6 4G,0 PCS,,0 PCS,,,0 PCS,,,
001943,DOVE OPPO A39/A57,0 PCS,,0 PCS,,,0 PCS,,,
003048,DOVE OPPO A1K/REALME C2,0 PCS,0 PCS,0 PCS,0 PCS,0 PCS,0 PCS,0 PCS,0 PCS,
,,,,Bee Accounting,,,,,,,,
,15/09/2026,,,,,,,
Kode Item,Nama Item,DM (C),GUDANG ,Gudang,PC 3 (A),PC 4 (C),PC 5 (C),PD 1 (C),PD 2 (C),
003049,DOVE OPPO A37/NEO 9,0 PCS,0 PCS,0 PCS,0 PCS,0 PCS,0 PCS,1 PCS,0 PCS,
TOTAL,2.00,0.00,0.00,12.00,0.00,11.00,6.00,2.00,
Kode Item,Nama Item,RK (C),SA (C),SS (C),TOTAL,,,,,,
001157,DOVE OPPO A55 4G,,,2 PCS,15 PCS,,,,,,
001529,DOVE OPPO A15/A15S,,,,3 PCS,,,,,,
001530,DOVE OPPO A33/A53,,,,6 PCS,,,,,,
001531,DOVE OPPO A36/A76,,,,28 PCS,,,,,,
001532,DOVE OPPO A71,,,,4 PCS,,,,,,
001533,DOVE OPPO A74/A95,,,,28 PCS,,,,,,
001916,DOVE OPPO RENO 4F,,,,16 PCS,,,,,,
001917,DOVE OPPO RENO 5F,,,,10 PCS,,,,,,
001918,DOVE OPPO RENO 6 4G,,,,20 PCS,,,,,,
001943,DOVE OPPO A39/A57,,,,3 PCS,,,,,,
003048,DOVE OPPO A1K/REALME C2,0 PCS,0 PCS,0 PCS,0 PCS,,,,,,
003049,DOVE OPPO A37/NEO 9,0 PCS,0 PCS,0 PCS,2 PCS,,,,,,
TOTAL,0.00,0.00,2.00,135.00,,,,,,
,Merk,Model,,,,,,,,,
,OPPO,CASING MOTIF,,,,,,,,,
Kode Item,Nama Item,ALFA 1 (C),ALFA 2 (C),ALFA 3 (C),ALFA 4 (C),ALFA 5 (C),ASBER 2 (C),BUNISARI ,CK (C),
001132,CASE MOTIF SS130 OPPO A15/A15S/A35,,,1 PCS,,,,,,
001134,CASE MOTIF SS130 OPPO A5S/A7/A12/F9,,,,,,,,,
001135,CASE MOTIF SS132 OPPO A15/A15S/A35,,,,,,,,,
001440,CASE MOTIF SS071 OPPO RENO 6 4G,0 PCS,,,0 PCS,,,0 PCS,1 PCS,
001441,CASE MOTIF SS076 OPPO A54,0 PCS,0 PCS,,,,,0 PCS,,
001928,CASE MOTIF SS119 OPPO A37/NEO 9,0 PCS,,,,1 PCS,,0 PCS,,
001930,CASE MOTIF SS132 OPPO F1S/A59,0 PCS,,,,1 PCS,,0 PCS,,
002293,CASE MOTIF SS132 OPPO A36/A76,,,,,,3 PCS,,,
002585,CASE MOTIF OPPO A1K/C2,,,,,,,0 PCS,,
003016,CASE MOTIF OPPO A15,,,,0 PCS,,,,,
003022,CASE MOTIF SS071 OPPO A3S/C1,,,0 PCS,,,,,,
,,,,,Bee Accounting,,,,,,,,
,15/09/2026,,,,,,,,
Kode Item,Nama Item,ALFA 1 (C),ALFA 2 (C),ALFA 3 (C),ALFA 4 (C),ALFA 5 (C),ASBER 2 (C),BUNISARI ,CK (C),
003027,CASE MOTIF SS132 OPPO RENO 6 4G,,,1 PCS,,,,,,
TOTAL,0.00,0.00,2.00,0.00,2.00,3.00,0.00,1.00,
Kode Item,Nama Item,DM (C),Gudang,PC 5 (C),PD 1 (C),PD 2 (C),SS (C),TOTAL,,
001132,CASE MOTIF SS130 OPPO A15/A15S/A35,1 PCS,0 PCS,,1 PCS,,,3 PCS,,
001134,CASE MOTIF SS130 OPPO A5S/A7/A12/F9,1 PCS,0 PCS,,,,,1 PCS,,
001135,CASE MOTIF SS132 OPPO A15/A15S/A35,1 PCS,0 PCS,,,,,1 PCS,,
001440,CASE MOTIF SS071 OPPO RENO 6 4G,0 PCS,0 PCS,2 PCS,,1 PCS,,4 PCS,,
001441,CASE MOTIF SS076 OPPO A54,0 PCS,0 PCS,3 PCS,,,0 PCS,3 PCS,,
001928,CASE MOTIF SS119 OPPO A37/NEO 9,0 PCS,0 PCS,0 PCS,,,,1 PCS,,
001930,CASE MOTIF SS132 OPPO F1S/A59,0 PCS,0 PCS,0 PCS,,,,1 PCS,,
002293,CASE MOTIF SS132 OPPO A36/A76,,,,,,,3 PCS,,
002585,CASE MOTIF OPPO A1K/C2,,,,,,,0 PCS,,
003016,CASE MOTIF OPPO A15,,,,,,,0 PCS,,
003022,CASE MOTIF SS071 OPPO A3S/C1,,,,,,,0 PCS,,
003027,CASE MOTIF SS132 OPPO RENO 6 4G,,,,1 PCS,,,2 PCS,,
TOTAL,3.00,0.00,5.00,2.00,1.00,0.00,19.00,,
,Merk,Model,,,,,,,,,
,OPPO,CM,,,,,,,,,
Kode Item,Nama Item,ALFA 1 (C),ALFA 2 (C),ALFA 3 (C),ALFA 4 (C),ALFA 5 (C),ALFA 6 (C),ASBER 1 (C),ASBER 2 (C),
001141,CM OPPO A16,,,,,0 PCS,,,,
001142,CM OPPO A1K/REALME C2,,2 PCS,,,0 PCS,,,,
001143,CM OPPO A39/A57,,,0 PCS,,1 PCS,,,,
001144,CM OPPO A55 4G,0 PCS,,1 PCS,0 PCS,3 PCS,,,0 PCS,
001145,CM OPPO A57 2022,,0 PCS,0 PCS,,,,,,
001146,CM OPPO RENO 4F,,1 PCS,1 PCS,,1 PCS,,,,
001470,CM OPPO A15/A15S,0 PCS,0 PCS,,,,,,,
001471,CM OPPO A16K/A16E,0 PCS,0 PCS,,,,,,,
001473,CM OPPO A71 4G,0 PCS,1 PCS,,,,,,,
001474,CM OPPO A74 4G,0 PCS,1 PCS,0 PCS,1 PCS,1 PCS,,,1 PCS,
,,,,,Bee Accounting,,,,,,,,
,15/09/2026,,,,,,,,
Kode Item,Nama Item,ALFA 1 (C),ALFA 2 (C),ALFA 3 (C),ALFA 4 (C),ALFA 5 (C),ALFA 6 (C),ASBER 1 (C),ASBER 2 (C),
001475,CM OPPO A96 4G,0 PCS,1 PCS,,,,,,,
001476,CM OPPO F11,0 PCS,2 PCS,1 PCS,,,,,,
001477,CM OPPO F11 PRO/OPPO K3/REALME X,0 PCS,1 PCS,,,,,,,
001478,CM OPPO RENO 4,0 PCS,,,,,,,,
001479,CM OPPO RENO 5,0 PCS,1 PCS,,,,,,,
001480,CM OPPO RENO 6 4G,0 PCS,2 PCS,,,,,,,
002660,CM OPPO A95 4G,,,,,,,,,
003039,CM OPPO A5/A9/A11,0 PCS,0 PCS,0 PCS,0 PCS,0 PCS,0 PCS,0 PCS,0 PCS,
003040,CM OPPO A54 4G,0 PCS,1 PCS,0 PCS,0 PCS,0 PCS,0 PCS,0 PCS,0 PCS,
003041,CM OPPO A55 4G,0 PCS,2 PCS,0 PCS,0 PCS,0 PCS,0 PCS,0 PCS,0 PCS,
TOTAL,0.00,15.00,3.00,1.00,6.00,0.00,0.00,1.00,
Kode Item,Nama Item,BK CIJAMBE ,BK JH1 ,BK JH2 (C),BK7 ,BKC ,BUNISARI ,CISA (C),CK (C),
001141,CM OPPO A16,,,,,,,0 PCS,,
001142,CM OPPO A1K/REALME C2,,,,,,2 PCS,,,
001143,CM OPPO A39/A57,,,,,,,,,
001144,CM OPPO A55 4G,,,,,,,3 PCS,,
001145,CM OPPO A57 2022,,,,,,,,,
001146,CM OPPO RENO 4F,,,,,,,,,
001470,CM OPPO A15/A15S,,,,,,0 PCS,0 PCS,0 PCS,
001471,CM OPPO A16K/A16E,,,,,,0 PCS,,,
001473,CM OPPO A71 4G,,,,,,0 PCS,,,
001474,CM OPPO A74 4G,,,,,,1 PCS,2 PCS,0 PCS,
001475,CM OPPO A96 4G,,,,,,0 PCS,,,
001476,CM OPPO F11,,,,,,0 PCS,,,
001477,CM OPPO F11 PRO/OPPO K3/REALME X,,,,,,0 PCS,,,
001478,CM OPPO RENO 4,,,,,,0 PCS,,,
001479,CM OPPO RENO 5,,,,,,0 PCS,,,
001480,CM OPPO RENO 6 4G,,,,,,0 PCS,,,
002660,CM OPPO A95 4G,,,,,,1 PCS,,,
003039,CM OPPO A5/A9/A11,0 PCS,0 PCS,0 PCS,0 PCS,0 PCS,0 PCS,0 PCS,0 PCS,
003040,CM OPPO A54 4G,0 PCS,0 PCS,0 PCS,0 PCS,0 PCS,0 PCS,0 PCS,0 PCS,
003041,CM OPPO A55 4G,0 PCS,0 PCS,0 PCS,0 PCS,0 PCS,0 PCS,0 PCS,0 PCS,
TOTAL,0.00,0.00,0.00,0.00,0.00,4.00,5.00,0.00,
,,,,Bee Accounting,,,,,,,,
,15/09/2026,,,,,,,
Kode Item,Nama Item,DM (C),GUDANG ,Gudang,PC 3 (A),PC 4 (C),PC 5 (C),PD 1 (C),PD 2 (C),
001141,CM OPPO A16,0 PCS,,0 PCS,1 PCS,,,,,
001142,CM OPPO A1K/REALME C2,0 PCS,,0 PCS,,,,0 PCS,,
001143,CM OPPO A39/A57,1 PCS,,0 PCS,,,,1 PCS,,
001144,CM OPPO A55 4G,0 PCS,,0 PCS,3 PCS,,4 PCS,1 PCS,0 PCS,
001145,CM OPPO A57 2022,2 PCS,,0 PCS,,,,,,
001146,CM OPPO RENO 4F,1 PCS,,0 PCS,1 PCS,,2 PCS,1 PCS,,
001470,CM OPPO A15/A15S,0 PCS,,0 PCS,,,0 PCS,1 PCS,,
001471,CM OPPO A16K/A16E,0 PCS,,0 PCS,1 PCS,,1 PCS,,,
001473,CM OPPO A71 4G,0 PCS,,0 PCS,,,0 PCS,,,
001474,CM OPPO A74 4G,0 PCS,,0 PCS,,,0 PCS,1 PCS,,
001475,CM OPPO A96 4G,0 PCS,,0 PCS,2 PCS,,2 PCS,,,
001476,CM OPPO F11,0 PCS,,0 PCS,,,2 PCS,,,
001477,CM OPPO F11 PRO/OPPO K3/REALME X,0 PCS,,0 PCS,,,3 PCS,,,
001478,CM OPPO RENO 4,0 PCS,,0 PCS,2 PCS,,0 PCS,,1 PCS,
001479,CM OPPO RENO 5,0 PCS,,0 PCS,1 PCS,,1 PCS,,,
001480,CM OPPO RENO 6 4G,0 PCS,,0 PCS,1 PCS,,2 PCS,,,
002660,CM OPPO A95 4G,,,,2 PCS,,,,,
003039,CM OPPO A5/A9/A11,0 PCS,0 PCS,0 PCS,1 PCS,0 PCS,0 PCS,0 PCS,0 PCS,
003040,CM OPPO A54 4G,0 PCS,0 PCS,0 PCS,1 PCS,0 PCS,0 PCS,0 PCS,0 PCS,
003041,CM OPPO A55 4G,0 PCS,0 PCS,0 PCS,0 PCS,0 PCS,0 PCS,0 PCS,0 PCS,
TOTAL,4.00,0.00,0.00,16.00,0.00,17.00,5.00,1.00,
Kode Item,Nama Item,RK (C),SA (C),SS (C),TOTAL,,,,,,
001141,CM OPPO A16,,,0 PCS,1 PCS,,,,,,
001142,CM OPPO A1K/REALME C2,,,,4 PCS,,,,,,
001143,CM OPPO A39/A57,,,,3 PCS,,,,,,
001144,CM OPPO A55 4G,,,,15 PCS,,,,,,
001145,CM OPPO A57 2022,,,,2 PCS,,,,,,
001146,CM OPPO RENO 4F,,,,8 PCS,,,,,,
001470,CM OPPO A15/A15S,,,,1 PCS,,,,,,
001471,CM OPPO A16K/A16E,,,,2 PCS,,,,,,
001473,CM OPPO A71 4G,,,,1 PCS,,,,,,
001474,CM OPPO A74 4G,,,,8 PCS,,,,,,
001475,CM OPPO A96 4G,,,2 PCS,7 PCS,,,,,,
,,,,Bee Accounting,,,,,,,,
,15/09/2026,,,,,,,
Kode Item,Nama Item,RK (C),SA (C),SS (C),TOTAL,,,,,,
001476,CM OPPO F11,,,,5 PCS,,,,,,
001477,CM OPPO F11 PRO/OPPO K3/REALME X,,,,4 PCS,,,,,,
001478,CM OPPO RENO 4,,,,3 PCS,,,,,,
001479,CM OPPO RENO 5,,,2 PCS,5 PCS,,,,,,
001480,CM OPPO RENO 6 4G,,,,5 PCS,,,,,,
002660,CM OPPO A95 4G,,,,3 PCS,,,,,,
003039,CM OPPO A5/A9/A11,0 PCS,0 PCS,0 PCS,1 PCS,,,,,,
003040,CM OPPO A54 4G,0 PCS,0 PCS,0 PCS,2 PCS,,,,,,
003041,CM OPPO A55 4G,0 PCS,0 PCS,0 PCS,2 PCS,,,,,,
TOTAL,0.00,0.00,4.00,82.00,,,,,,
,Merk,Model,,,,,,,,,
,OPPO,SAC,,,,,,,,,
Kode Item,Nama Item,ALFA 1 (C),ALFA 2 (C),ALFA 3 (C),ALFA 4 (C),ALFA 5 (C),ALFA 6 (C),ASBER 1 (C),ASBER 2 (C),
001219,SAC OPPO A15,0 PCS,0 PCS,0 PCS,0 PCS,0 PCS,,,,
001220,SAC OPPO A33/A53,1 PCS,4 PCS,1 PCS,0 PCS,0 PCS,,,2 PCS,
001221,SAC OPPO A36/A76,3 PCS,5 PCS,3 PCS,1 PCS,1 PCS,,,5 PCS,
001222,SAC OPPO A52/A92,0 PCS,4 PCS,3 PCS,1 PCS,1 PCS,,,2 PCS,
001223,SAC OPPO A74/A95/F19,2 PCS,,,,,,,4 PCS,
001591,SAC OPPO A37/NEO 9,0 PCS,,,,2 PCS,,,,
001593,SAC OPPO A74/A95,0 PCS,5 PCS,3 PCS,2 PCS,,,,,
001594,SAC OPPO RENO 6 4G,3 PCS,5 PCS,5 PCS,,,,,4 PCS,
001843,SAC OPPO F7,0 PCS,3 PCS,,,,,,,
001844,SAC OPPO RENO 5,1 PCS,4 PCS,,,,,,,
001957,SAC OPPO A16,0 PCS,,,,0 PCS,,,,
001958,SAC OPPO A39/A57,0 PCS,,5 PCS,1 PCS,1 PCS,,,3 PCS,
002692,SAC OPPO F3/A77,,1 PCS,,,,,,,
003003,SAC OPPO A1K/REALME C2,0 PCS,0 PCS,0 PCS,0 PCS,0 PCS,0 PCS,0 PCS,0 PCS,
003030,SAC OPPO A5S/A7/A11K/A12,,,3 PCS,,,,,,
TOTAL,10.00,31.00,23.00,5.00,5.00,0.00,0.00,20.00,
Kode Item,Nama Item,BK CIJAMBE ,BK JH1 ,BK JH2 (C),BK7 ,BKC ,BUNISARI ,CISA (C),CK (C),
001219,SAC OPPO A15,,,,,,1 PCS,3 PCS,0 PCS,
001220,SAC OPPO A33/A53,,,,,,,2 PCS,,
001221,SAC OPPO A36/A76,,,,,,1 PCS,4 PCS,0 PCS,
,,,,,Bee Accounting,,,,,,,,
,15/09/2026,,,,,,,,
Kode Item,Nama Item,BK CIJAMBE ,BK JH1 ,BK JH2 (C),BK7 ,BKC ,BUNISARI ,CISA (C),CK (C),
001222,SAC OPPO A52/A92,,,,,,1 PCS,5 PCS,1 PCS,
001223,SAC OPPO A74/A95/F19,,,,,,,5 PCS,1 PCS,
001591,SAC OPPO A37/NEO 9,,,,,,0 PCS,1 PCS,,
001593,SAC OPPO A74/A95,,,,,,0 PCS,,,
001594,SAC OPPO RENO 6 4G,,,,,,0 PCS,,1 PCS,
001843,SAC OPPO F7,,,,,,0 PCS,,,
001844,SAC OPPO RENO 5,,,,,,0 PCS,,1 PCS,
001957,SAC OPPO A16,,,,,,0 PCS,,,
001958,SAC OPPO A39/A57,,,,,,0 PCS,1 PCS,,
002692,SAC OPPO F3/A77,,,,,,,,,
003003,SAC OPPO A1K/REALME C2,0 PCS,0 PCS,0 PCS,0 PCS,0 PCS,0 PCS,0 PCS,0 PCS,
003030,SAC OPPO A5S/A7/A11K/A12,,,,,,,0 PCS,,
TOTAL,0.00,0.00,0.00,0.00,0.00,3.00,21.00,4.00,
Kode Item,Nama Item,DM (C),GUDANG ,Gudang,PC 3 (A),PC 4 (C),PC 5 (C),PD 1 (C),PD 2 (C),
001219,SAC OPPO A15,1 PCS,,0 PCS,,,1 PCS,,,
001220,SAC OPPO A33/A53,2 PCS,,0 PCS,,,,,,
001221,SAC OPPO A36/A76,1 PCS,,0 PCS,3 PCS,,2 PCS,1 PCS,2 PCS,
001222,SAC OPPO A52/A92,1 PCS,,1 PCS,3 PCS,,3 PCS,,2 PCS,
001223,SAC OPPO A74/A95/F19,2 PCS,,3 PCS,5 PCS,,,,,
001591,SAC OPPO A37/NEO 9,0 PCS,,0 PCS,,,0 PCS,,,
001593,SAC OPPO A74/A95,0 PCS,,0 PCS,0 PCS,,3 PCS,2 PCS,,
001594,SAC OPPO RENO 6 4G,0 PCS,,0 PCS,4 PCS,,2 PCS,2 PCS,,
001843,SAC OPPO F7,0 PCS,,0 PCS,,,0 PCS,,,
001844,SAC OPPO RENO 5,0 PCS,,0 PCS,,,0 PCS,,,
001957,SAC OPPO A16,0 PCS,,0 PCS,0 PCS,,0 PCS,,2 PCS,
001958,SAC OPPO A39/A57,0 PCS,,0 PCS,,,0 PCS,,,
002692,SAC OPPO F3/A77,,,,,,,,,
003003,SAC OPPO A1K/REALME C2,0 PCS,0 PCS,0 PCS,1 PCS,0 PCS,0 PCS,1 PCS,0 PCS,
003030,SAC OPPO A5S/A7/A11K/A12,,,,,,,1 PCS,,
TOTAL,7.00,0.00,4.00,16.00,0.00,11.00,7.00,6.00,
Kode Item,Nama Item,RK (C),SA (C),SS (C),TOTAL,,,,,,
001219,SAC OPPO A15,,,,6 PCS,,,,,,
001220,SAC OPPO A33/A53,,,1 PCS,13 PCS,,,,,,
,,,,Bee Accounting,,,,,,,,
,15/09/2026,,,,,,,
Kode Item,Nama Item,RK (C),SA (C),SS (C),TOTAL,,,,,,
001221,SAC OPPO A36/A76,,,1 PCS,33 PCS,,,,,,
001222,SAC OPPO A52/A92,,,,28 PCS,,,,,,
001223,SAC OPPO A74/A95/F19,,,0 PCS,22 PCS,,,,,,
001591,SAC OPPO A37/NEO 9,,,,3 PCS,,,,,,
001593,SAC OPPO A74/A95,,,0 PCS,15 PCS,,,,,,
001594,SAC OPPO RENO 6 4G,,,,26 PCS,,,,,,
001843,SAC OPPO F7,,,,3 PCS,,,,,,
001844,SAC OPPO RENO 5,,,,6 PCS,,,,,,
001957,SAC OPPO A16,,,,2 PCS,,,,,,
001958,SAC OPPO A39/A57,,,,11 PCS,,,,,,
002692,SAC OPPO F3/A77,,,,1 PCS,,,,,,
003003,SAC OPPO A1K/REALME C2,0 PCS,0 PCS,0 PCS,2 PCS,,,,,,
003030,SAC OPPO A5S/A7/A11K/A12,,,,4 PCS,,,,,,
TOTAL,0.00,0.00,2.00,175.00,,,,,,
,Merk,Model,,,,,,,,,
,OPPO,TEMPERED GLASS,,,,,,,,,
Kode Item,Nama Item,ALFA 1 (C),ALFA 2 (C),ALFA 3 (C),ALFA 4 (C),ALFA 5 (C),ALFA 6 (C),ALFA 7 ,ASBER 1 (C),
002361,TGS OPPO RENO 6,2 PCS,2 PCS,2 PCS,0 PCS,2 PCS,1 PCS,0 PCS,1 PCS,
002362,TGS OPPO A74 5G,1 PCS,2 PCS,1 PCS,1 PCS,2 PCS,2 PCS,,1 PCS,
TOTAL,3.00,4.00,3.00,1.00,4.00,3.00,0.00,2.00,
Kode Item,Nama Item,ASBER 2 (C),BK CIJAMBE ,BK JH1 ,BK JH2 (C),BK6 ,BK7 ,BK8 BAKSAR ,BKC ,
002361,TGS OPPO RENO 6,1 PCS,2 PCS,1 PCS,2 PCS,1 PCS,1 PCS,,2 PCS,
002362,TGS OPPO A74 5G,0 PCS,2 PCS,0 PCS,2 PCS,1 PCS,1 PCS,1 PCS,1 PCS,
TOTAL,1.00,4.00,1.00,4.00,2.00,2.00,1.00,3.00,
Kode Item,Nama Item,BUNISARI ,CICUKANG ,CIKADUT 2,CIPAGALO ,CISA (C),CK (C),CL 1 ,CL 2 ,
002361,TGS OPPO RENO 6,1 PCS,1 PCS,1 PCS,1 PCS,2 PCS,1 PCS,1 PCS,1 PCS,
002362,TGS OPPO A74 5G,1 PCS,1 PCS,,1 PCS,1 PCS,1 PCS,1 PCS,1 PCS,
TOTAL,2.00,2.00,1.00,2.00,3.00,2.00,2.00,2.00,
Kode Item,Nama Item,CL 3 ,DM (C),Gudang,PC 3 (A),PC 4 (C),PC 5 (C),PD 1 (C),PD 2 (C),
002361,TGS OPPO RENO 6,1 PCS,2 PCS,0 PCS,2 PCS,1 PCS,1 PCS,1 PCS,2 PCS,
002362,TGS OPPO A74 5G,1 PCS,2 PCS,0 PCS,2 PCS,2 PCS,1 PCS,1 PCS,2 PCS,
TOTAL,2.00,4.00,0.00,4.00,3.00,2.00,2.00,4.00,
,,,,,Bee Accounting,,,,,,,,
,15/09/2026,,,,,,,,
Kode Item,Nama Item,RK (C),SA (C),SS (C),TOTAL,,,,,,
002361,TGS OPPO RENO 6,1 PCS,1 PCS,1 PCS,42 PCS,,,,,,
002362,TGS OPPO A74 5G,1 PCS,1 PCS,1 PCS,39 PCS,,,,,,
TOTAL,2.00,2.00,2.00,81.00,,,,,,
,Merk,Model,,,,,,,,,
,OPPO,TGB,,,,,,,,,
Kode Item,Nama Item,ALFA 1 (C),ALFA 2 (C),ALFA 3 (C),ALFA 4 (C),ALFA 5 (C),ALFA 6 (C),ALFA 7 ,ASBER 1 (C),
001287,TGB OPPO A39/A57,0 PCS,1 PCS,2 PCS,0 PCS,0 PCS,,,,
001288,TGB OPPO A3S/F7/REALME C1/REALME2,0 PCS,,,,0 PCS,,,2 PCS,
001289,TGB OPPO A5S/A7/A11K/A12,,,1 PCS,,0 PCS,,,,
001290,TGB OPPO RENO 5,2 PCS,1 PCS,1 PCS,,,,,,
001626,TGB OPPO A1K/REALME C2,0 PCS,0 PCS,0 PCS,,,,,,
001627,TGB OPPO A33/A53,0 PCS,,1 PCS,,0 PCS,,,,
001628,TGB OPPO A36/A76,0 PCS,,,0 PCS,,,,,
001629,TGB OPPO A37/NEO 9,0 PCS,0 PCS,0 PCS,,1 PCS,,,,
001630,TGB OPPO A5/A9/A11,0 PCS,,2 PCS,,,,,,
001631,TGB OPPO A52/A53 5G/A72 4G-5G/A73 5G/A92 4G,0 PCS,0 PCS,,,,,,,
001632,TGB OPPO A54 4G/A55 4G,2 PCS,0 PCS,,,,,,,
001633,TGB OPPO A57 2022,1 PCS,,,,,0 PCS,,,
001634,TGB OPPO A74 4G/A94 4G-5G/A95 4G-5G/F19 PRO/RENO5F,6 PCS,9 PCS,4 PCS,1 PCS,0 PCS,4 PCS,0 PCS,6 PCS,
001635,TGB OPPO A8/A31,0 PCS,,,,,,,,
001636,TGB OPPO F11,0 PCS,0 PCS,,,0 PCS,,,,
001637,TGB OPPO NEO 7,0 PCS,1 PCS,1 PCS,,,,,,
001638,TGB OPPO RENO 4F,6 PCS,5 PCS,5 PCS,1 PCS,2 PCS,5 PCS,,4 PCS,
001639,TGB OPPO RENO 6 4G,0 PCS,,,,,,,,
001849,TGB OPPO A15/A15S/A16/A16K,0 PCS,0 PCS,2 PCS,0 PCS,0 PCS,2 PCS,,3 PCS,
001851,TGB OPPO RENO 6,5 PCS,7 PCS,3 PCS,3 PCS,1 PCS,5 PCS,2 PCS,5 PCS,
TOTAL,22.00,24.00,22.00,5.00,4.00,16.00,2.00,20.00,
Kode Item,Nama Item,ASBER 2 (C),BK CIJAMBE ,BK JH1 ,BK JH2 (C),BK6 ,BK7 ,BK8 BAKSAR ,BKC ,
001287,TGB OPPO A39/A57,0 PCS,,,,,,,,
001288,TGB OPPO A3S/F7/REALME C1/REALME2,,,,,,,,,
001289,TGB OPPO A5S/A7/A11K/A12,,,,,,,,,
001290,TGB OPPO RENO 5,2 PCS,,,,,,,,
,,,,,Bee Accounting,,,,,,,,
,15/09/2026,,,,,,,,
Kode Item,Nama Item,ASBER 2 (C),BK CIJAMBE ,BK JH1 ,BK JH2 (C),BK6 ,BK7 ,BK8 BAKSAR ,BKC ,
001626,TGB OPPO A1K/REALME C2,,,,,,,,,
001627,TGB OPPO A33/A53,1 PCS,,,,,,,,
001628,TGB OPPO A36/A76,,,,,,,,,
001629,TGB OPPO A37/NEO 9,,,,,,,,,
001630,TGB OPPO A5/A9/A11,,,,,,,,,
001631,TGB OPPO A52/A53 5G/A72 4G-5G/A73 5G/A92 4G,,,,,,,,,
001632,TGB OPPO A54 4G/A55 4G,,,,,,,,,
001633,TGB OPPO A57 2022,,,,,,,,,
001634,TGB OPPO A74 4G/A94 4G-5G/A95 4G-5G/F19 PRO/RENO5F,4 PCS,6 PCS,0 PCS,4 PCS,2 PCS,4 PCS,1 PCS,6 PCS,
001635,TGB OPPO A8/A31,,,,,,,,,
001636,TGB OPPO F11,,,,,,,,,
001637,TGB OPPO NEO 7,,,,,,,,,
001638,TGB OPPO RENO 4F,2 PCS,4 PCS,0 PCS,6 PCS,,1 PCS,2 PCS,5 PCS,
001639,TGB OPPO RENO 6 4G,,,,,,,,,
001849,TGB OPPO A15/A15S/A16/A16K,0 PCS,4 PCS,0 PCS,2 PCS,1 PCS,5 PCS,1 PCS,1 PCS,
001851,TGB OPPO RENO 6,6 PCS,6 PCS,3 PCS,5 PCS,2 PCS,2 PCS,2 PCS,6 PCS,
TOTAL,15.00,20.00,3.00,17.00,5.00,12.00,6.00,18.00,
Kode Item,Nama Item,BUNISARI ,CICUKANG ,CIKADUT 2,CIPAGALO ,CISA (C),CK (C),CL 1 ,CL 2 ,
001287,TGB OPPO A39/A57,,,,,0 PCS,0 PCS,,,
001288,TGB OPPO A3S/F7/REALME C1/REALME2,0 PCS,,,,0 PCS,,,,
001289,TGB OPPO A5S/A7/A11K/A12,,,,,0 PCS,,,,
001290,TGB OPPO RENO 5,,,,,,,,,
001626,TGB OPPO A1K/REALME C2,0 PCS,,,,1 PCS,0 PCS,,,
001627,TGB OPPO A33/A53,1 PCS,,,,0 PCS,,,,
001628,TGB OPPO A36/A76,1 PCS,,,,,,,,
001629,TGB OPPO A37/NEO 9,0 PCS,,,,,,,,
001630,TGB OPPO A5/A9/A11,0 PCS,,,,,,,,
001631,TGB OPPO A52/A53 5G/A72 4G-5G/A73 5G/A92 4G,0 PCS,,,,,,,,
001632,TGB OPPO A54 4G/A55 4G,0 PCS,,,,,,,,
001633,TGB OPPO A57 2022,0 PCS,,,,,,,,
001634,TGB OPPO A74 4G/A94 4G-5G/A95 4G-5G/F19 PRO/RENO5F,5 PCS,2 PCS,2 PCS,2 PCS,4 PCS,7 PCS,2 PCS,,
,,,,Bee Accounting,,,,,,,,
,15/09/2026,,,,,,,
Kode Item,Nama Item,BUNISARI ,CICUKANG ,CIKADUT 2,CIPAGALO ,CISA (C),CK (C),CL 1 ,CL 2 ,
001635,TGB OPPO A8/A31,0 PCS,,,,,,,,
001636,TGB OPPO F11,0 PCS,,,,,,,,
001637,TGB OPPO NEO 7,0 PCS,,,,,,,,
001638,TGB OPPO RENO 4F,6 PCS,1 PCS,2 PCS,2 PCS,3 PCS,4 PCS,2 PCS,4 PCS,
001639,TGB OPPO RENO 6 4G,0 PCS,,,,,,,,
001849,TGB OPPO A15/A15S/A16/A16K,0 PCS,1 PCS,,2 PCS,0 PCS,1 PCS,,2 PCS,
001851,TGB OPPO RENO 6,4 PCS,2 PCS,2 PCS,2 PCS,5 PCS,3 PCS,,2 PCS,
TOTAL,17.00,6.00,6.00,8.00,13.00,15.00,4.00,8.00,
Kode Item,Nama Item,CL 3 ,DM (C),Gudang,PC 3 (A),PC 4 (C),PC 5 (C),PD 1 (C),PD 2 (C),
001287,TGB OPPO A39/A57,,1 PCS,0 PCS,1 PCS,,2 PCS,1 PCS,,
001288,TGB OPPO A3S/F7/REALME C1/REALME2,,0 PCS,0 PCS,0 PCS,,1 PCS,,,
001289,TGB OPPO A5S/A7/A11K/A12,,3 PCS,0 PCS,3 PCS,,7 PCS,,,
001290,TGB OPPO RENO 5,,1 PCS,0 PCS,3 PCS,,1 PCS,,,
001626,TGB OPPO A1K/REALME C2,,0 PCS,0 PCS,,,1 PCS,,,
001627,TGB OPPO A33/A53,,0 PCS,0 PCS,2 PCS,,2 PCS,,,
001628,TGB OPPO A36/A76,,0 PCS,0 PCS,2 PCS,,2 PCS,,,
001629,TGB OPPO A37/NEO 9,,0 PCS,0 PCS,1 PCS,,3 PCS,3 PCS,,
001630,TGB OPPO A5/A9/A11,,0 PCS,0 PCS,1 PCS,,2 PCS,,,
001631,TGB OPPO A52/A53 5G/A72 4G-5G/A73 5G/A92 4G,,0 PCS,0 PCS,2 PCS,,1 PCS,,,
001632,TGB OPPO A54 4G/A55 4G,,0 PCS,0 PCS,1 PCS,,2 PCS,,,
001633,TGB OPPO A57 2022,,0 PCS,0 PCS,1 PCS,,2 PCS,,,
001634,TGB OPPO A74 4G/A94 4G-5G/A95 4G-5G/F19 PRO/RENO5F,4 PCS,6 PCS,0 PCS,5 PCS,6 PCS,10 PCS,4 PCS,8 PCS,
001635,TGB OPPO A8/A31,,0 PCS,0 PCS,1 PCS,,2 PCS,,,
001636,TGB OPPO F11,,0 PCS,0 PCS,0 PCS,,1 PCS,,,
001637,TGB OPPO NEO 7,,0 PCS,0 PCS,0 PCS,,2 PCS,,,
001638,TGB OPPO RENO 4F,4 PCS,6 PCS,0 PCS,5 PCS,6 PCS,7 PCS,2 PCS,6 PCS,
001639,TGB OPPO RENO 6 4G,,0 PCS,0 PCS,,,3 PCS,,,
001849,TGB OPPO A15/A15S/A16/A16K,2 PCS,6 PCS,0 PCS,5 PCS,4 PCS,2 PCS,3 PCS,4 PCS,
001851,TGB OPPO RENO 6,3 PCS,6 PCS,0 PCS,8 PCS,6 PCS,4 PCS,4 PCS,6 PCS,
TOTAL,13.00,29.00,0.00,41.00,22.00,57.00,17.00,24.00,
Kode Item,Nama Item,RK (C),SA (C),SS (C),TOTAL,,,,,,
001287,TGB OPPO A39/A57,,,,8 PCS,,,,,,
,,,,Bee Accounting,,,,,,,,
,15/09/2026,,,,,,,
Kode Item,Nama Item,RK (C),SA (C),SS (C),TOTAL,,,,,,
001288,TGB OPPO A3S/F7/REALME C1/REALME2,,,,3 PCS,,,,,,
001289,TGB OPPO A5S/A7/A11K/A12,,,,14 PCS,,,,,,
001290,TGB OPPO RENO 5,,,,11 PCS,,,,,,
001626,TGB OPPO A1K/REALME C2,,,,2 PCS,,,,,,
001627,TGB OPPO A33/A53,,,,7 PCS,,,,,,
001628,TGB OPPO A36/A76,,,,5 PCS,,,,,,
001629,TGB OPPO A37/NEO 9,,,,8 PCS,,,,,,
001630,TGB OPPO A5/A9/A11,,,,5 PCS,,,,,,
001631,TGB OPPO A52/A53 5G/A72 4G-5G/A73 5G/A92 4G,,,,3 PCS,,,,,,
001632,TGB OPPO A54 4G/A55 4G,,,,5 PCS,,,,,,
001633,TGB OPPO A57 2022,,,,4 PCS,,,,,,
001634,TGB OPPO A74 4G/A94 4G-5G/A95 4G-5G/F19 PRO/RENO5F,3 PCS,1 PCS,3 PCS,131 PCS,,,,,,
001635,TGB OPPO A8/A31,,,,3 PCS,,,,,,
001636,TGB OPPO F11,,,,1 PCS,,,,,,
001637,TGB OPPO NEO 7,,,,4 PCS,,,,,,
001638,TGB OPPO RENO 4F,3 PCS,1 PCS,2 PCS,114 PCS,,,,,,
001639,TGB OPPO RENO 6 4G,,,,3 PCS,,,,,,
001849,TGB OPPO A15/A15S/A16/A16K,2 PCS,0 PCS,3 PCS,58 PCS,,,,,,
001851,TGB OPPO RENO 6,3 PCS,1 PCS,0 PCS,124 PCS,,,,,,
TOTAL,11.00,3.00,8.00,513.00,,,,,,
,Merk,Model,,,,,,,,,
,OPPO,TGC,,,,,,,,,
Kode Item,Nama Item,ALFA 1 (C),ALFA 2 (C),ALFA 3 (C),ALFA 4 (C),ALFA 5 (C),ALFA 6 (C),ALFA 7 ,ASBER 1 (C),
001301,TGC OPPO A15/A15S/A16/A16K,4 PCS,5 PCS,0 PCS,1 PCS,0 PCS,0 PCS,,3 PCS,
001302,TGC OPPO A54/A55 4G,,,,,1 PCS,,,,
001303,TGC OPPO A74 4G/A94 4G-5G/A95,,,,,,,,,
001687,TGC OPPO A33/A53,0 PCS,0 PCS,,0 PCS,,,,,
001688,TGC OPPO A37/NEO 9,0 PCS,2 PCS,1 PCS,,1 PCS,,,,
001689,TGC OPPO A5/A9/A11,2 PCS,2 PCS,0 PCS,,0 PCS,,,,
001690,TGC OPPO A52/A53 5G/A72 4G-5G/A73 5G/A92 4G,0 PCS,,2 PCS,,0 PCS,,,,
001691,TGC OPPO A54 4G/A55 4G,1 PCS,,2 PCS,,,,,,
001692,TGC OPPO A5S/A7/A11K/A12,4 PCS,1 PCS,3 PCS,1 PCS,3 PCS,0 PCS,,3 PCS,
,,,,,Bee Accounting,,,,,,,,
,15/09/2026,,,,,,,,
Kode Item,Nama Item,ALFA 1 (C),ALFA 2 (C),ALFA 3 (C),ALFA 4 (C),ALFA 5 (C),ALFA 6 (C),ALFA 7 ,ASBER 1 (C),
001693,TGC OPPO A74 4G/A94 4G-5G/A95 4G-5G/F19 PRO/RENO5F,3 PCS,5 PCS,3 PCS,3 PCS,3 PCS,5 PCS,1 PCS,6 PCS,
001694,TGC OPPO RENO 5,2 PCS,3 PCS,,,,,,,
001695,TGC OPPO RENO 6,7 PCS,8 PCS,6 PCS,4 PCS,5 PCS,5 PCS,2 PCS,6 PCS,
001966,TGC OPPO A57 2022,0 PCS,,1 PCS,,0 PCS,,,,
001967,TGC OPPO A8/A31,0 PCS,,,,0 PCS,,,,
001968,TGC OPPO RENO 4F,6 PCS,6 PCS,7 PCS,5 PCS,6 PCS,5 PCS,,6 PCS,
TOTAL,29.00,32.00,25.00,14.00,19.00,15.00,3.00,24.00,
Kode Item,Nama Item,ASBER 2 (C),BK CIJAMBE ,BK JH1 ,BK JH2 (C),BK6 ,BK7 ,BK8 BAKSAR ,BKC ,
001301,TGC OPPO A15/A15S/A16/A16K,0 PCS,6 PCS,0 PCS,5 PCS,2 PCS,2 PCS,1 PCS,5 PCS,
001302,TGC OPPO A54/A55 4G,,,,,,,,,
001303,TGC OPPO A74 4G/A94 4G-5G/A95,,,,,,,,,
001687,TGC OPPO A33/A53,,,,,,,,,
001688,TGC OPPO A37/NEO 9,0 PCS,,,,,,,,
001689,TGC OPPO A5/A9/A11,1 PCS,,,,2 PCS,,,,
001690,TGC OPPO A52/A53 5G/A72 4G-5G/A73 5G/A92 4G,1 PCS,,,,,,,,
001691,TGC OPPO A54 4G/A55 4G,,,,,,,,,
001692,TGC OPPO A5S/A7/A11K/A12,1 PCS,4 PCS,1 PCS,5 PCS,2 PCS,2 PCS,0 PCS,4 PCS,
001693,TGC OPPO A74 4G/A94 4G-5G/A95 4G-5G/F19 PRO/RENO5F,6 PCS,6 PCS,3 PCS,5 PCS,2 PCS,2 PCS,2 PCS,6 PCS,
001694,TGC OPPO RENO 5,,,,,,,,,
001695,TGC OPPO RENO 6,4 PCS,6 PCS,,,2 PCS,,,6 PCS,
001966,TGC OPPO A57 2022,,,,,,,,,
001967,TGC OPPO A8/A31,1 PCS,,,,,,,,
001968,TGC OPPO RENO 4F,8 PCS,6 PCS,4 PCS,6 PCS,2 PCS,3 PCS,,6 PCS,
TOTAL,22.00,28.00,8.00,21.00,12.00,9.00,3.00,27.00,
Kode Item,Nama Item,BUNISARI ,CICUKANG ,CIKADUT 2,CIPAGALO ,CISA (C),CK (C),CL 1 ,CL 2 ,
001301,TGC OPPO A15/A15S/A16/A16K,0 PCS,2 PCS,,,0 PCS,0 PCS,2 PCS,,
001302,TGC OPPO A54/A55 4G,,,,,,0 PCS,,,
001303,TGC OPPO A74 4G/A94 4G-5G/A95,,,,,,,,,
001687,TGC OPPO A33/A53,1 PCS,,,,,,,,
001688,TGC OPPO A37/NEO 9,0 PCS,,,,1 PCS,,,,
001689,TGC OPPO A5/A9/A11,0 PCS,,,,1 PCS,1 PCS,,,
,,,,Bee Accounting,,,,,,,,
,15/09/2026,,,,,,,
Kode Item,Nama Item,BUNISARI ,CICUKANG ,CIKADUT 2,CIPAGALO ,CISA (C),CK (C),CL 1 ,CL 2 ,
001690,TGC OPPO A52/A53 5G/A72 4G-5G/A73 5G/A92 4G,0 PCS,,,,,,,,
001691,TGC OPPO A54 4G/A55 4G,0 PCS,,,,,,,,
001692,TGC OPPO A5S/A7/A11K/A12,5 PCS,2 PCS,,,1 PCS,0 PCS,2 PCS,2 PCS,
001693,TGC OPPO A74 4G/A94 4G-5G/A95 4G-5G/F19 PRO/RENO5F,6 PCS,2 PCS,,2 PCS,4 PCS,7 PCS,2 PCS,2 PCS,
001694,TGC OPPO RENO 5,0 PCS,,,,,,,,
001695,TGC OPPO RENO 6,6 PCS,2 PCS,,2 PCS,5 PCS,5 PCS,2 PCS,2 PCS,
001966,TGC OPPO A57 2022,0 PCS,,,,,,,,
001967,TGC OPPO A8/A31,0 PCS,,,,,,,,
001968,TGC OPPO RENO 4F,5 PCS,2 PCS,2 PCS,2 PCS,7 PCS,6 PCS,2 PCS,2 PCS,
TOTAL,23.00,10.00,2.00,6.00,19.00,19.00,10.00,8.00,
Kode Item,Nama Item,CL 3 ,DM (C),Gudang,PC 3 (A),PC 4 (C),PC 5 (C),PD 1 (C),PD 2 (C),
001301,TGC OPPO A15/A15S/A16/A16K,,2 PCS,0 PCS,5 PCS,2 PCS,1 PCS,0 PCS,0 PCS,
001302,TGC OPPO A54/A55 4G,,2 PCS,0 PCS,,,,,,
001303,TGC OPPO A74 4G/A94 4G-5G/A95,,1 PCS,0 PCS,,,,,,
001687,TGC OPPO A33/A53,,0 PCS,0 PCS,1 PCS,,1 PCS,,,
001688,TGC OPPO A37/NEO 9,,0 PCS,0 PCS,2 PCS,,3 PCS,2 PCS,,
001689,TGC OPPO A5/A9/A11,,0 PCS,0 PCS,2 PCS,,3 PCS,,,
001690,TGC OPPO A52/A53 5G/A72 4G-5G/A73 5G/A92 4G,,0 PCS,0 PCS,1 PCS,,1 PCS,,,
001691,TGC OPPO A54 4G/A55 4G,,0 PCS,0 PCS,1 PCS,,1 PCS,1 PCS,,
001692,TGC OPPO A5S/A7/A11K/A12,2 PCS,0 PCS,0 PCS,4 PCS,4 PCS,4 PCS,0 PCS,0 PCS,
001693,TGC OPPO A74 4G/A94 4G-5G/A95 4G-5G/F19 PRO/RENO5F,2 PCS,5 PCS,0 PCS,6 PCS,6 PCS,7 PCS,4 PCS,5 PCS,
001694,TGC OPPO RENO 5,,0 PCS,0 PCS,2 PCS,,3 PCS,,,
001695,TGC OPPO RENO 6,,0 PCS,0 PCS,8 PCS,6 PCS,6 PCS,4 PCS,5 PCS,
001966,TGC OPPO A57 2022,,0 PCS,0 PCS,,,0 PCS,,,
001967,TGC OPPO A8/A31,,0 PCS,0 PCS,,,0 PCS,,,
001968,TGC OPPO RENO 4F,2 PCS,6 PCS,0 PCS,6 PCS,6 PCS,4 PCS,4 PCS,6 PCS,
TOTAL,6.00,16.00,0.00,38.00,24.00,34.00,15.00,16.00,
Kode Item,Nama Item,RK (C),SA (C),SS (C),TOTAL,,,,,,
001301,TGC OPPO A15/A15S/A16/A16K,4 PCS,2 PCS,0 PCS,54 PCS,,,,,,
001302,TGC OPPO A54/A55 4G,,,,3 PCS,,,,,,
001303,TGC OPPO A74 4G/A94 4G-5G/A95,,,,1 PCS,,,,,,
,,,,Bee Accounting,,,,,,,,
,15/09/2026,,,,,,,
Kode Item,Nama Item,RK (C),SA (C),SS (C),TOTAL,,,,,,
001687,TGC OPPO A33/A53,,,,3 PCS,,,,,,
001688,TGC OPPO A37/NEO 9,,,,12 PCS,,,,,,
001689,TGC OPPO A5/A9/A11,,,,14 PCS,,,,,,
001690,TGC OPPO A52/A53 5G/A72 4G-5G/A73 5G/A92 4G,,,,5 PCS,,,,,,
001691,TGC OPPO A54 4G/A55 4G,,,,6 PCS,,,,,,
001692,TGC OPPO A5S/A7/A11K/A12,5 PCS,2 PCS,1 PCS,68 PCS,,,,,,
001693,TGC OPPO A74 4G/A94 4G-5G/A95 4G-5G/F19 PRO/RENO5F,6 PCS,2 PCS,3 PCS,132 PCS,,,,,,
001694,TGC OPPO RENO 5,,,,10 PCS,,,,,,
001695,TGC OPPO RENO 6,6 PCS,2 PCS,2 PCS,124 PCS,,,,,,
001966,TGC OPPO A57 2022,,,,1 PCS,,,,,,
001967,TGC OPPO A8/A31,,,,1 PCS,,,,,,
001968,TGC OPPO RENO 4F,6 PCS,2 PCS,3 PCS,149 PCS,,,,,,
TOTAL,27.00,10.00,9.00,583.00,,,,,,
,Merk,Model,,,,,,,,,
,OPPO,TGCS,,,,,,,,,
Kode Item,Nama Item,ALFA 1 (C),ALFA 2 (C),ALFA 3 (C),ALFA 4 (C),ALFA 5 (C),ALFA 6 (C),ALFA 7 ,ASBER 1 (C),
001314,TGCS OPPO A15/A15S/A16/A16K,,,,,,,,,
001315,TGCS OPPO A1K/REALME C2,,,1 PCS,,,,,,
001722,TGCS OPPO A36/A76,0 PCS,2 PCS,,,,,,,
001723,TGCS OPPO A37/NEO 9,0 PCS,3 PCS,2 PCS,,2 PCS,,,,
001724,TGCS OPPO A5/A9/A11,0 PCS,,1 PCS,,1 PCS,,,,
001725,TGCS OPPO A54 4G/A55 4G,1 PCS,,,,,,,,
001726,TGCS OPPO A5S/A7/A11K/A12,0 PCS,1 PCS,1 PCS,,,,,,
001727,TGCS OPPO A74 4G/A94 4G-5G/A95 4G-5G/F19PRO/RENO5F,2 PCS,,1 PCS,,,,,,
001728,TGCS OPPO A8/A31,1 PCS,,,,,,,,
001729,TGCS OPPO F11,0 PCS,,2 PCS,,0 PCS,,,,
001730,TGCS OPPO RENO 4F,2 PCS,2 PCS,3 PCS,2 PCS,1 PCS,2 PCS,,2 PCS,
001731,TGCS OPPO RENO 5,2 PCS,1 PCS,1 PCS,,0 PCS,,,,
001732,TGCS OPPO RENO 6 4G,5 PCS,2 PCS,2 PCS,1 PCS,2 PCS,2 PCS,0 PCS,1 PCS,
001873,TGCS OPPO A3S/F7/REALME C1/REALME2,1 PCS,,,,0 PCS,,,,
001913,TGCS OPPO A33/A53,0 PCS,0 PCS,,,,,,,
001981,TGCS OPPO A39/A57,0 PCS,,1 PCS,,0 PCS,,,,
,,,,,Bee Accounting,,,,,,,,
,15/09/2026,,,,,,,,
Kode Item,Nama Item,ALFA 1 (C),ALFA 2 (C),ALFA 3 (C),ALFA 4 (C),ALFA 5 (C),ALFA 6 (C),ALFA 7 ,ASBER 1 (C),
001982,TGCS OPPO A57 2022,0 PCS,,0 PCS,,0 PCS,,,,
002340,TGCS OPPO A74 5G,2 PCS,0 PCS,0 PCS,1 PCS,1 PCS,2 PCS,,1 PCS,
003033,TGCS OPPO A31/A8,,,0 PCS,0 PCS,,,,,
TOTAL,16.00,11.00,15.00,4.00,7.00,6.00,0.00,4.00,
Kode Item,Nama Item,ASBER 2 (C),BK CIJAMBE ,BK JH1 ,BK JH2 (C),BK6 ,BK7 ,BK8 BAKSAR ,BKC ,
001314,TGCS OPPO A15/A15S/A16/A16K,,,,,,,,,
001315,TGCS OPPO A1K/REALME C2,,,,,,,,,
001722,TGCS OPPO A36/A76,1 PCS,,,,,,,,
001723,TGCS OPPO A37/NEO 9,2 PCS,,,,1 PCS,,,,
001724,TGCS OPPO A5/A9/A11,2 PCS,,,,,,,,
001725,TGCS OPPO A54 4G/A55 4G,,,,,,,,,
001726,TGCS OPPO A5S/A7/A11K/A12,,,,,,,,,
001727,TGCS OPPO A74 4G/A94 4G-5G/A95 4G-5G/F19PRO/RENO5F,3 PCS,,,,,,,,
001728,TGCS OPPO A8/A31,,,,,,,,,
001729,TGCS OPPO F11,,,,,,,,,
001730,TGCS OPPO RENO 4F,3 PCS,2 PCS,1 PCS,2 PCS,1 PCS,1 PCS,,2 PCS,
001731,TGCS OPPO RENO 5,,,,,,,,,
001732,TGCS OPPO RENO 6 4G,2 PCS,2 PCS,1 PCS,2 PCS,1 PCS,1 PCS,1 PCS,2 PCS,
001873,TGCS OPPO A3S/F7/REALME C1/REALME2,,,,,,,,,
001913,TGCS OPPO A33/A53,4 PCS,,,,,,,,
001981,TGCS OPPO A39/A57,1 PCS,,,,,,,,
001982,TGCS OPPO A57 2022,0 PCS,,,,,,,,
002340,TGCS OPPO A74 5G,1 PCS,2 PCS,1 PCS,1 PCS,,1 PCS,1 PCS,1 PCS,
003033,TGCS OPPO A31/A8,,,,,,,,,
TOTAL,19.00,6.00,3.00,5.00,3.00,3.00,2.00,5.00,
Kode Item,Nama Item,BUNISARI ,CICUKANG ,CIKADUT 2,CIPAGALO ,CISA (C),CK (C),CL 1 ,CL 2 ,
001314,TGCS OPPO A15/A15S/A16/A16K,,,,,,,,,
001315,TGCS OPPO A1K/REALME C2,,,,,,,,,
001722,TGCS OPPO A36/A76,0 PCS,,,,,1 PCS,,,
001723,TGCS OPPO A37/NEO 9,0 PCS,,,1 PCS,2 PCS,,,,
001724,TGCS OPPO A5/A9/A11,0 PCS,,,,,,,,
001725,TGCS OPPO A54 4G/A55 4G,0 PCS,,,,,,,,
,,,,Bee Accounting,,,,,,,,
,15/09/2026,,,,,,,
Kode Item,Nama Item,BUNISARI ,CICUKANG ,CIKADUT 2,CIPAGALO ,CISA (C),CK (C),CL 1 ,CL 2 ,
001726,TGCS OPPO A5S/A7/A11K/A12,0 PCS,,,,,,,,
001727,TGCS OPPO A74 4G/A94 4G-5G/A95 4G-5G/F19PRO/RENO5F,0 PCS,,,,2 PCS,0 PCS,,,
001728,TGCS OPPO A8/A31,0 PCS,,,,,,,,
001729,TGCS OPPO F11,0 PCS,,,,,,,,
001730,TGCS OPPO RENO 4F,2 PCS,2 PCS,0 PCS,1 PCS,2 PCS,2 PCS,1 PCS,1 PCS,
001731,TGCS OPPO RENO 5,0 PCS,,,,,1 PCS,,,
001732,TGCS OPPO RENO 6 4G,0 PCS,1 PCS,1 PCS,1 PCS,1 PCS,2 PCS,1 PCS,1 PCS,
001873,TGCS OPPO A3S/F7/REALME C1/REALME2,0 PCS,,,,0 PCS,,,,
001913,TGCS OPPO A33/A53,0 PCS,,,,,,,,
001981,TGCS OPPO A39/A57,0 PCS,,,,1 PCS,,,,
001982,TGCS OPPO A57 2022,1 PCS,,,,,,,,
002340,TGCS OPPO A74 5G,0 PCS,1 PCS,,1 PCS,0 PCS,0 PCS,1 PCS,1 PCS,
003033,TGCS OPPO A31/A8,,,,,,,,,
TOTAL,3.00,4.00,1.00,4.00,8.00,6.00,3.00,3.00,
Kode Item,Nama Item,CL 3 ,DM (C),Gudang,PC 3 (A),PC 4 (C),PC 5 (C),PD 1 (C),PD 2 (C),
001314,TGCS OPPO A15/A15S/A16/A16K,,1 PCS,0 PCS,,,1 PCS,,,
001315,TGCS OPPO A1K/REALME C2,,2 PCS,0 PCS,,,,1 PCS,,
001722,TGCS OPPO A36/A76,,0 PCS,0 PCS,4 PCS,,3 PCS,,,
001723,TGCS OPPO A37/NEO 9,,0 PCS,0 PCS,3 PCS,,2 PCS,1 PCS,,
001724,TGCS OPPO A5/A9/A11,,0 PCS,0 PCS,2 PCS,,0 PCS,,,
001725,TGCS OPPO A54 4G/A55 4G,,0 PCS,0 PCS,,,0 PCS,,,
001726,TGCS OPPO A5S/A7/A11K/A12,,0 PCS,0 PCS,0 PCS,,0 PCS,,,
001727,TGCS OPPO A74 4G/A94 4G-5G/A95 4G-5G/F19PRO/RENO5F,,0 PCS,0 PCS,2 PCS,,1 PCS,,2 PCS,
001728,TGCS OPPO A8/A31,,0 PCS,0 PCS,2 PCS,,0 PCS,,,
001729,TGCS OPPO F11,,0 PCS,0 PCS,,,1 PCS,,,
001730,TGCS OPPO RENO 4F,1 PCS,2 PCS,0 PCS,1 PCS,2 PCS,1 PCS,2 PCS,2 PCS,
001731,TGCS OPPO RENO 5,,0 PCS,0 PCS,3 PCS,,1 PCS,,,
001732,TGCS OPPO RENO 6 4G,1 PCS,2 PCS,0 PCS,5 PCS,2 PCS,2 PCS,1 PCS,2 PCS,
001873,TGCS OPPO A3S/F7/REALME C1/REALME2,,0 PCS,0 PCS,1 PCS,,0 PCS,,,
001913,TGCS OPPO A33/A53,,0 PCS,0 PCS,,,0 PCS,,,
001981,TGCS OPPO A39/A57,,0 PCS,0 PCS,,,0 PCS,,,
001982,TGCS OPPO A57 2022,,0 PCS,0 PCS,,,0 PCS,,,
,,,,Bee Accounting,,,,,,,,
,15/09/2026,,,,,,,
Kode Item,Nama Item,CL 3 ,DM (C),Gudang,PC 3 (A),PC 4 (C),PC 5 (C),PD 1 (C),PD 2 (C),
002340,TGCS OPPO A74 5G,1 PCS,2 PCS,0 PCS,2 PCS,0 PCS,1 PCS,1 PCS,2 PCS,
003033,TGCS OPPO A31/A8,,,,,,,,,
TOTAL,3.00,9.00,0.00,25.00,4.00,13.00,6.00,8.00,
Kode Item,Nama Item,RK (C),SA (C),SS (C),TOTAL,,,,,,
001314,TGCS OPPO A15/A15S/A16/A16K,,,,2 PCS,,,,,,
001315,TGCS OPPO A1K/REALME C2,,,,4 PCS,,,,,,
001722,TGCS OPPO A36/A76,,,,11 PCS,,,,,,
001723,TGCS OPPO A37/NEO 9,,,,19 PCS,,,,,,
001724,TGCS OPPO A5/A9/A11,,,,6 PCS,,,,,,
001725,TGCS OPPO A54 4G/A55 4G,,,,1 PCS,,,,,,
001726,TGCS OPPO A5S/A7/A11K/A12,,,,2 PCS,,,,,,
001727,TGCS OPPO A74 4G/A94 4G-5G/A95 4G-5G/F19PRO/RENO5F,,,,13 PCS,,,,,,
001728,TGCS OPPO A8/A31,,,,3 PCS,,,,,,
001729,TGCS OPPO F11,,,,3 PCS,,,,,,
001730,TGCS OPPO RENO 4F,1 PCS,0 PCS,1 PCS,50 PCS,,,,,,
001731,TGCS OPPO RENO 5,,,,9 PCS,,,,,,
001732,TGCS OPPO RENO 6 4G,0 PCS,1 PCS,1 PCS,52 PCS,,,,,,
001873,TGCS OPPO A3S/F7/REALME C1/REALME2,,,,2 PCS,,,,,,
001913,TGCS OPPO A33/A53,,,,4 PCS,,,,,,
001981,TGCS OPPO A39/A57,,,,3 PCS,,,,,,
001982,TGCS OPPO A57 2022,,,,1 PCS,,,,,,
002340,TGCS OPPO A74 5G,1 PCS,0 PCS,1 PCS,30 PCS,,,,,,
003033,TGCS OPPO A31/A8,,,,0 PCS,,,,,,
TOTAL,2.00,1.00,3.00,215.00,,,,,,
,Merk,Model,,,,,,,,,
,OPPO,TGF,,,,,,,,,
Kode Item,Nama Item,ALFA 1 (C),ALFA 2 (C),ALFA 3 (C),ALFA 4 (C),ALFA 5 (C),ALFA 6 (C),ALFA 7 ,ASBER 1 (C),
001329,TGF OPPO A5/A9/A11,0 PCS,2 PCS,1 PCS,0 PCS,2 PCS,,,,
001330,TGF OPPO A74 4G/A94 4G-5G/A95,,,,,,,,,
001772,TGF OPPO A1K/REALME C2,1 PCS,2 PCS,3 PCS,,0 PCS,,,,
001773,TGF OPPO A33/A53,1 PCS,2 PCS,2 PCS,,1 PCS,,,,
001774,TGF OPPO A36/A76,1 PCS,2 PCS,1 PCS,,2 PCS,,,,
001775,TGF OPPO A37/NEO 9,0 PCS,2 PCS,2 PCS,,,,,,
,,,,,Bee Accounting,,,,,,,,
,15/09/2026,,,,,,,,
Kode Item,Nama Item,ALFA 1 (C),ALFA 2 (C),ALFA 3 (C),ALFA 4 (C),ALFA 5 (C),ALFA 6 (C),ALFA 7 ,ASBER 1 (C),
001776,TGF OPPO A39/A57,0 PCS,2 PCS,,,,,,,
001777,TGF OPPO A52/A53 5G/A72 4G-5G/A73 5G/A92 4G,0 PCS,2 PCS,2 PCS,,1 PCS,,,,
001778,TGF OPPO A5S/A7/A11K/A12,3 PCS,5 PCS,5 PCS,0 PCS,5 PCS,0 PCS,,4 PCS,
001779,TGF OPPO A71,0 PCS,2 PCS,,,,,,,
001780,TGF OPPO A74 4G/A94 4G-5G/A95 4G-5G/F19 PRO/RENO5F,2 PCS,0 PCS,4 PCS,,2 PCS,,,,
001781,TGF OPPO RENO 4F,6 PCS,12 PCS,8 PCS,5 PCS,7 PCS,6 PCS,2 PCS,4 PCS,
001782,TGF OPPO RENO 5,0 PCS,4 PCS,1 PCS,,2 PCS,,,,
001783,TGF OPPO RENO 6,6 PCS,8 PCS,8 PCS,6 PCS,8 PCS,5 PCS,2 PCS,4 PCS,
001942,TGF OPPO A3S/F7/REALME C1/REALME 2,0 PCS,0 PCS,1 PCS,,2 PCS,,,,
001989,TGF OPPO A54/A55 4G,0 PCS,,0 PCS,,2 PCS,,,,
001990,TGF OPPO A57 2022,0 PCS,,1 PCS,,2 PCS,,,,
001991,TGF OPPO A8/A31,0 PCS,,2 PCS,,1 PCS,,,,
001992,TGF OPPO F11,0 PCS,0 PCS,1 PCS,,2 PCS,,,,
001993,TGF OPPO F7 YOUTH,0 PCS,,2 PCS,,2 PCS,,,,
002327,TGF OPPO A74 5G,6 PCS,6 PCS,5 PCS,1 PCS,6 PCS,6 PCS,0 PCS,4 PCS,
003013,TGF OPPO A15/A15S/A16/A16K,1 PCS,4 PCS,5 PCS,0 PCS,5 PCS,3 PCS,,4 PCS,
003014,TGF OPPO A16E/A16K,0 PCS,0 PCS,2 PCS,0 PCS,0 PCS,0 PCS,,0 PCS,
TOTAL,27.00,55.00,56.00,12.00,52.00,20.00,4.00,20.00,
Kode Item,Nama Item,ASBER 2 (C),BK CIJAMBE ,BK JH1 ,BK JH2 (C),BK6 ,BK7 ,BKC ,BUNISARI ,
001329,TGF OPPO A5/A9/A11,1 PCS,,,,,,,,
001330,TGF OPPO A74 4G/A94 4G-5G/A95,,,,,,,,,
001772,TGF OPPO A1K/REALME C2,,,,,,,,1 PCS,
001773,TGF OPPO A33/A53,1 PCS,,,,,,,0 PCS,
001774,TGF OPPO A36/A76,1 PCS,,,,,,,0 PCS,
001775,TGF OPPO A37/NEO 9,0 PCS,,,,,,,0 PCS,
001776,TGF OPPO A39/A57,,,,,,,,0 PCS,
001777,TGF OPPO A52/A53 5G/A72 4G-5G/A73 5G/A92 4G,2 PCS,,,,,,,0 PCS,
001778,TGF OPPO A5S/A7/A11K/A12,3 PCS,4 PCS,2 PCS,5 PCS,2 PCS,1 PCS,5 PCS,2 PCS,
001779,TGF OPPO A71,,,,,,,,0 PCS,
001780,TGF OPPO A74 4G/A94 4G-5G/A95 4G-5G/F19 PRO/RENO5F,,,,,,,,0 PCS,
001781,TGF OPPO RENO 4F,7 PCS,5 PCS,4 PCS,8 PCS,2 PCS,3 PCS,6 PCS,4 PCS,
,,,,Bee Accounting,,,,,,,,
,15/09/2026,,,,,,,
Kode Item,Nama Item,ASBER 2 (C),BK CIJAMBE ,BK JH1 ,BK JH2 (C),BK6 ,BK7 ,BKC ,BUNISARI ,
001782,TGF OPPO RENO 5,4 PCS,,,,,,,0 PCS,
001783,TGF OPPO RENO 6,8 PCS,6 PCS,4 PCS,8 PCS,2 PCS,4 PCS,6 PCS,5 PCS,
001942,TGF OPPO A3S/F7/REALME C1/REALME 2,,,,,,,,0 PCS,
001989,TGF OPPO A54/A55 4G,1 PCS,,,,,,,0 PCS,
001990,TGF OPPO A57 2022,2 PCS,,,,,,,0 PCS,
001991,TGF OPPO A8/A31,2 PCS,,,,,,,0 PCS,
001992,TGF OPPO F11,,,,,,,,0 PCS,
001993,TGF OPPO F7 YOUTH,0 PCS,,,,,,,0 PCS,
002327,TGF OPPO A74 5G,6 PCS,6 PCS,3 PCS,7 PCS,2 PCS,1 PCS,6 PCS,4 PCS,
003013,TGF OPPO A15/A15S/A16/A16K,5 PCS,5 PCS,0 PCS,3 PCS,,1 PCS,3 PCS,0 PCS,
003014,TGF OPPO A16E/A16K,0 PCS,0 PCS,0 PCS,0 PCS,,0 PCS,0 PCS,0 PCS,
TOTAL,43.00,26.00,13.00,31.00,8.00,10.00,26.00,16.00,
Kode Item,Nama Item,CICUKANG ,CISA (C),CK (C),CL 1 ,CL 2 ,CL 3 ,DM (C),GUDANG ,
001329,TGF OPPO A5/A9/A11,,0 PCS,,,,,0 PCS,,
001330,TGF OPPO A74 4G/A94 4G-5G/A95,,,,,,,1 PCS,,
001772,TGF OPPO A1K/REALME C2,,1 PCS,1 PCS,,,,0 PCS,,
001773,TGF OPPO A33/A53,,0 PCS,,,,,0 PCS,,
001774,TGF OPPO A36/A76,,2 PCS,,,,,0 PCS,,
001775,TGF OPPO A37/NEO 9,,0 PCS,,,,,0 PCS,,
001776,TGF OPPO A39/A57,,0 PCS,,,,,0 PCS,,
001777,TGF OPPO A52/A53 5G/A72 4G-5G/A73 5G/A92 4G,,0 PCS,,,,,0 PCS,,
001778,TGF OPPO A5S/A7/A11K/A12,0 PCS,1 PCS,1 PCS,2 PCS,0 PCS,4 PCS,2 PCS,,
001779,TGF OPPO A71,,,,,,,0 PCS,,
001780,TGF OPPO A74 4G/A94 4G-5G/A95 4G-5G/F19 PRO/RENO5F,,1 PCS,2 PCS,,,,0 PCS,,
001781,TGF OPPO RENO 4F,1 PCS,5 PCS,6 PCS,2 PCS,2 PCS,4 PCS,5 PCS,,
001782,TGF OPPO RENO 5,,1 PCS,,,,,0 PCS,,
001783,TGF OPPO RENO 6,2 PCS,6 PCS,3 PCS,2 PCS,,4 PCS,5 PCS,,
001942,TGF OPPO A3S/F7/REALME C1/REALME 2,,,,,,,0 PCS,,
001989,TGF OPPO A54/A55 4G,,1 PCS,,,,,0 PCS,,
001990,TGF OPPO A57 2022,,,,,,,0 PCS,,
001991,TGF OPPO A8/A31,,1 PCS,,,,,0 PCS,,
001992,TGF OPPO F11,,,,,,,0 PCS,,
,,,,Bee Accounting,,,,,,,,
,15/09/2026,,,,,,,
Kode Item,Nama Item,CICUKANG ,CISA (C),CK (C),CL 1 ,CL 2 ,CL 3 ,DM (C),GUDANG ,
001993,TGF OPPO F7 YOUTH,,,,,,,0 PCS,,
002327,TGF OPPO A74 5G,2 PCS,2 PCS,6 PCS,2 PCS,2 PCS,3 PCS,3 PCS,,
003013,TGF OPPO A15/A15S/A16/A16K,1 PCS,0 PCS,0 PCS,1 PCS,1 PCS,2 PCS,4 PCS,0 PCS,
003014,TGF OPPO A16E/A16K,,1 PCS,0 PCS,,,,0 PCS,0 PCS,
TOTAL,6.00,22.00,19.00,9.00,5.00,17.00,20.00,0.00,
Kode Item,Nama Item,Gudang,PC 3 (A),PC 4 (C),PC 5 (C),PD 1 (C),PD 2 (C),RK (C),SA (C),
001329,TGF OPPO A5/A9/A11,0 PCS,3 PCS,,,1 PCS,2 PCS,,,
001330,TGF OPPO A74 4G/A94 4G-5G/A95,0 PCS,1 PCS,,,,,,,
001772,TGF OPPO A1K/REALME C2,0 PCS,1 PCS,,0 PCS,,,,,
001773,TGF OPPO A33/A53,0 PCS,1 PCS,,1 PCS,,,,,
001774,TGF OPPO A36/A76,0 PCS,2 PCS,,2 PCS,,,,,
001775,TGF OPPO A37/NEO 9,0 PCS,1 PCS,,1 PCS,1 PCS,,,,
001776,TGF OPPO A39/A57,0 PCS,1 PCS,,1 PCS,,,,,
001777,TGF OPPO A52/A53 5G/A72 4G-5G/A73 5G/A92 4G,0 PCS,2 PCS,,2 PCS,,,,,
001778,TGF OPPO A5S/A7/A11K/A12,0 PCS,5 PCS,5 PCS,2 PCS,4 PCS,5 PCS,1 PCS,2 PCS,
001779,TGF OPPO A71,0 PCS,2 PCS,,2 PCS,,2 PCS,,,
001780,TGF OPPO A74 4G/A94 4G-5G/A95 4G-5G/F19 PRO/RENO5F,0 PCS,0 PCS,,2 PCS,3 PCS,2 PCS,,,
001781,TGF OPPO RENO 4F,0 PCS,8 PCS,6 PCS,5 PCS,6 PCS,6 PCS,4 PCS,2 PCS,
001782,TGF OPPO RENO 5,0 PCS,2 PCS,,2 PCS,,,,,
001783,TGF OPPO RENO 6,0 PCS,5 PCS,6 PCS,7 PCS,6 PCS,6 PCS,4 PCS,2 PCS,
001942,TGF OPPO A3S/F7/REALME C1/REALME 2,0 PCS,,,0 PCS,,,,,
001989,TGF OPPO A54/A55 4G,0 PCS,0 PCS,,0 PCS,,,,,
001990,TGF OPPO A57 2022,0 PCS,,,0 PCS,,,,,
001991,TGF OPPO A8/A31,0 PCS,,,0 PCS,,,,,
001992,TGF OPPO F11,0 PCS,1 PCS,,0 PCS,,,,,
001993,TGF OPPO F7 YOUTH,0 PCS,,,0 PCS,,,,,
002327,TGF OPPO A74 5G,1 PCS,5 PCS,6 PCS,4 PCS,6 PCS,6 PCS,2 PCS,2 PCS,
003013,TGF OPPO A15/A15S/A16/A16K,0 PCS,5 PCS,5 PCS,1 PCS,2 PCS,6 PCS,3 PCS,2 PCS,
003014,TGF OPPO A16E/A16K,0 PCS,1 PCS,0 PCS,0 PCS,0 PCS,0 PCS,0 PCS,0 PCS,
TOTAL,1.00,46.00,28.00,32.00,29.00,35.00,14.00,10.00,
Kode Item,Nama Item,SS (C),TOTAL,,,,,,,,
001329,TGF OPPO A5/A9/A11,,12 PCS,,,,,,,,
,,,,Bee Accounting,,,,,,,,
,15/09/2026,,,,,,,
Kode Item,Nama Item,SS (C),TOTAL,,,,,,,,
001330,TGF OPPO A74 4G/A94 4G-5G/A95,,2 PCS,,,,,,,,
001772,TGF OPPO A1K/REALME C2,,10 PCS,,,,,,,,
001773,TGF OPPO A33/A53,,9 PCS,,,,,,,,
001774,TGF OPPO A36/A76,,13 PCS,,,,,,,,
001775,TGF OPPO A37/NEO 9,,7 PCS,,,,,,,,
001776,TGF OPPO A39/A57,,4 PCS,,,,,,,,
001777,TGF OPPO A52/A53 5G/A72 4G-5G/A73 5G/A92 4G,,11 PCS,,,,,,,,
001778,TGF OPPO A5S/A7/A11K/A12,3 PCS,83 PCS,,,,,,,,
001779,TGF OPPO A71,,8 PCS,,,,,,,,
001780,TGF OPPO A74 4G/A94 4G-5G/A95 4G-5G/F19 PRO/RENO5F,,18 PCS,,,,,,,,
001781,TGF OPPO RENO 4F,4 PCS,155 PCS,,,,,,,,
001782,TGF OPPO RENO 5,,16 PCS,,,,,,,,
001783,TGF OPPO RENO 6,5 PCS,153 PCS,,,,,,,,
001942,TGF OPPO A3S/F7/REALME C1/REALME 2,,3 PCS,,,,,,,,
001989,TGF OPPO A54/A55 4G,,4 PCS,,,,,,,,
001990,TGF OPPO A57 2022,,5 PCS,,,,,,,,
001991,TGF OPPO A8/A31,,6 PCS,,,,,,,,
001992,TGF OPPO F11,,4 PCS,,,,,,,,
001993,TGF OPPO F7 YOUTH,,4 PCS,,,,,,,,
002327,TGF OPPO A74 5G,4 PCS,125 PCS,,,,,,,,
003013,TGF OPPO A15/A15S/A16/A16K,2 PCS,74 PCS,,,,,,,,
003014,TGF OPPO A16E/A16K,0 PCS,4 PCS,,,,,,,,
TOTAL,18.00,730.00,,,,,,,,
,Merk,Model,,,,,,,,,
,REALME,CASING DOVE,,,,,,,,,
Kode Item,Nama Item,ALFA 1 (C),ALFA 2 (C),ALFA 3 (C),ALFA 4 (C),ALFA 5 (C),ALFA 6 (C),ASBER 1 (C),ASBER 2 (C),
001158,DOVE REALME C11,0 PCS,0 PCS,,,,,,,
001159,DOVE REALME C21,,4 PCS,0 PCS,,,,,,
001534,DOVE REALME C11 2021/C20,0 PCS,3 PCS,,,3 PCS,,,,
001535,DOVE REALME C35,1 PCS,4 PCS,3 PCS,,5 PCS,,,1 PCS,
001919,DOVE REALME 9/9 PRO+,0 PCS,,5 PCS,,5 PCS,,,6 PCS,
001920,DOVE REALME C31,0 PCS,,5 PCS,,2 PCS,,,2 PCS,
001944,DOVE REALME 6,0 PCS,,4 PCS,,5 PCS,,,2 PCS,
,,,,,Bee Accounting,,,,,,,,
,15/09/2026,,,,,,,,
Kode Item,Nama Item,ALFA 1 (C),ALFA 2 (C),ALFA 3 (C),ALFA 4 (C),ALFA 5 (C),ALFA 6 (C),ASBER 1 (C),ASBER 2 (C),
001945,DOVE REALME C12,0 PCS,,0 PCS,,0 PCS,,,1 PCS,
001946,DOVE REALME C17/7I,0 PCS,,5 PCS,,4 PCS,,,,
003028,DOVE REALME 9 PRO,,,5 PCS,,,,,3 PCS,
003052,DOVE REALME 5/5I/5S/C3,0 PCS,3 PCS,0 PCS,0 PCS,0 PCS,0 PCS,0 PCS,0 PCS,
TOTAL,1.00,14.00,27.00,0.00,24.00,0.00,0.00,15.00,
Kode Item,Nama Item,BK CIJAMBE ,BK JH1 ,BK JH2 (C),BK7 ,BKC ,BUNISARI ,CISA (C),CK (C),
001158,DOVE REALME C11,,,,,,,0 PCS,,
001159,DOVE REALME C21,,,,,,,,,
001534,DOVE REALME C11 2021/C20,,,,,,0 PCS,2 PCS,,
001535,DOVE REALME C35,,,,,,1 PCS,1 PCS,,
001919,DOVE REALME 9/9 PRO+,,,,,,2 PCS,3 PCS,2 PCS,
001920,DOVE REALME C31,,,,,,1 PCS,4 PCS,,
001944,DOVE REALME 6,,,,,,0 PCS,4 PCS,2 PCS,
001945,DOVE REALME C12,,,,,,0 PCS,0 PCS,,
001946,DOVE REALME C17/7I,,,,,,0 PCS,,,
003028,DOVE REALME 9 PRO,,,,,,,5 PCS,,
003052,DOVE REALME 5/5I/5S/C3,0 PCS,0 PCS,0 PCS,0 PCS,0 PCS,0 PCS,1 PCS,0 PCS,
TOTAL,0.00,0.00,0.00,0.00,0.00,4.00,20.00,4.00,
Kode Item,Nama Item,DM (C),GUDANG ,Gudang,PC 3 (A),PC 4 (C),PC 5 (C),PD 1 (C),PD 2 (C),
001158,DOVE REALME C11,0 PCS,,0 PCS,4 PCS,,0 PCS,0 PCS,,
001159,DOVE REALME C21,1 PCS,,0 PCS,0 PCS,,2 PCS,0 PCS,,
001534,DOVE REALME C11 2021/C20,0 PCS,,0 PCS,3 PCS,,2 PCS,,,
001535,DOVE REALME C35,0 PCS,,0 PCS,3 PCS,,2 PCS,2 PCS,,
001919,DOVE REALME 9/9 PRO+,0 PCS,,0 PCS,,,0 PCS,,,
001920,DOVE REALME C31,0 PCS,,0 PCS,,,0 PCS,,,
001944,DOVE REALME 6,0 PCS,,0 PCS,,,0 PCS,,,
001945,DOVE REALME C12,0 PCS,,0 PCS,,,0 PCS,,,
001946,DOVE REALME C17/7I,0 PCS,,0 PCS,,,0 PCS,,,
003028,DOVE REALME 9 PRO,,,,,,,,,
003052,DOVE REALME 5/5I/5S/C3,0 PCS,0 PCS,0 PCS,0 PCS,0 PCS,0 PCS,0 PCS,0 PCS,
TOTAL,1.00,0.00,0.00,10.00,0.00,6.00,2.00,0.00,
,,,,Bee Accounting,,,,,,,,
,15/09/2026,,,,,,,
Kode Item,Nama Item,RK (C),SA (C),SS (C),TOTAL,,,,,,
001158,DOVE REALME C11,,,,4 PCS,,,,,,
001159,DOVE REALME C21,,,,7 PCS,,,,,,
001534,DOVE REALME C11 2021/C20,,,,13 PCS,,,,,,
001535,DOVE REALME C35,,,,23 PCS,,,,,,
001919,DOVE REALME 9/9 PRO+,,,,23 PCS,,,,,,
001920,DOVE REALME C31,,,,14 PCS,,,,,,
001944,DOVE REALME 6,,,,17 PCS,,,,,,
001945,DOVE REALME C12,,,,1 PCS,,,,,,
001946,DOVE REALME C17/7I,,,,9 PCS,,,,,,
003028,DOVE REALME 9 PRO,,,,13 PCS,,,,,,
003052,DOVE REALME 5/5I/5S/C3,0 PCS,0 PCS,0 PCS,4 PCS,,,,,,
TOTAL,0.00,0.00,0.00,128.00,,,,,,
,Merk,Model,,,,,,,,,
,REALME,CASING MOTIF,,,,,,,,,
Kode Item,Nama Item,ALFA 1 (C),ALFA 2 (C),ALFA 3 (C),ALFA 4 (C),ALFA 5 (C),ASBER 2 (C),BUNISARI ,CK (C),
001443,CASE MOTIF SS076 REALME C12,0 PCS,0 PCS,,,,,0 PCS,,
001444,CASE MOTIF SS076 REALME C15,2 PCS,3 PCS,,,,,1 PCS,,
001447,CASE MOTIF SS078 REALME C15,0 PCS,,,,,1 PCS,0 PCS,,
002030,CASE MOTIF SS071 REALME 5/5I/5S/C3,0 PCS,,,,0 PCS,,0 PCS,1 PCS,
002031,CASE MOTIF SS071 REALME C12/C25,0 PCS,,,,0 PCS,,0 PCS,2 PCS,
002272,CASE MOTIF SS071 REALME C20/C11 2021,,,,,,,,,
003018,CASE MOTIF SS108 REALME C35/NARZO 50A PRIME,,,,1 PCS,,,,,
003023,CASE MOTIF SS078 REALME C15,,,2 PCS,,,,,,
TOTAL,2.00,3.00,2.00,1.00,0.00,1.00,1.00,3.00,
Kode Item,Nama Item,DM (C),Gudang,PC 3 (A),PC 5 (C),PD 1 (C),PD 2 (C),SS (C),TOTAL,
001443,CASE MOTIF SS076 REALME C12,0 PCS,0 PCS,,2 PCS,,,1 PCS,3 PCS,
001444,CASE MOTIF SS076 REALME C15,0 PCS,0 PCS,3 PCS,2 PCS,,,1 PCS,12 PCS,
001447,CASE MOTIF SS078 REALME C15,0 PCS,0 PCS,,0 PCS,,,,1 PCS,
002030,CASE MOTIF SS071 REALME 5/5I/5S/C3,0 PCS,0 PCS,2 PCS,0 PCS,1 PCS,1 PCS,,5 PCS,
002031,CASE MOTIF SS071 REALME C12/C25,0 PCS,0 PCS,,0 PCS,,1 PCS,,3 PCS,
,,,,,Bee Accounting,,,,,,,,
,15/09/2026,,,,,,,,
Kode Item,Nama Item,DM (C),Gudang,PC 3 (A),PC 5 (C),PD 1 (C),PD 2 (C),SS (C),TOTAL,
002272,CASE MOTIF SS071 REALME C20/C11 2021,,,1 PCS,,1 PCS,,,2 PCS,
003018,CASE MOTIF SS108 REALME C35/NARZO 50A PRIME,,,1 PCS,,1 PCS,,,3 PCS,
003023,CASE MOTIF SS078 REALME C15,,,,,,,,2 PCS,
TOTAL,0.00,0.00,7.00,4.00,3.00,2.00,2.00,31.00,
,Merk,Model,,,,,,,,,
,REALME,CM,,,,,,,,,
Kode Item,Nama Item,ALFA 1 (C),ALFA 2 (C),ALFA 3 (C),ALFA 4 (C),ALFA 5 (C),ALFA 6 (C),ASBER 1 (C),ASBER 2 (C),
001481,CM REALME 9I,0 PCS,1 PCS,,,,,,,
001483,CM REALME C15,0 PCS,1 PCS,,,1 PCS,,,0 PCS,
001484,CM REALME C17/7I,0 PCS,2 PCS,,,,,,,
001485,CM REALME C20/C11 2021,0 PCS,1 PCS,,,,,,,
001486,CM REALME C21,0 PCS,2 PCS,,,,,,,
001487,CM REALME C30,0 PCS,1 PCS,,,,,,,
001488,CM REALME C31,0 PCS,1 PCS,,,,,,,
001489,CM REALME C35,0 PCS,2 PCS,,,,,,,
001932,CM REALME 5/5I,0 PCS,0 PCS,1 PCS,,2 PCS,,,2 PCS,
002618,CM REALME 9 PRO,,1 PCS,,,,,,,
003043,CM REALME C33,0 PCS,1 PCS,0 PCS,0 PCS,0 PCS,0 PCS,0 PCS,0 PCS,
TOTAL,0.00,13.00,1.00,0.00,3.00,0.00,0.00,2.00,
Kode Item,Nama Item,BK CIJAMBE ,BK JH1 ,BK JH2 (C),BK7 ,BKC ,BUNISARI ,CISA (C),CK (C),
001481,CM REALME 9I,,,,,,0 PCS,,,
001483,CM REALME C15,,,,,,0 PCS,,,
001484,CM REALME C17/7I,,,,,,0 PCS,,,
001485,CM REALME C20/C11 2021,,,,,,0 PCS,,,
001486,CM REALME C21,,,,,,0 PCS,,,
001487,CM REALME C30,,,,,,0 PCS,,,
001488,CM REALME C31,,,,,,0 PCS,,,
001489,CM REALME C35,,,,,,0 PCS,,,
001932,CM REALME 5/5I,,,,,,0 PCS,,,
002618,CM REALME 9 PRO,,,,,,,,,
003043,CM REALME C33,0 PCS,0 PCS,0 PCS,0 PCS,0 PCS,0 PCS,0 PCS,0 PCS,
TOTAL,0.00,0.00,0.00,0.00,0.00,0.00,0.00,0.00,
,,,,,Bee Accounting,,,,,,,,
,15/09/2026,,,,,,,,
Kode Item,Nama Item,DM (C),GUDANG ,Gudang,PC 3 (A),PC 4 (C),PC 5 (C),PD 1 (C),PD 2 (C),
001481,CM REALME 9I,0 PCS,,0 PCS,3 PCS,,3 PCS,,,
001483,CM REALME C15,0 PCS,,3 PCS,1 PCS,,0 PCS,,,
001484,CM REALME C17/7I,0 PCS,,0 PCS,3 PCS,,1 PCS,,,
001485,CM REALME C20/C11 2021,0 PCS,,0 PCS,0 PCS,,0 PCS,,,
001486,CM REALME C21,0 PCS,,0 PCS,,,3 PCS,,,
001487,CM REALME C30,0 PCS,,0 PCS,,,1 PCS,,,
001488,CM REALME C31,0 PCS,,0 PCS,2 PCS,,1 PCS,,,
001489,CM REALME C35,0 PCS,,1 PCS,2 PCS,,2 PCS,1 PCS,,
001932,CM REALME 5/5I,0 PCS,,1 PCS,1 PCS,,0 PCS,,0 PCS,
002618,CM REALME 9 PRO,,,,,,,,,
003043,CM REALME C33,0 PCS,0 PCS,0 PCS,1 PCS,0 PCS,0 PCS,0 PCS,0 PCS,
TOTAL,0.00,0.00,5.00,13.00,0.00,11.00,1.00,0.00,
Kode Item,Nama Item,RK (C),SA (C),SS (C),TOTAL,,,,,,
001481,CM REALME 9I,,,2 PCS,9 PCS,,,,,,
001483,CM REALME C15,,,,6 PCS,,,,,,
001484,CM REALME C17/7I,,,0 PCS,6 PCS,,,,,,
001485,CM REALME C20/C11 2021,,,,1 PCS,,,,,,
001486,CM REALME C21,,,,5 PCS,,,,,,
001487,CM REALME C30,,,,2 PCS,,,,,,
001488,CM REALME C31,,,2 PCS,6 PCS,,,,,,
001489,CM REALME C35,,,,8 PCS,,,,,,
001932,CM REALME 5/5I,,,,7 PCS,,,,,,
002618,CM REALME 9 PRO,,,,1 PCS,,,,,,
003043,CM REALME C33,0 PCS,0 PCS,1 PCS,3 PCS,,,,,,
TOTAL,0.00,0.00,5.00,54.00,,,,,,
,Merk,Model,,,,,,,,,
,REALME,SAC,,,,,,,,,
Kode Item,Nama Item,ALFA 1 (C),ALFA 2 (C),ALFA 3 (C),ALFA 4 (C),ALFA 5 (C),ALFA 6 (C),ASBER 1 (C),ASBER 2 (C),
001224,SAC REALME 5/5I/5S/C3,2 PCS,5 PCS,4 PCS,,3 PCS,,,3 PCS,
001225,SAC REALME 6,1 PCS,5 PCS,5 PCS,,3 PCS,,,4 PCS,
001226,SAC REALME C11 2021/C20,1 PCS,,2 PCS,,1 PCS,,,,
001227,SAC REALME C17/7I,5 PCS,5 PCS,5 PCS,,3 PCS,,,1 PCS,
001595,SAC REALME 5 PRO,3 PCS,5 PCS,,,,,,,
001596,SAC REALME 7,3 PCS,5 PCS,,,,,,,
,,,,,Bee Accounting,,,,,,,,
,15/09/2026,,,,,,,,
Kode Item,Nama Item,ALFA 1 (C),ALFA 2 (C),ALFA 3 (C),ALFA 4 (C),ALFA 5 (C),ALFA 6 (C),ASBER 1 (C),ASBER 2 (C),
001597,SAC REALME 8/8 PRO,2 PCS,5 PCS,,,,,,,
001598,SAC REALME C11,0 PCS,3 PCS,,,,,,,
001599,SAC REALME C11 2021/C20/C21,0 PCS,,,,,,,,
001600,SAC REALME C12,2 PCS,4 PCS,1 PCS,,3 PCS,,,2 PCS,
001601,SAC REALME C15,2 PCS,4 PCS,,,,,,,
001602,SAC REALME C21,0 PCS,5 PCS,,,,,,,
001603,SAC REALME C21Y/C25Y,1 PCS,5 PCS,,,,,,,
001959,SAC REALME 3 PRO,0 PCS,,4 PCS,,2 PCS,,,,
003057,SAC REALME C11 2021/C20,0 PCS,5 PCS,0 PCS,0 PCS,0 PCS,0 PCS,0 PCS,0 PCS,
TOTAL,22.00,56.00,21.00,0.00,15.00,0.00,0.00,10.00,
Kode Item,Nama Item,BK CIJAMBE ,BK JH1 ,BK JH2 (C),BK7 ,BKC ,BUNISARI ,CISA (C),CK (C),
001224,SAC REALME 5/5I/5S/C3,,,,,,,2 PCS,2 PCS,
001225,SAC REALME 6,,,,,,,5 PCS,,
001226,SAC REALME C11 2021/C20,,,,,,0 PCS,1 PCS,0 PCS,
001227,SAC REALME C17/7I,,,,,,,5 PCS,4 PCS,
001595,SAC REALME 5 PRO,,,,,,0 PCS,,2 PCS,
001596,SAC REALME 7,,,,,,0 PCS,,2 PCS,
001597,SAC REALME 8/8 PRO,,,,,,0 PCS,,1 PCS,
001598,SAC REALME C11,,,,,,0 PCS,,,
001599,SAC REALME C11 2021/C20/C21,,,,,,0 PCS,,,
001600,SAC REALME C12,,,,,,0 PCS,3 PCS,0 PCS,
001601,SAC REALME C15,,,,,,0 PCS,,,
001602,SAC REALME C21,,,,,,0 PCS,,1 PCS,
001603,SAC REALME C21Y/C25Y,,,,,,0 PCS,,0 PCS,
001959,SAC REALME 3 PRO,,,,,,0 PCS,,,
003057,SAC REALME C11 2021/C20,0 PCS,0 PCS,0 PCS,0 PCS,0 PCS,0 PCS,0 PCS,0 PCS,
TOTAL,0.00,0.00,0.00,0.00,0.00,0.00,16.00,12.00,
Kode Item,Nama Item,DM (C),GUDANG ,Gudang,PC 3 (A),PC 4 (C),PC 5 (C),PD 1 (C),PD 2 (C),
001224,SAC REALME 5/5I/5S/C3,2 PCS,,0 PCS,4 PCS,,5 PCS,0 PCS,2 PCS,
001225,SAC REALME 6,2 PCS,,0 PCS,5 PCS,,3 PCS,2 PCS,,
001226,SAC REALME C11 2021/C20,1 PCS,,0 PCS,1 PCS,,,,,
001227,SAC REALME C17/7I,1 PCS,,0 PCS,6 PCS,,5 PCS,,2 PCS,
001595,SAC REALME 5 PRO,0 PCS,,0 PCS,5 PCS,,3 PCS,2 PCS,,
,,,,Bee Accounting,,,,,,,,
,15/09/2026,,,,,,,
Kode Item,Nama Item,DM (C),GUDANG ,Gudang,PC 3 (A),PC 4 (C),PC 5 (C),PD 1 (C),PD 2 (C),
001596,SAC REALME 7,0 PCS,,0 PCS,5 PCS,,3 PCS,2 PCS,,
001597,SAC REALME 8/8 PRO,0 PCS,,0 PCS,4 PCS,,5 PCS,,,
001598,SAC REALME C11,0 PCS,,0 PCS,3 PCS,,5 PCS,,,
001599,SAC REALME C11 2021/C20/C21,0 PCS,,0 PCS,,,3 PCS,,,
001600,SAC REALME C12,0 PCS,,0 PCS,4 PCS,,4 PCS,,,
001601,SAC REALME C15,0 PCS,,0 PCS,3 PCS,,3 PCS,,,
001602,SAC REALME C21,0 PCS,,0 PCS,4 PCS,,5 PCS,,,
001603,SAC REALME C21Y/C25Y,0 PCS,,0 PCS,3 PCS,,4 PCS,,,
001959,SAC REALME 3 PRO,0 PCS,,0 PCS,,,0 PCS,,,
003057,SAC REALME C11 2021/C20,0 PCS,0 PCS,0 PCS,0 PCS,0 PCS,0 PCS,0 PCS,0 PCS,
TOTAL,6.00,0.00,0.00,47.00,0.00,48.00,6.00,4.00,
Kode Item,Nama Item,RK (C),SA (C),SS (C),TOTAL,,,,,,
001224,SAC REALME 5/5I/5S/C3,,,1 PCS,35 PCS,,,,,,
001225,SAC REALME 6,,,,35 PCS,,,,,,
001226,SAC REALME C11 2021/C20,,,,7 PCS,,,,,,
001227,SAC REALME C17/7I,,,,42 PCS,,,,,,
001595,SAC REALME 5 PRO,,,,20 PCS,,,,,,
001596,SAC REALME 7,,,,20 PCS,,,,,,
001597,SAC REALME 8/8 PRO,,,,17 PCS,,,,,,
001598,SAC REALME C11,,,,11 PCS,,,,,,
001599,SAC REALME C11 2021/C20/C21,,,,3 PCS,,,,,,
001600,SAC REALME C12,,,0 PCS,23 PCS,,,,,,
001601,SAC REALME C15,,,,12 PCS,,,,,,
001602,SAC REALME C21,,,,15 PCS,,,,,,
001603,SAC REALME C21Y/C25Y,,,,13 PCS,,,,,,
001959,SAC REALME 3 PRO,,,,6 PCS,,,,,,
003057,SAC REALME C11 2021/C20,0 PCS,0 PCS,0 PCS,5 PCS,,,,,,
TOTAL,0.00,0.00,1.00,264.00,,,,,,
,Merk,Model,,,,,,,,,
,REALME,TEMPERED GLASS,,,,,,,,,
Kode Item,Nama Item,ALFA 1 (C),ALFA 2 (C),ALFA 3 (C),ALFA 4 (C),ALFA 5 (C),ALFA 6 (C),ALFA 7 ,ASBER 1 (C),
002363,TGS REALME C67/ REDMI NOTE 12/ OPPO A79,1 PCS,0 PCS,2 PCS,1 PCS,2 PCS,2 PCS,0 PCS,1 PCS,
,,,,,Bee Accounting,,,,,,,,
,15/09/2026,,,,,,,,
Kode Item,Nama Item,ALFA 1 (C),ALFA 2 (C),ALFA 3 (C),ALFA 4 (C),ALFA 5 (C),ALFA 6 (C),ALFA 7 ,ASBER 1 (C),
002364,TGS REALME C11/C12/C15/C30/C35/NARZO 20-30A,2 PCS,1 PCS,2 PCS,1 PCS,2 PCS,1 PCS,1 PCS,1 PCS,
002365,TGS REALME C11 2021/C20,0 PCS,2 PCS,2 PCS,1 PCS,2 PCS,2 PCS,,1 PCS,
002366,TGS REALME C21Y/C25Y,0 PCS,2 PCS,2 PCS,1 PCS,2 PCS,2 PCS,,0 PCS,
TOTAL,3.00,5.00,8.00,4.00,8.00,7.00,1.00,3.00,
Kode Item,Nama Item,ASBER 2 (C),BK CIJAMBE ,BK JH1 ,BK JH2 (C),BK6 ,BK7 ,BKC ,BUNISARI ,
002363,TGS REALME C67/ REDMI NOTE 12/ OPPO A79,1 PCS,2 PCS,0 PCS,2 PCS,1 PCS,1 PCS,2 PCS,0 PCS,
002364,TGS REALME C11/C12/C15/C30/C35/NARZO 20-30A,0 PCS,2 PCS,1 PCS,2 PCS,0 PCS,1 PCS,2 PCS,1 PCS,
002365,TGS REALME C11 2021/C20,1 PCS,2 PCS,1 PCS,2 PCS,1 PCS,1 PCS,2 PCS,1 PCS,
002366,TGS REALME C21Y/C25Y,2 PCS,2 PCS,1 PCS,2 PCS,1 PCS,1 PCS,2 PCS,1 PCS,
TOTAL,4.00,8.00,3.00,8.00,3.00,4.00,8.00,3.00,
Kode Item,Nama Item,CICUKANG ,CIKADUT 2,CIPAGALO ,CISA (C),CK (C),CL 1 ,CL 2 ,CL 3 ,
002363,TGS REALME C67/ REDMI NOTE 12/ OPPO A79,1 PCS,,,0 PCS,1 PCS,1 PCS,1 PCS,1 PCS,
002364,TGS REALME C11/C12/C15/C30/C35/NARZO 20-30A,0 PCS,,1 PCS,0 PCS,2 PCS,1 PCS,1 PCS,1 PCS,
002365,TGS REALME C11 2021/C20,1 PCS,1 PCS,1 PCS,0 PCS,1 PCS,1 PCS,1 PCS,,
002366,TGS REALME C21Y/C25Y,0 PCS,1 PCS,1 PCS,1 PCS,0 PCS,1 PCS,1 PCS,1 PCS,
TOTAL,2.00,2.00,3.00,1.00,4.00,4.00,4.00,3.00,
Kode Item,Nama Item,DM (C),Gudang,PC 3 (A),PC 4 (C),PC 5 (C),PD 1 (C),PD 2 (C),RK (C),
002363,TGS REALME C67/ REDMI NOTE 12/ OPPO A79,2 PCS,0 PCS,2 PCS,0 PCS,1 PCS,1 PCS,2 PCS,1 PCS,
002364,TGS REALME C11/C12/C15/C30/C35/NARZO 20-30A,2 PCS,0 PCS,1 PCS,0 PCS,1 PCS,1 PCS,2 PCS,1 PCS,
002365,TGS REALME C11 2021/C20,1 PCS,0 PCS,1 PCS,1 PCS,1 PCS,1 PCS,2 PCS,1 PCS,
002366,TGS REALME C21Y/C25Y,2 PCS,0 PCS,2 PCS,1 PCS,1 PCS,1 PCS,2 PCS,1 PCS,
TOTAL,7.00,0.00,6.00,2.00,4.00,4.00,8.00,4.00,
Kode Item,Nama Item,SA (C),SS (C),TOTAL,,,,,,,
002363,TGS REALME C67/ REDMI NOTE 12/ OPPO A79,0 PCS,1 PCS,33 PCS,,,,,,,
,,,,Bee Accounting,,,,,,,,
,15/09/2026,,,,,,,
Kode Item,Nama Item,SA (C),SS (C),TOTAL,,,,,,,
002364,TGS REALME C11/C12/C15/C30/C35/NARZO 20-30A,0 PCS,1 PCS,35 PCS,,,,,,,
002365,TGS REALME C11 2021/C20,1 PCS,1 PCS,37 PCS,,,,,,,
002366,TGS REALME C21Y/C25Y,1 PCS,1 PCS,39 PCS,,,,,,,
TOTAL,2.00,4.00,144.00,,,,,,,
,Merk,Model,,,,,,,,,
,REALME,TGB,,,,,,,,,
Kode Item,Nama Item,ALFA 1 (C),ALFA 2 (C),ALFA 3 (C),ALFA 4 (C),ALFA 5 (C),ALFA 6 (C),ALFA 7 ,ASBER 1 (C),
001640,TGB REALME 3 PRO/5 PRO,2 PCS,1 PCS,1 PCS,0 PCS,1 PCS,,,,
001641,TGB REALME 5/5I/5S/C3,0 PCS,1 PCS,,,,,,,
001642,TGB REALME 6/7,2 PCS,0 PCS,,,,,,,
001643,TGB REALME 9I/9PRO,1 PCS,3 PCS,,,,,,,
001644,TGB REALME C11 2021/C20/C21,5 PCS,2 PCS,3 PCS,1 PCS,0 PCS,1 PCS,2 PCS,2 PCS,
001645,TGB REALME C17/7I,0 PCS,2 PCS,,,,,,,
001646,TGB REALME C33,0 PCS,,,,,,,,
001852,TGB REALME 9,2 PCS,3 PCS,0 PCS,,,,,,
001853,TGB REALME C11/C12/C15/C30/C35/NARZO 20-30A,2 PCS,4 PCS,3 PCS,1 PCS,0 PCS,3 PCS,0 PCS,6 PCS,
002304,TGB REALME C67/ REDMI NOTE 12/ OPPO A79,4 PCS,2 PCS,0 PCS,3 PCS,4 PCS,5 PCS,0 PCS,5 PCS,
002383,TGB REALME C21Y/C25Y,5 PCS,2 PCS,6 PCS,2 PCS,0 PCS,5 PCS,2 PCS,3 PCS,
TOTAL,23.00,20.00,13.00,7.00,5.00,14.00,4.00,16.00,
Kode Item,Nama Item,ASBER 2 (C),BK CIJAMBE ,BK JH1 ,BK JH2 (C),BK6 ,BK7 ,BK8 BAKSAR ,BKC ,
001640,TGB REALME 3 PRO/5 PRO,0 PCS,,,,,,,,
001641,TGB REALME 5/5I/5S/C3,,,,,,,,,
001642,TGB REALME 6/7,,,,,,,,,
001643,TGB REALME 9I/9PRO,,,,,,,,,
001644,TGB REALME C11 2021/C20/C21,1 PCS,5 PCS,6 PCS,4 PCS,2 PCS,2 PCS,2 PCS,,
001645,TGB REALME C17/7I,,,,,,,,,
001646,TGB REALME C33,,,,,,,,,
001852,TGB REALME 9,,,,,,,,,
001853,TGB REALME C11/C12/C15/C30/C35/NARZO 20-30A,3 PCS,5 PCS,4 PCS,4 PCS,2 PCS,4 PCS,1 PCS,3 PCS,
,,,,,Bee Accounting,,,,,,,,
,15/09/2026,,,,,,,,
Kode Item,Nama Item,ASBER 2 (C),BK CIJAMBE ,BK JH1 ,BK JH2 (C),BK6 ,BK7 ,BK8 BAKSAR ,BKC ,
002304,TGB REALME C67/ REDMI NOTE 12/ OPPO A79,6 PCS,5 PCS,2 PCS,5 PCS,2 PCS,4 PCS,2 PCS,6 PCS,
002383,TGB REALME C21Y/C25Y,5 PCS,6 PCS,2 PCS,5 PCS,2 PCS,4 PCS,,3 PCS,
TOTAL,15.00,21.00,14.00,18.00,8.00,14.00,5.00,12.00,
Kode Item,Nama Item,BUNISARI ,CICUKANG ,CIKADUT 2,CIPAGALO ,CISA (C),CK (C),CL 1 ,CL 2 ,
001640,TGB REALME 3 PRO/5 PRO,0 PCS,,,,0 PCS,,,,
001641,TGB REALME 5/5I/5S/C3,0 PCS,,,,,,,,
001642,TGB REALME 6/7,0 PCS,,,,,,,,
001643,TGB REALME 9I/9PRO,0 PCS,,,,,,,,
001644,TGB REALME C11 2021/C20/C21,0 PCS,2 PCS,,2 PCS,5 PCS,0 PCS,,2 PCS,
001645,TGB REALME C17/7I,0 PCS,,,,,,,,
001646,TGB REALME C33,0 PCS,,,,,,,,
001852,TGB REALME 9,0 PCS,,,,,,,,
001853,TGB REALME C11/C12/C15/C30/C35/NARZO 20-30A,4 PCS,2 PCS,1 PCS,2 PCS,6 PCS,2 PCS,,2 PCS,
002304,TGB REALME C67/ REDMI NOTE 12/ OPPO A79,5 PCS,2 PCS,2 PCS,2 PCS,2 PCS,4 PCS,,2 PCS,
002383,TGB REALME C21Y/C25Y,4 PCS,2 PCS,2 PCS,2 PCS,3 PCS,3 PCS,2 PCS,2 PCS,
TOTAL,13.00,8.00,5.00,8.00,16.00,9.00,2.00,8.00,
Kode Item,Nama Item,CL 3 ,DM (C),Gudang,PC 3 (A),PC 4 (C),PC 5 (C),PD 1 (C),PD 2 (C),
001640,TGB REALME 3 PRO/5 PRO,,0 PCS,0 PCS,2 PCS,,3 PCS,,,
001641,TGB REALME 5/5I/5S/C3,,0 PCS,0 PCS,2 PCS,,2 PCS,,,
001642,TGB REALME 6/7,,0 PCS,0 PCS,2 PCS,,3 PCS,,,
001643,TGB REALME 9I/9PRO,,0 PCS,0 PCS,2 PCS,,3 PCS,,,
001644,TGB REALME C11 2021/C20/C21,4 PCS,6 PCS,0 PCS,9 PCS,8 PCS,6 PCS,6 PCS,7 PCS,
001645,TGB REALME C17/7I,,0 PCS,0 PCS,2 PCS,,3 PCS,,,
001646,TGB REALME C33,,0 PCS,0 PCS,2 PCS,,3 PCS,,,
001852,TGB REALME 9,,0 PCS,0 PCS,,,0 PCS,,,
001853,TGB REALME C11/C12/C15/C30/C35/NARZO 20-30A,4 PCS,6 PCS,0 PCS,8 PCS,6 PCS,4 PCS,4 PCS,5 PCS,
002304,TGB REALME C67/ REDMI NOTE 12/ OPPO A79,4 PCS,5 PCS,2 PCS,5 PCS,6 PCS,4 PCS,4 PCS,6 PCS,
002383,TGB REALME C21Y/C25Y,4 PCS,6 PCS,0 PCS,2 PCS,5 PCS,4 PCS,4 PCS,5 PCS,
TOTAL,16.00,23.00,2.00,36.00,25.00,35.00,18.00,23.00,
,,,,Bee Accounting,,,,,,,,
,15/09/2026,,,,,,,
Kode Item,Nama Item,RK (C),SA (C),SS (C),TOTAL,,,,,,
001640,TGB REALME 3 PRO/5 PRO,,,,10 PCS,,,,,,
001641,TGB REALME 5/5I/5S/C3,,,,5 PCS,,,,,,
001642,TGB REALME 6/7,,,,7 PCS,,,,,,
001643,TGB REALME 9I/9PRO,,,,9 PCS,,,,,,
001644,TGB REALME C11 2021/C20/C21,4 PCS,0 PCS,2 PCS,101 PCS,,,,,,
001645,TGB REALME C17/7I,,,,7 PCS,,,,,,
001646,TGB REALME C33,,,,5 PCS,,,,,,
001852,TGB REALME 9,,,,5 PCS,,,,,,
001853,TGB REALME C11/C12/C15/C30/C35/NARZO 20-30A,4 PCS,2 PCS,4 PCS,111 PCS,,,,,,
002304,TGB REALME C67/ REDMI NOTE 12/ OPPO A79,3 PCS,0 PCS,1 PCS,114 PCS,,,,,,
002383,TGB REALME C21Y/C25Y,4 PCS,1 PCS,3 PCS,110 PCS,,,,,,
TOTAL,15.00,3.00,10.00,484.00,,,,,,
,Merk,Model,,,,,,,,,
,REALME,TGC,,,,,,,,,
Kode Item,Nama Item,ALFA 1 (C),ALFA 2 (C),ALFA 3 (C),ALFA 4 (C),ALFA 5 (C),ALFA 6 (C),ALFA 7 ,ASBER 1 (C),
001304,TGC REALME C11 2021/C20/C21,,,,,,,,,
001696,TGC REALME 3 PRO/5 PRO,0 PCS,0 PCS,2 PCS,,0 PCS,,,,
001697,TGC REALME 6/7,2 PCS,3 PCS,2 PCS,,2 PCS,,,,
001698,TGC REALME C11/C12/C15/C30/C35/NAZO 20-30A,7 PCS,4 PCS,1 PCS,1 PCS,0 PCS,0 PCS,2 PCS,6 PCS,
001699,TGC REALME C17/7I,0 PCS,2 PCS,,,,,,,
001870,TGC REALME C11/C12/C15/C30/C35/NARZO 20-30A,1 PCS,1 PCS,0 PCS,,0 PCS,,,,
001969,TGC REALME 9,0 PCS,,2 PCS,,1 PCS,,,,
001970,TGC REALME C35,0 PCS,,1 PCS,,3 PCS,,,,
002215,TGC REALME C31,,,,,,,,,
002317,TGC REALME C67/ REDMI NOTE 12/ OPPO A79,5 PCS,5 PCS,4 PCS,3 PCS,4 PCS,6 PCS,2 PCS,4 PCS,
002384,TGC REALME C21Y/C25Y,0 PCS,3 PCS,5 PCS,1 PCS,3 PCS,3 PCS,1 PCS,5 PCS,
003007,TGC REALME 5/5I/5S/C3,0 PCS,0 PCS,0 PCS,0 PCS,0 PCS,0 PCS,,0 PCS,
003020,TGC REALME C20/C11 2021/C21,0 PCS,5 PCS,3 PCS,2 PCS,6 PCS,1 PCS,2 PCS,4 PCS,
TOTAL,15.00,23.00,20.00,7.00,19.00,10.00,7.00,19.00,
,,,,,Bee Accounting,,,,,,,,
,15/09/2026,,,,,,,,
Kode Item,Nama Item,ASBER 2 (C),BK CIJAMBE ,BK JH1 ,BK JH2 (C),BK6 ,BK7 ,BK8 BAKSAR ,BKC ,
001304,TGC REALME C11 2021/C20/C21,,,,,,,,,
001696,TGC REALME 3 PRO/5 PRO,,,,,,,,,
001697,TGC REALME 6/7,1 PCS,,,,,,,,
001698,TGC REALME C11/C12/C15/C30/C35/NAZO 20-30A,2 PCS,6 PCS,0 PCS,4 PCS,2 PCS,3 PCS,2 PCS,6 PCS,
001699,TGC REALME C17/7I,,,,,,,,,
001870,TGC REALME C11/C12/C15/C30/C35/NARZO 20-30A,0 PCS,,,,,,,,
001969,TGC REALME 9,1 PCS,,,,,,,,
001970,TGC REALME C35,,,,,,,,,
002215,TGC REALME C31,3 PCS,,,,,,,,
002317,TGC REALME C67/ REDMI NOTE 12/ OPPO A79,5 PCS,6 PCS,3 PCS,5 PCS,2 PCS,6 PCS,1 PCS,6 PCS,
002384,TGC REALME C21Y/C25Y,2 PCS,6 PCS,0 PCS,6 PCS,2 PCS,4 PCS,,5 PCS,
003007,TGC REALME 5/5I/5S/C3,0 PCS,0 PCS,0 PCS,0 PCS,,0 PCS,,0 PCS,
003020,TGC REALME C20/C11 2021/C21,1 PCS,6 PCS,0 PCS,6 PCS,2 PCS,4 PCS,2 PCS,5 PCS,
TOTAL,15.00,24.00,3.00,21.00,8.00,17.00,5.00,22.00,
Kode Item,Nama Item,BUNISARI ,CICUKANG ,CIKADUT 2,CIPAGALO ,CISA (C),CK (C),CL 1 ,CL 2 ,
001304,TGC REALME C11 2021/C20/C21,,,,,,,,,
001696,TGC REALME 3 PRO/5 PRO,0 PCS,,,,1 PCS,,,,
001697,TGC REALME 6/7,0 PCS,,,,2 PCS,,,,
001698,TGC REALME C11/C12/C15/C30/C35/NAZO 20-30A,5 PCS,1 PCS,,2 PCS,3 PCS,0 PCS,2 PCS,2 PCS,
001699,TGC REALME C17/7I,0 PCS,,,,,,,,
001870,TGC REALME C11/C12/C15/C30/C35/NARZO 20-30A,1 PCS,,,,0 PCS,,,,
001969,TGC REALME 9,0 PCS,,,,2 PCS,,,,
001970,TGC REALME C35,0 PCS,,,,2 PCS,,,,
002215,TGC REALME C31,0 PCS,,,,2 PCS,,,,
002317,TGC REALME C67/ REDMI NOTE 12/ OPPO A79,6 PCS,2 PCS,2 PCS,2 PCS,6 PCS,5 PCS,2 PCS,2 PCS,
002384,TGC REALME C21Y/C25Y,6 PCS,2 PCS,,2 PCS,2 PCS,0 PCS,2 PCS,2 PCS,
003007,TGC REALME 5/5I/5S/C3,0 PCS,,,,0 PCS,0 PCS,,,
003020,TGC REALME C20/C11 2021/C21,3 PCS,2 PCS,,2 PCS,2 PCS,1 PCS,1 PCS,2 PCS,
,,,,Bee Accounting,,,,,,,,
,15/09/2026,,,,,,,
Kode Item,Nama Item,BUNISARI ,CICUKANG ,CIKADUT 2,CIPAGALO ,CISA (C),CK (C),CL 1 ,CL 2 ,
TOTAL,21.00,7.00,2.00,8.00,22.00,6.00,7.00,8.00,
Kode Item,Nama Item,CL 3 ,DM (C),GUDANG ,Gudang,PC 3 (A),PC 4 (C),PC 5 (C),PD 1 (C),
001304,TGC REALME C11 2021/C20/C21,,0 PCS,,0 PCS,6 PCS,,,,
001696,TGC REALME 3 PRO/5 PRO,,0 PCS,,0 PCS,2 PCS,,2 PCS,,
001697,TGC REALME 6/7,,0 PCS,,0 PCS,2 PCS,,1 PCS,,
001698,TGC REALME C11/C12/C15/C30/C35/NAZO 20-30A,2 PCS,4 PCS,,0 PCS,5 PCS,6 PCS,5 PCS,1 PCS,
001699,TGC REALME C17/7I,,0 PCS,,0 PCS,2 PCS,,3 PCS,,
001870,TGC REALME C11/C12/C15/C30/C35/NARZO 20-30A,,0 PCS,,0 PCS,2 PCS,,0 PCS,,
001969,TGC REALME 9,,0 PCS,,0 PCS,,,0 PCS,,
001970,TGC REALME C35,,0 PCS,,0 PCS,,,0 PCS,,
002215,TGC REALME C31,,,,,,,,,
002317,TGC REALME C67/ REDMI NOTE 12/ OPPO A79,,5 PCS,,0 PCS,6 PCS,6 PCS,3 PCS,3 PCS,
002384,TGC REALME C21Y/C25Y,2 PCS,6 PCS,,0 PCS,3 PCS,6 PCS,4 PCS,4 PCS,
003007,TGC REALME 5/5I/5S/C3,,0 PCS,0 PCS,0 PCS,2 PCS,0 PCS,0 PCS,0 PCS,
003020,TGC REALME C20/C11 2021/C21,2 PCS,4 PCS,,0 PCS,2 PCS,6 PCS,4 PCS,2 PCS,
TOTAL,6.00,19.00,0.00,0.00,32.00,24.00,22.00,10.00,
Kode Item,Nama Item,PD 2 (C),RK (C),SA (C),SS (C),TOTAL,,,,,
001304,TGC REALME C11 2021/C20/C21,,,,,6 PCS,,,,,
001696,TGC REALME 3 PRO/5 PRO,,,,,7 PCS,,,,,
001697,TGC REALME 6/7,,,,,15 PCS,,,,,
001698,TGC REALME C11/C12/C15/C30/C35/NAZO 20-30A,0 PCS,5 PCS,2 PCS,4 PCS,95 PCS,,,,,
001699,TGC REALME C17/7I,,,,,7 PCS,,,,,
001870,TGC REALME C11/C12/C15/C30/C35/NARZO 20-30A,,,,,5 PCS,,,,,
001969,TGC REALME 9,,,,,6 PCS,,,,,
001970,TGC REALME C35,,,,,6 PCS,,,,,
002215,TGC REALME C31,,,,,5 PCS,,,,,
002317,TGC REALME C67/ REDMI NOTE 12/ OPPO A79,6 PCS,6 PCS,2 PCS,2 PCS,133 PCS,,,,,
,,,,Bee Accounting,,,,,,,,
,15/09/2026,,,,,,,
Kode Item,Nama Item,PD 2 (C),RK (C),SA (C),SS (C),TOTAL,,,,,
002384,TGC REALME C21Y/C25Y,1 PCS,4 PCS,2 PCS,2 PCS,96 PCS,,,,,
003007,TGC REALME 5/5I/5S/C3,0 PCS,0 PCS,0 PCS,0 PCS,2 PCS,,,,,
003020,TGC REALME C20/C11 2021/C21,2 PCS,6 PCS,2 PCS,1 PCS,93 PCS,,,,,
TOTAL,9.00,21.00,8.00,9.00,476.00,,,,,
,Merk,Model,,,,,,,,,
,REALME,TGCS,,,,,,,,,
Kode Item,Nama Item,ALFA 1 (C),ALFA 2 (C),ALFA 3 (C),ALFA 4 (C),ALFA 5 (C),ALFA 6 (C),ALFA 7 ,ASBER 1 (C),
001317,TGCS REALME C11/C12/C15/C30/C35/NARZO 20-30A,0 PCS,,0 PCS,,1 PCS,,,,
001733,TGCS REALME 5/5I/5S/C3,0 PCS,,2 PCS,,0 PCS,,,,
001734,TGCS REALME 6/7,0 PCS,3 PCS,,,,,,,
001735,TGCS REALME C11 2021/C20/C21,0 PCS,,,,,,,,
001737,TGCS REALME C17/7I,0 PCS,0 PCS,,,,,,,
001874,TGCS REALME C20/C11 2021/C21,0 PCS,,2 PCS,,3 PCS,,,,
001983,TGCS REALME 3 PRO/5 PRO,0 PCS,,2 PCS,,2 PCS,,,,
001984,TGCS REALME C31,0 PCS,,1 PCS,,0 PCS,,,,
002341,TGCS REALME C67/ REDMI NOTE 12/ OPPO A79,0 PCS,2 PCS,0 PCS,1 PCS,2 PCS,1 PCS,1 PCS,2 PCS,
TOTAL,0.00,5.00,7.00,1.00,8.00,1.00,1.00,2.00,
Kode Item,Nama Item,ASBER 2 (C),BK CIJAMBE ,BK JH1 ,BK JH2 (C),BK6 ,BK7 ,BK8 BAKSAR ,BKC ,
001317,TGCS REALME C11/C12/C15/C30/C35/NARZO 20-30A,2 PCS,,,,,,2 PCS,,
001733,TGCS REALME 5/5I/5S/C3,2 PCS,,,,,,,,
001734,TGCS REALME 6/7,,,,,,,,,
001735,TGCS REALME C11 2021/C20/C21,,,,,1 PCS,,,,
001737,TGCS REALME C17/7I,,,,,1 PCS,,,,
001874,TGCS REALME C20/C11 2021/C21,2 PCS,,,,,,,,
001983,TGCS REALME 3 PRO/5 PRO,1 PCS,,,,,,,,
001984,TGCS REALME C31,2 PCS,,,,,,,,
002341,TGCS REALME C67/ REDMI NOTE 12/ OPPO A79,1 PCS,2 PCS,1 PCS,2 PCS,,1 PCS,2 PCS,2 PCS,
TOTAL,10.00,2.00,1.00,2.00,2.00,1.00,4.00,2.00,
,,,,,Bee Accounting,,,,,,,,
,15/09/2026,,,,,,,,
Kode Item,Nama Item,BUNISARI ,CICUKANG ,CIKADUT 2,CISA (C),CK (C),CL 1 ,CL 2 ,CL 3 ,
001317,TGCS REALME C11/C12/C15/C30/C35/NARZO 20-30A,,,,,0 PCS,,,,
001733,TGCS REALME 5/5I/5S/C3,0 PCS,,,,,,,,
001734,TGCS REALME 6/7,0 PCS,,,,,,,,
001735,TGCS REALME C11 2021/C20/C21,0 PCS,,,,,,,,
001737,TGCS REALME C17/7I,0 PCS,,,,,,,,
001874,TGCS REALME C20/C11 2021/C21,0 PCS,,,0 PCS,,,,,
001983,TGCS REALME 3 PRO/5 PRO,0 PCS,,,,,,,,
001984,TGCS REALME C31,0 PCS,,,0 PCS,,,,,
002341,TGCS REALME C67/ REDMI NOTE 12/ OPPO A79,1 PCS,1 PCS,1 PCS,1 PCS,0 PCS,1 PCS,1 PCS,1 PCS,
TOTAL,1.00,1.00,1.00,1.00,0.00,1.00,1.00,1.00,
Kode Item,Nama Item,DM (C),Gudang,PC 3 (A),PC 4 (C),PC 5 (C),PD 1 (C),PD 2 (C),RK (C),
001317,TGCS REALME C11/C12/C15/C30/C35/NARZO 20-30A,2 PCS,0 PCS,2 PCS,,1 PCS,,,,
001733,TGCS REALME 5/5I/5S/C3,0 PCS,0 PCS,1 PCS,,1 PCS,,,,
001734,TGCS REALME 6/7,0 PCS,0 PCS,3 PCS,,2 PCS,,,,
001735,TGCS REALME C11 2021/C20/C21,0 PCS,0 PCS,,,1 PCS,,,,
001737,TGCS REALME C17/7I,0 PCS,0 PCS,2 PCS,,1 PCS,,,,
001874,TGCS REALME C20/C11 2021/C21,0 PCS,0 PCS,2 PCS,,0 PCS,,,,
001983,TGCS REALME 3 PRO/5 PRO,0 PCS,0 PCS,,,0 PCS,,,,
001984,TGCS REALME C31,0 PCS,0 PCS,,,0 PCS,,,,
002341,TGCS REALME C67/ REDMI NOTE 12/ OPPO A79,1 PCS,0 PCS,0 PCS,2 PCS,0 PCS,1 PCS,1 PCS,1 PCS,
TOTAL,3.00,0.00,10.00,2.00,6.00,1.00,1.00,1.00,
Kode Item,Nama Item,SA (C),SS (C),TOTAL,,,,,,,
001317,TGCS REALME C11/C12/C15/C30/C35/NARZO 20-30A,,,10 PCS,,,,,,,
001733,TGCS REALME 5/5I/5S/C3,,,6 PCS,,,,,,,
001734,TGCS REALME 6/7,,,8 PCS,,,,,,,
001735,TGCS REALME C11 2021/C20/C21,,,2 PCS,,,,,,,
001737,TGCS REALME C17/7I,,,4 PCS,,,,,,,
001874,TGCS REALME C20/C11 2021/C21,,,9 PCS,,,,,,,
,,,,Bee Accounting,,,,,,,,
,15/09/2026,,,,,,,
Kode Item,Nama Item,SA (C),SS (C),TOTAL,,,,,,,
001983,TGCS REALME 3 PRO/5 PRO,,,5 PCS,,,,,,,
001984,TGCS REALME C31,,,3 PCS,,,,,,,
002341,TGCS REALME C67/ REDMI NOTE 12/ OPPO A79,1 PCS,1 PCS,35 PCS,,,,,,,
TOTAL,1.00,1.00,82.00,,,,,,,
,Merk,Model,,,,,,,,,
,REALME,TGF,,,,,,,,,
Kode Item,Nama Item,ALFA 1 (C),ALFA 2 (C),ALFA 3 (C),ALFA 4 (C),ALFA 5 (C),ALFA 6 (C),ALFA 7 ,ASBER 1 (C),
001331,TGF REALME C11/C12/C15/C30/C35/NARZO 20-30A,2 PCS,6 PCS,8 PCS,2 PCS,8 PCS,5 PCS,2 PCS,4 PCS,
001784,TGF REALME 6/7,0 PCS,2 PCS,2 PCS,,2 PCS,,,,
001785,TGF REALME 9,2 PCS,3 PCS,2 PCS,,2 PCS,,,,
001786,TGF REALME 9I/9 PRO,0 PCS,3 PCS,2 PCS,,2 PCS,,,,
001787,TGF REALME C17/7I,2 PCS,3 PCS,1 PCS,,2 PCS,,,,
001880,TGF REALME 5/5I/5S/C3,1 PCS,3 PCS,2 PCS,,2 PCS,,,,
001881,TGF REALME 9I/9PRO,2 PCS,,,,,,,,
001994,TGF REALME 3 PRO/5 PRO,0 PCS,2 PCS,2 PCS,,2 PCS,,,,
001995,TGF REALME C31,0 PCS,,2 PCS,,0 PCS,,,,
002328,TGF REALME C67/ REDMI NOTE 12/ OPPO A79,5 PCS,6 PCS,5 PCS,0 PCS,4 PCS,5 PCS,0 PCS,4 PCS,
002386,TGF REALME C21Y/C25Y,6 PCS,6 PCS,6 PCS,0 PCS,6 PCS,5 PCS,1 PCS,4 PCS,
003036,TGF REALME C20/C11 2021/C21,5 PCS,8 PCS,7 PCS,1 PCS,5 PCS,5 PCS,,4 PCS,
TOTAL,25.00,42.00,39.00,3.00,35.00,20.00,3.00,16.00,
Kode Item,Nama Item,ASBER 2 (C),BK CIJAMBE ,BK JH1 ,BK JH2 (C),BK6 ,BK7 ,BKC ,BUNISARI ,
001331,TGF REALME C11/C12/C15/C30/C35/NARZO 20-30A,6 PCS,4 PCS,1 PCS,7 PCS,,3 PCS,6 PCS,0 PCS,
001784,TGF REALME 6/7,2 PCS,,,,,,,0 PCS,
001785,TGF REALME 9,2 PCS,,,,,,,0 PCS,
001786,TGF REALME 9I/9 PRO,2 PCS,,,,,,,0 PCS,
001787,TGF REALME C17/7I,1 PCS,,,,,,,0 PCS,
001880,TGF REALME 5/5I/5S/C3,,,,,,,,0 PCS,
001881,TGF REALME 9I/9PRO,,,,,,,,0 PCS,
001994,TGF REALME 3 PRO/5 PRO,2 PCS,,,,,,,0 PCS,
001995,TGF REALME C31,,,,,,,,0 PCS,
,,,,,Bee Accounting,,,,,,,,
,15/09/2026,,,,,,,,
Kode Item,Nama Item,ASBER 2 (C),BK CIJAMBE ,BK JH1 ,BK JH2 (C),BK6 ,BK7 ,BKC ,BUNISARI ,
002328,TGF REALME C67/ REDMI NOTE 12/ OPPO A79,2 PCS,5 PCS,3 PCS,7 PCS,2 PCS,4 PCS,6 PCS,1 PCS,
002386,TGF REALME C21Y/C25Y,6 PCS,5 PCS,3 PCS,9 PCS,2 PCS,4 PCS,6 PCS,3 PCS,
003036,TGF REALME C20/C11 2021/C21,6 PCS,6 PCS,4 PCS,8 PCS,2 PCS,4 PCS,5 PCS,5 PCS,
TOTAL,29.00,20.00,11.00,31.00,6.00,15.00,23.00,9.00,
Kode Item,Nama Item,CICUKANG ,CISA (C),CK (C),CL 1 ,CL 2 ,CL 3 ,DM (C),Gudang,
001331,TGF REALME C11/C12/C15/C30/C35/NARZO 20-30A,2 PCS,3 PCS,0 PCS,1 PCS,2 PCS,4 PCS,4 PCS,0 PCS,
001784,TGF REALME 6/7,,1 PCS,,,,,0 PCS,0 PCS,
001785,TGF REALME 9,,0 PCS,,,,,0 PCS,0 PCS,
001786,TGF REALME 9I/9 PRO,,2 PCS,,,,,0 PCS,0 PCS,
001787,TGF REALME C17/7I,,2 PCS,,,,,0 PCS,0 PCS,
001880,TGF REALME 5/5I/5S/C3,,1 PCS,,,,,0 PCS,0 PCS,
001881,TGF REALME 9I/9PRO,,,,,,,0 PCS,0 PCS,
001994,TGF REALME 3 PRO/5 PRO,,0 PCS,,,,,0 PCS,0 PCS,
001995,TGF REALME C31,,1 PCS,,,,,0 PCS,0 PCS,
002328,TGF REALME C67/ REDMI NOTE 12/ OPPO A79,2 PCS,3 PCS,2 PCS,2 PCS,2 PCS,4 PCS,3 PCS,0 PCS,
002386,TGF REALME C21Y/C25Y,2 PCS,1 PCS,0 PCS,2 PCS,2 PCS,4 PCS,5 PCS,0 PCS,
003036,TGF REALME C20/C11 2021/C21,2 PCS,5 PCS,1 PCS,2 PCS,2 PCS,4 PCS,5 PCS,1 PCS,
TOTAL,8.00,19.00,3.00,7.00,8.00,16.00,17.00,1.00,
Kode Item,Nama Item,PC 3 (A),PC 4 (C),PC 5 (C),PD 1 (C),PD 2 (C),RK (C),SA (C),SS (C),
001331,TGF REALME C11/C12/C15/C30/C35/NARZO 20-30A,7 PCS,5 PCS,1 PCS,5 PCS,7 PCS,3 PCS,2 PCS,4 PCS,
001784,TGF REALME 6/7,2 PCS,,1 PCS,,,,,,
001785,TGF REALME 9,2 PCS,,1 PCS,,,,,,
001786,TGF REALME 9I/9 PRO,2 PCS,,2 PCS,,,,,,
001787,TGF REALME C17/7I,2 PCS,,0 PCS,,,,,,
001880,TGF REALME 5/5I/5S/C3,0 PCS,,0 PCS,,,,,,
001881,TGF REALME 9I/9PRO,,,0 PCS,,,,,,
001994,TGF REALME 3 PRO/5 PRO,1 PCS,,0 PCS,,,,,,
001995,TGF REALME C31,,,0 PCS,,,,,,
002328,TGF REALME C67/ REDMI NOTE 12/ OPPO A79,0 PCS,6 PCS,4 PCS,5 PCS,5 PCS,2 PCS,2 PCS,1 PCS,
,,,,Bee Accounting,,,,,,,,
,15/09/2026,,,,,,,
Kode Item,Nama Item,PC 3 (A),PC 4 (C),PC 5 (C),PD 1 (C),PD 2 (C),RK (C),SA (C),SS (C),
002386,TGF REALME C21Y/C25Y,6 PCS,6 PCS,3 PCS,6 PCS,5 PCS,3 PCS,2 PCS,2 PCS,
003036,TGF REALME C20/C11 2021/C21,5 PCS,6 PCS,3 PCS,6 PCS,6 PCS,4 PCS,2 PCS,4 PCS,
TOTAL,27.00,23.00,15.00,22.00,23.00,12.00,8.00,11.00,
Kode Item,Nama Item,TOTAL,,,,,,,,,
001331,TGF REALME C11/C12/C15/C30/C35/NARZO 20-30A,114 PCS,,,,,,,,,
001784,TGF REALME 6/7,12 PCS,,,,,,,,,
001785,TGF REALME 9,14 PCS,,,,,,,,,
001786,TGF REALME 9I/9 PRO,15 PCS,,,,,,,,,
001787,TGF REALME C17/7I,13 PCS,,,,,,,,,
001880,TGF REALME 5/5I/5S/C3,9 PCS,,,,,,,,,
001881,TGF REALME 9I/9PRO,2 PCS,,,,,,,,,
001994,TGF REALME 3 PRO/5 PRO,9 PCS,,,,,,,,,
001995,TGF REALME C31,3 PCS,,,,,,,,,
002328,TGF REALME C67/ REDMI NOTE 12/ OPPO A79,102 PCS,,,,,,,,,
002386,TGF REALME C21Y/C25Y,121 PCS,,,,,,,,,
003036,TGF REALME C20/C11 2021/C21,133 PCS,,,,,,,,,
TOTAL,547.00,,,,,,,,,
,Merk,Model,,,,,,,,,
,REDMI,CASING DOVE,,,,,,,,,
Kode Item,Nama Item,ALFA 1 (C),ALFA 2 (C),ALFA 3 (C),ALFA 4 (C),ALFA 5 (C),ASBER 2 (C),BUNISARI ,CISA (C),
001160,DOVE REDMI 10 5G,1 PCS,3 PCS,,,,,,,
001161,DOVE REDMI 3,,,0 PCS,,1 PCS,2 PCS,,2 PCS,
001162,DOVE REDMI POCO M3,1 PCS,4 PCS,1 PCS,,1 PCS,0 PCS,,1 PCS,
001536,DOVE REDMI 10A,0 PCS,3 PCS,,,,,0 PCS,,
001537,DOVE REDMI 10C,1 PCS,5 PCS,,,,,0 PCS,,
001538,DOVE REDMI 5+/NOTE 5,0 PCS,3 PCS,3 PCS,,1 PCS,2 PCS,0 PCS,0 PCS,
001539,DOVE REDMI NOTE 10 4G,2 PCS,2 PCS,2 PCS,,2 PCS,1 PCS,0 PCS,0 PCS,
001540,DOVE REDMI NOTE 9,0 PCS,2 PCS,1 PCS,,,,0 PCS,0 PCS,
001840,DOVE REDMI 9,1 PCS,2 PCS,4 PCS,0 PCS,0 PCS,0 PCS,0 PCS,1 PCS,
001921,DOVE REDMI NOTE 4/4X,0 PCS,,2 PCS,,0 PCS,,1 PCS,1 PCS,
001922,DOVE REDMI NOTE 9 PRO,0 PCS,,3 PCS,1 PCS,1 PCS,2 PCS,1 PCS,1 PCS,
001947,DOVE REDMI 10,0 PCS,,0 PCS,1 PCS,3 PCS,3 PCS,0 PCS,1 PCS,
,,,,,Bee Accounting,,,,,,,,
,15/09/2026,,,,,,,,
Kode Item,Nama Item,ALFA 1 (C),ALFA 2 (C),ALFA 3 (C),ALFA 4 (C),ALFA 5 (C),ASBER 2 (C),BUNISARI ,CISA (C),
001948,DOVE REDMI NOTE 10 PRO,0 PCS,,3 PCS,,4 PCS,0 PCS,0 PCS,4 PCS,
001949,DOVE REDMI NOTE 11,0 PCS,,2 PCS,,4 PCS,2 PCS,0 PCS,2 PCS,
001950,DOVE REDMI NOTE 11 PRO,0 PCS,,3 PCS,,3 PCS,4 PCS,0 PCS,3 PCS,
001951,DOVE REDMI POCO X3,0 PCS,,2 PCS,0 PCS,3 PCS,5 PCS,0 PCS,3 PCS,
TOTAL,6.00,24.00,26.00,2.00,23.00,21.00,2.00,19.00,
Kode Item,Nama Item,CK (C),DM (C),Gudang,PC 3 (A),PC 5 (C),PD 1 (C),PD 2 (C),SS (C),
001160,DOVE REDMI 10 5G,,0 PCS,0 PCS,3 PCS,3 PCS,1 PCS,,,
001161,DOVE REDMI 3,,1 PCS,0 PCS,,0 PCS,2 PCS,,,
001162,DOVE REDMI POCO M3,,2 PCS,0 PCS,0 PCS,0 PCS,,,,
001536,DOVE REDMI 10A,,0 PCS,0 PCS,,0 PCS,2 PCS,,,
001537,DOVE REDMI 10C,,0 PCS,0 PCS,2 PCS,2 PCS,,1 PCS,1 PCS,
001538,DOVE REDMI 5+/NOTE 5,,0 PCS,0 PCS,0 PCS,0 PCS,,,,
001539,DOVE REDMI NOTE 10 4G,2 PCS,0 PCS,0 PCS,0 PCS,1 PCS,,1 PCS,,
001540,DOVE REDMI NOTE 9,0 PCS,0 PCS,0 PCS,1 PCS,0 PCS,0 PCS,0 PCS,,
001840,DOVE REDMI 9,,0 PCS,0 PCS,0 PCS,0 PCS,,,,
001921,DOVE REDMI NOTE 4/4X,,0 PCS,0 PCS,,0 PCS,,,,
001922,DOVE REDMI NOTE 9 PRO,,0 PCS,0 PCS,,0 PCS,,,,
001947,DOVE REDMI 10,0 PCS,0 PCS,0 PCS,,0 PCS,,,,
001948,DOVE REDMI NOTE 10 PRO,,0 PCS,0 PCS,,0 PCS,,,,
001949,DOVE REDMI NOTE 11,1 PCS,0 PCS,0 PCS,,0 PCS,,,,
001950,DOVE REDMI NOTE 11 PRO,,0 PCS,0 PCS,,0 PCS,,,,
001951,DOVE REDMI POCO X3,,0 PCS,0 PCS,,0 PCS,,,,
TOTAL,3.00,3.00,0.00,6.00,6.00,5.00,2.00,1.00,
Kode Item,Nama Item,TOTAL,,,,,,,,,
001160,DOVE REDMI 10 5G,11 PCS,,,,,,,,,
001161,DOVE REDMI 3,8 PCS,,,,,,,,,
001162,DOVE REDMI POCO M3,10 PCS,,,,,,,,,
001536,DOVE REDMI 10A,5 PCS,,,,,,,,,
001537,DOVE REDMI 10C,12 PCS,,,,,,,,,
001538,DOVE REDMI 5+/NOTE 5,9 PCS,,,,,,,,,
001539,DOVE REDMI NOTE 10 4G,13 PCS,,,,,,,,,
001540,DOVE REDMI NOTE 9,4 PCS,,,,,,,,,
001840,DOVE REDMI 9,8 PCS,,,,,,,,,
,,,,Bee Accounting,,,,,,,,
,15/09/2026,,,,,,,
Kode Item,Nama Item,TOTAL,,,,,,,,,
001921,DOVE REDMI NOTE 4/4X,4 PCS,,,,,,,,,
001922,DOVE REDMI NOTE 9 PRO,9 PCS,,,,,,,,,
001947,DOVE REDMI 10,8 PCS,,,,,,,,,
001948,DOVE REDMI NOTE 10 PRO,11 PCS,,,,,,,,,
001949,DOVE REDMI NOTE 11,11 PCS,,,,,,,,,
001950,DOVE REDMI NOTE 11 PRO,13 PCS,,,,,,,,,
001951,DOVE REDMI POCO X3,13 PCS,,,,,,,,,
TOTAL,149.00,,,,,,,,,
,Merk,Model,,,,,,,,,
,REDMI,CASING MOTIF,,,,,,,,,
Kode Item,Nama Item,ALFA 1 (C),ALFA 2 (C),ALFA 3 (C),ALFA 5 (C),BUNISARI ,DM (C),Gudang,PC 3 (A),
001131,CASE MOTIF SS118 REDMI NOTE 9,,,,,,1 PCS,0 PCS,,
001445,CASE MOTIF SS076 REDMI 9,0 PCS,2 PCS,,,0 PCS,0 PCS,0 PCS,2 PCS,
001931,CASE MOTIF SS132 REDMI NOTE 9,0 PCS,,0 PCS,1 PCS,0 PCS,0 PCS,0 PCS,,
TOTAL,0.00,2.00,0.00,1.00,0.00,1.00,0.00,2.00,
Kode Item,Nama Item,PC 5 (C),SS (C),TOTAL,,,,,,,
001131,CASE MOTIF SS118 REDMI NOTE 9,,,1 PCS,,,,,,,
001445,CASE MOTIF SS076 REDMI 9,0 PCS,1 PCS,5 PCS,,,,,,,
001931,CASE MOTIF SS132 REDMI NOTE 9,0 PCS,,1 PCS,,,,,,,
TOTAL,0.00,1.00,7.00,,,,,,,
,Merk,Model,,,,,,,,,
,REDMI,CM,,,,,,,,,
Kode Item,Nama Item,ALFA 1 (C),ALFA 2 (C),ALFA 3 (C),ALFA 4 (C),ALFA 5 (C),ALFA 6 (C),ASBER 1 (C),ASBER 2 (C),
001147,CM REDMI 10A/9C,0 PCS,,,,0 PCS,,,1 PCS,
001148,CM REDMI 9A,,,,1 PCS,0 PCS,,,,
001490,CM REDMI 10 5G,0 PCS,1 PCS,,0 PCS,,,,,
001491,CM REDMI 10C,0 PCS,3 PCS,1 PCS,,2 PCS,,,0 PCS,
001493,CM REDMI NOTE 10 4G,0 PCS,2 PCS,,1 PCS,,,,,
001494,CM REDMI NOTE 9 PRO,0 PCS,1 PCS,,,,,,,
001495,CM REDMI POCO M3,0 PCS,,,1 PCS,,,,,
001834,CM REDMI NOTE 8,4 PCS,,,,,,,,
001915,CM REDMI A1/A2,0 PCS,,,,,,,,
,,,,,Bee Accounting,,,,,,,,
,15/09/2026,,,,,,,,
Kode Item,Nama Item,ALFA 1 (C),ALFA 2 (C),ALFA 3 (C),ALFA 4 (C),ALFA 5 (C),ALFA 6 (C),ASBER 1 (C),ASBER 2 (C),
001926,CM REDMI NOTE 5 PRO,0 PCS,5 PCS,,,,,,,
002278,CM REDMI 5+/NOTE 5,,,,,,,,,
003001,CM REDMI NOTE 9,0 PCS,1 PCS,0 PCS,0 PCS,0 PCS,0 PCS,0 PCS,0 PCS,
003002,CM REDMI POCO X3/X3 RPO,0 PCS,2 PCS,0 PCS,0 PCS,0 PCS,0 PCS,0 PCS,0 PCS,
TOTAL,4.00,15.00,1.00,3.00,2.00,0.00,0.00,1.00,
Kode Item,Nama Item,BK CIJAMBE ,BK JH1 ,BK JH2 (C),BK7 ,BKC ,BUNISARI ,CICUKANG ,CISA (C),
001147,CM REDMI 10A/9C,,,,,,,0 PCS,,
001148,CM REDMI 9A,,,,,,0 PCS,,0 PCS,
001490,CM REDMI 10 5G,,,,,,0 PCS,,,
001491,CM REDMI 10C,,,,,,0 PCS,,,
001493,CM REDMI NOTE 10 4G,,,,,,1 PCS,,,
001494,CM REDMI NOTE 9 PRO,,,,,,0 PCS,,,
001495,CM REDMI POCO M3,,,,,,0 PCS,,,
001834,CM REDMI NOTE 8,,,,,,0 PCS,,,
001915,CM REDMI A1/A2,,,,,,4 PCS,,,
001926,CM REDMI NOTE 5 PRO,,,,,,4 PCS,,,
002278,CM REDMI 5+/NOTE 5,,,,,,1 PCS,,,
003001,CM REDMI NOTE 9,0 PCS,0 PCS,0 PCS,0 PCS,0 PCS,0 PCS,,0 PCS,
003002,CM REDMI POCO X3/X3 RPO,0 PCS,0 PCS,0 PCS,0 PCS,0 PCS,0 PCS,,0 PCS,
TOTAL,0.00,0.00,0.00,0.00,0.00,10.00,0.00,0.00,
Kode Item,Nama Item,CK (C),DM (C),GUDANG ,Gudang,PC 3 (A),PC 4 (C),PC 5 (C),PD 1 (C),
001147,CM REDMI 10A/9C,,1 PCS,,0 PCS,0 PCS,,0 PCS,,
001148,CM REDMI 9A,,0 PCS,,0 PCS,,,,1 PCS,
001490,CM REDMI 10 5G,,0 PCS,,0 PCS,1 PCS,,0 PCS,,
001491,CM REDMI 10C,2 PCS,0 PCS,,0 PCS,2 PCS,,1 PCS,,
001493,CM REDMI NOTE 10 4G,,0 PCS,,1 PCS,2 PCS,,1 PCS,,
001494,CM REDMI NOTE 9 PRO,,0 PCS,,0 PCS,0 PCS,,2 PCS,,
001495,CM REDMI POCO M3,,0 PCS,,0 PCS,,,0 PCS,1 PCS,
001834,CM REDMI NOTE 8,,0 PCS,,0 PCS,,,0 PCS,,
001915,CM REDMI A1/A2,,0 PCS,,0 PCS,,,0 PCS,,
001926,CM REDMI NOTE 5 PRO,,0 PCS,,0 PCS,,,0 PCS,,
002278,CM REDMI 5+/NOTE 5,,,,,,,,,
003001,CM REDMI NOTE 9,0 PCS,0 PCS,0 PCS,1 PCS,1 PCS,0 PCS,0 PCS,0 PCS,
,,,,Bee Accounting,,,,,,,,
,15/09/2026,,,,,,,
Kode Item,Nama Item,CK (C),DM (C),GUDANG ,Gudang,PC 3 (A),PC 4 (C),PC 5 (C),PD 1 (C),
003002,CM REDMI POCO X3/X3 RPO,0 PCS,0 PCS,0 PCS,0 PCS,1 PCS,0 PCS,0 PCS,0 PCS,
TOTAL,2.00,1.00,0.00,2.00,7.00,0.00,4.00,2.00,
Kode Item,Nama Item,PD 2 (C),RK (C),SA (C),SS (C),TOTAL,,,,,
001147,CM REDMI 10A/9C,0 PCS,,,,2 PCS,,,,,
001148,CM REDMI 9A,,,,,2 PCS,,,,,
001490,CM REDMI 10 5G,,,,2 PCS,4 PCS,,,,,
001491,CM REDMI 10C,,,,,11 PCS,,,,,
001493,CM REDMI NOTE 10 4G,,,,,8 PCS,,,,,
001494,CM REDMI NOTE 9 PRO,,,,1 PCS,4 PCS,,,,,
001495,CM REDMI POCO M3,,,,,2 PCS,,,,,
001834,CM REDMI NOTE 8,,,,2 PCS,6 PCS,,,,,
001915,CM REDMI A1/A2,,,,,4 PCS,,,,,
001926,CM REDMI NOTE 5 PRO,,,,,9 PCS,,,,,
002278,CM REDMI 5+/NOTE 5,,,,,1 PCS,,,,,
003001,CM REDMI NOTE 9,0 PCS,0 PCS,0 PCS,0 PCS,3 PCS,,,,,
003002,CM REDMI POCO X3/X3 RPO,0 PCS,0 PCS,0 PCS,0 PCS,3 PCS,,,,,
TOTAL,0.00,0.00,0.00,5.00,59.00,,,,,
,Merk,Model,,,,,,,,,
,REDMI,SAC,,,,,,,,,
Kode Item,Nama Item,ALFA 1 (C),ALFA 2 (C),ALFA 3 (C),ALFA 4 (C),ALFA 5 (C),ALFA 6 (C),ASBER 1 (C),ASBER 2 (C),
001228,SAC REDMI 10,2 PCS,4 PCS,3 PCS,0 PCS,2 PCS,,,5 PCS,
001229,SAC REDMI 9,1 PCS,4 PCS,2 PCS,1 PCS,2 PCS,,,3 PCS,
001230,SAC REDMI 9A,,0 PCS,2 PCS,1 PCS,2 PCS,,,,
001604,SAC REDMI NOTE 10,0 PCS,,,,,,,,
001605,SAC REDMI NOTE 9 PRO,0 PCS,5 PCS,3 PCS,1 PCS,2 PCS,,,4 PCS,
002032,SAC REDMI 5,0 PCS,3 PCS,,,0 PCS,,,,
002691,SAC REDMI NOTE 3,,1 PCS,,,,,,,
003058,SAC REDMI 8/8A PRO,0 PCS,1 PCS,0 PCS,0 PCS,0 PCS,0 PCS,0 PCS,0 PCS,
TOTAL,3.00,18.00,10.00,3.00,8.00,0.00,0.00,12.00,
Kode Item,Nama Item,BK CIJAMBE ,BK JH1 ,BK JH2 (C),BK7 ,BKC ,BUNISARI ,CISA (C),CK (C),
001228,SAC REDMI 10,,,,,,,3 PCS,,
001229,SAC REDMI 9,,,,,,,2 PCS,0 PCS,
001230,SAC REDMI 9A,,,,,,,0 PCS,,
,,,,,Bee Accounting,,,,,,,,
,15/09/2026,,,,,,,,
Kode Item,Nama Item,BK CIJAMBE ,BK JH1 ,BK JH2 (C),BK7 ,BKC ,BUNISARI ,CISA (C),CK (C),
001604,SAC REDMI NOTE 10,,,,,,0 PCS,,,
001605,SAC REDMI NOTE 9 PRO,,,,,,1 PCS,3 PCS,,
002032,SAC REDMI 5,,,,,,0 PCS,,2 PCS,
002691,SAC REDMI NOTE 3,,,,,,,,,
003058,SAC REDMI 8/8A PRO,0 PCS,0 PCS,0 PCS,0 PCS,0 PCS,0 PCS,0 PCS,0 PCS,
TOTAL,0.00,0.00,0.00,0.00,0.00,1.00,8.00,2.00,
Kode Item,Nama Item,DM (C),GUDANG ,Gudang,PC 3 (A),PC 4 (C),PC 5 (C),PD 1 (C),PD 2 (C),
001228,SAC REDMI 10,0 PCS,,0 PCS,,,3 PCS,,2 PCS,
001229,SAC REDMI 9,1 PCS,,0 PCS,3 PCS,,0 PCS,,,
001230,SAC REDMI 9A,0 PCS,,0 PCS,,,1 PCS,0 PCS,,
001604,SAC REDMI NOTE 10,0 PCS,,0 PCS,2 PCS,,4 PCS,,,
001605,SAC REDMI NOTE 9 PRO,0 PCS,,0 PCS,2 PCS,,5 PCS,,2 PCS,
002032,SAC REDMI 5,0 PCS,,0 PCS,,,0 PCS,,,
002691,SAC REDMI NOTE 3,,,,,,,,,
003058,SAC REDMI 8/8A PRO,0 PCS,0 PCS,0 PCS,0 PCS,0 PCS,0 PCS,0 PCS,0 PCS,
TOTAL,1.00,0.00,0.00,7.00,0.00,13.00,0.00,4.00,
Kode Item,Nama Item,RK (C),SA (C),SS (C),TOTAL,,,,,,
001228,SAC REDMI 10,,,1 PCS,25 PCS,,,,,,
001229,SAC REDMI 9,,,,19 PCS,,,,,,
001230,SAC REDMI 9A,,,,6 PCS,,,,,,
001604,SAC REDMI NOTE 10,,,,6 PCS,,,,,,
001605,SAC REDMI NOTE 9 PRO,,,2 PCS,30 PCS,,,,,,
002032,SAC REDMI 5,,,,5 PCS,,,,,,
002691,SAC REDMI NOTE 3,,,,1 PCS,,,,,,
003058,SAC REDMI 8/8A PRO,0 PCS,0 PCS,0 PCS,1 PCS,,,,,,
TOTAL,0.00,0.00,3.00,93.00,,,,,,
,Merk,Model,,,,,,,,,
,REDMI,TEMPERED GLASS,,,,,,,,,
Kode Item,Nama Item,ALFA 1 (C),ALFA 2 (C),ALFA 3 (C),ALFA 4 (C),ALFA 5 (C),ALFA 6 (C),ALFA 7 ,ASBER 1 (C),
002371,TGS REDMI A1/A2,0 PCS,0 PCS,2 PCS,0 PCS,2 PCS,1 PCS,1 PCS,2 PCS,
002372,TGS REDMI 9,2 PCS,2 PCS,0 PCS,1 PCS,2 PCS,0 PCS,1 PCS,1 PCS,
002373,TGS REDMI 10 5G,1 PCS,0 PCS,2 PCS,0 PCS,2 PCS,0 PCS,1 PCS,1 PCS,
002374,TGS REDMI 12 5G/ REDMI 13,2 PCS,1 PCS,2 PCS,0 PCS,2 PCS,1 PCS,,0 PCS,
,,,,,Bee Accounting,,,,,,,,
,15/09/2026,,,,,,,,
Kode Item,Nama Item,ALFA 1 (C),ALFA 2 (C),ALFA 3 (C),ALFA 4 (C),ALFA 5 (C),ALFA 6 (C),ALFA 7 ,ASBER 1 (C),
002375,TGS REDMI NOTE 9,1 PCS,2 PCS,2 PCS,1 PCS,2 PCS,2 PCS,,2 PCS,
002376,TGS REDMI NOTE 10,2 PCS,1 PCS,1 PCS,1 PCS,2 PCS,2 PCS,1 PCS,1 PCS,
TOTAL,8.00,6.00,9.00,3.00,12.00,6.00,4.00,7.00,
Kode Item,Nama Item,ASBER 2 (C),BK CIJAMBE ,BK JH1 ,BK JH2 (C),BK6 ,BK7 ,BK8 BAKSAR ,BKC ,
002371,TGS REDMI A1/A2,0 PCS,2 PCS,1 PCS,2 PCS,,1 PCS,,1 PCS,
002372,TGS REDMI 9,0 PCS,2 PCS,1 PCS,2 PCS,1 PCS,1 PCS,2 PCS,2 PCS,
002373,TGS REDMI 10 5G,2 PCS,2 PCS,0 PCS,2 PCS,1 PCS,1 PCS,,2 PCS,
002374,TGS REDMI 12 5G/ REDMI 13,0 PCS,2 PCS,1 PCS,2 PCS,1 PCS,1 PCS,,0 PCS,
002375,TGS REDMI NOTE 9,2 PCS,2 PCS,1 PCS,2 PCS,1 PCS,1 PCS,,2 PCS,
002376,TGS REDMI NOTE 10,2 PCS,2 PCS,1 PCS,2 PCS,1 PCS,1 PCS,,2 PCS,
TOTAL,6.00,12.00,5.00,12.00,5.00,6.00,2.00,9.00,
Kode Item,Nama Item,BUNISARI ,CICUKANG ,CIKADUT 2,CIPAGALO ,CISA (C),CK (C),CL 1 ,CL 2 ,
002371,TGS REDMI A1/A2,1 PCS,1 PCS,1 PCS,1 PCS,2 PCS,1 PCS,1 PCS,1 PCS,
002372,TGS REDMI 9,0 PCS,0 PCS,1 PCS,,1 PCS,1 PCS,1 PCS,0 PCS,
002373,TGS REDMI 10 5G,2 PCS,1 PCS,,,1 PCS,2 PCS,1 PCS,1 PCS,
002374,TGS REDMI 12 5G/ REDMI 13,0 PCS,1 PCS,,1 PCS,2 PCS,1 PCS,1 PCS,1 PCS,
002375,TGS REDMI NOTE 9,1 PCS,1 PCS,1 PCS,1 PCS,2 PCS,2 PCS,1 PCS,0 PCS,
002376,TGS REDMI NOTE 10,0 PCS,1 PCS,1 PCS,1 PCS,0 PCS,0 PCS,1 PCS,1 PCS,
TOTAL,4.00,5.00,4.00,4.00,8.00,7.00,6.00,4.00,
Kode Item,Nama Item,CL 3 ,DM (C),Gudang,PC 3 (A),PC 4 (C),PC 5 (C),PD 1 (C),PD 2 (C),
002371,TGS REDMI A1/A2,1 PCS,2 PCS,0 PCS,2 PCS,0 PCS,1 PCS,1 PCS,2 PCS,
002372,TGS REDMI 9,1 PCS,2 PCS,0 PCS,0 PCS,0 PCS,1 PCS,1 PCS,2 PCS,
002373,TGS REDMI 10 5G,1 PCS,2 PCS,0 PCS,2 PCS,2 PCS,1 PCS,1 PCS,2 PCS,
002374,TGS REDMI 12 5G/ REDMI 13,1 PCS,2 PCS,0 PCS,2 PCS,0 PCS,1 PCS,0 PCS,2 PCS,
002375,TGS REDMI NOTE 9,1 PCS,2 PCS,0 PCS,2 PCS,1 PCS,1 PCS,1 PCS,1 PCS,
002376,TGS REDMI NOTE 10,1 PCS,1 PCS,0 PCS,2 PCS,0 PCS,1 PCS,1 PCS,2 PCS,
TOTAL,6.00,11.00,0.00,10.00,3.00,6.00,5.00,11.00,
Kode Item,Nama Item,RK (C),SA (C),SS (C),TOTAL,,,,,,
002371,TGS REDMI A1/A2,1 PCS,1 PCS,1 PCS,36 PCS,,,,,,
002372,TGS REDMI 9,1 PCS,0 PCS,1 PCS,33 PCS,,,,,,
002373,TGS REDMI 10 5G,1 PCS,1 PCS,1 PCS,39 PCS,,,,,,
002374,TGS REDMI 12 5G/ REDMI 13,1 PCS,1 PCS,1 PCS,33 PCS,,,,,,
,,,,Bee Accounting,,,,,,,,
,15/09/2026,,,,,,,
Kode Item,Nama Item,RK (C),SA (C),SS (C),TOTAL,,,,,,
002375,TGS REDMI NOTE 9,1 PCS,1 PCS,1 PCS,44 PCS,,,,,,
002376,TGS REDMI NOTE 10,1 PCS,1 PCS,1 PCS,38 PCS,,,,,,
TOTAL,6.00,5.00,6.00,223.00,,,,,,
,Merk,Model,,,,,,,,,
,REDMI,TGB,,,,,,,,,
Kode Item,Nama Item,ALFA 1 (C),ALFA 2 (C),ALFA 3 (C),ALFA 4 (C),ALFA 5 (C),ALFA 6 (C),ALFA 7 ,ASBER 1 (C),
001291,TGB REDMI 5+/NOTE 5,2 PCS,0 PCS,1 PCS,0 PCS,,,,,
001648,TGB REDMI 6/6A,0 PCS,,,,1 PCS,,,,
001649,TGB REDMI NOTE 10 PRO,2 PCS,0 PCS,2 PCS,,0 PCS,,,,
001650,TGB REDMI NOTE 11 PRO,2 PCS,,2 PCS,,0 PCS,,,,
001651,TGB REDMI NOTE 4/4X,2 PCS,2 PCS,2 PCS,,1 PCS,,,,
001652,TGB REDMI NOTE 9,1 PCS,,,,,,,,
001653,TGB REDMI NOTE 9 PRO,1 PCS,0 PCS,0 PCS,,0 PCS,,,,
001654,TGB REDMI POCO M3,2 PCS,,,,0 PCS,,,,
001655,TGB REDMI POCO X3,2 PCS,0 PCS,0 PCS,,1 PCS,,,,
001854,TGB REDMI 10/ NOTE 11 4G 2021,2 PCS,2 PCS,3 PCS,,1 PCS,,,,
001855,TGB REDMI 9/9A/9C/10A,4 PCS,3 PCS,2 PCS,1 PCS,0 PCS,1 PCS,1 PCS,4 PCS,
001856,TGB REDMI NOTE 10,8 PCS,7 PCS,7 PCS,3 PCS,2 PCS,5 PCS,,3 PCS,
001857,TGB REDMI NOTE 11,2 PCS,1 PCS,2 PCS,,1 PCS,,,,
001858,TGB REDMI NOTE 8,2 PCS,0 PCS,,0 PCS,,,,,
001911,TGB REDMI A1/A2,6 PCS,4 PCS,3 PCS,1 PCS,0 PCS,3 PCS,,4 PCS,
002308,TGB REDMI 10 5G,5 PCS,3 PCS,1 PCS,2 PCS,0 PCS,5 PCS,2 PCS,6 PCS,
002309,TGB R.POCO M4 PRO 5G/ SAM A71,6 PCS,0 PCS,1 PCS,1 PCS,2 PCS,4 PCS,0 PCS,2 PCS,
002310,TGB REDMI POCO X3 PRO,5 PCS,0 PCS,3 PCS,0 PCS,1 PCS,5 PCS,0 PCS,6 PCS,
002662,TGB REDMI 5A,,,,,,,,,
TOTAL,54.00,22.00,29.00,8.00,10.00,23.00,3.00,25.00,
Kode Item,Nama Item,ASBER 2 (C),BK CIJAMBE ,BK JH1 ,BK JH2 (C),BK6 ,BK7 ,BK8 BAKSAR ,BKC ,
001291,TGB REDMI 5+/NOTE 5,1 PCS,,,,,,,,
001648,TGB REDMI 6/6A,,,,,,,,,
001649,TGB REDMI NOTE 10 PRO,2 PCS,,,,,,,,
001650,TGB REDMI NOTE 11 PRO,2 PCS,,,,,,,,
001651,TGB REDMI NOTE 4/4X,2 PCS,,,,,,,,
001652,TGB REDMI NOTE 9,,,,,,,,,
,,,,,Bee Accounting,,,,,,,,
,15/09/2026,,,,,,,,
Kode Item,Nama Item,ASBER 2 (C),BK CIJAMBE ,BK JH1 ,BK JH2 (C),BK6 ,BK7 ,BK8 BAKSAR ,BKC ,
001653,TGB REDMI NOTE 9 PRO,2 PCS,,,,,,,,
001654,TGB REDMI POCO M3,2 PCS,,,,,,,,
001655,TGB REDMI POCO X3,2 PCS,,,,,,,,
001854,TGB REDMI 10/ NOTE 11 4G 2021,,,,,,,,,
001855,TGB REDMI 9/9A/9C/10A,4 PCS,5 PCS,1 PCS,3 PCS,2 PCS,3 PCS,1 PCS,4 PCS,
001856,TGB REDMI NOTE 10,7 PCS,5 PCS,4 PCS,5 PCS,2 PCS,4 PCS,,6 PCS,
001857,TGB REDMI NOTE 11,2 PCS,,,,,,,,
001858,TGB REDMI NOTE 8,,,,,,,,,
001911,TGB REDMI A1/A2,5 PCS,6 PCS,4 PCS,5 PCS,2 PCS,4 PCS,,5 PCS,
002308,TGB REDMI 10 5G,4 PCS,6 PCS,4 PCS,5 PCS,2 PCS,4 PCS,2 PCS,5 PCS,
002309,TGB R.POCO M4 PRO 5G/ SAM A71,5 PCS,6 PCS,3 PCS,3 PCS,2 PCS,4 PCS,2 PCS,6 PCS,
002310,TGB REDMI POCO X3 PRO,6 PCS,6 PCS,2 PCS,3 PCS,2 PCS,4 PCS,2 PCS,4 PCS,
002662,TGB REDMI 5A,,,,,,,,,
TOTAL,46.00,34.00,18.00,24.00,12.00,23.00,7.00,30.00,
Kode Item,Nama Item,BUNISARI ,CICUKANG ,CIKADUT 2,CIPAGALO ,CISA (C),CK (C),CL 1 ,CL 2 ,
001291,TGB REDMI 5+/NOTE 5,,,,,0 PCS,,,,
001648,TGB REDMI 6/6A,0 PCS,,,,8 PCS,,,,
001649,TGB REDMI NOTE 10 PRO,0 PCS,,,,0 PCS,,,,
001650,TGB REDMI NOTE 11 PRO,0 PCS,,,,1 PCS,,,,
001651,TGB REDMI NOTE 4/4X,0 PCS,,,,2 PCS,,,,
001652,TGB REDMI NOTE 9,1 PCS,,,,,,,,
001653,TGB REDMI NOTE 9 PRO,0 PCS,,,,2 PCS,,,,
001654,TGB REDMI POCO M3,0 PCS,,,,0 PCS,,,,
001655,TGB REDMI POCO X3,0 PCS,,,,2 PCS,,,,
001854,TGB REDMI 10/ NOTE 11 4G 2021,0 PCS,,,,0 PCS,,,,
001855,TGB REDMI 9/9A/9C/10A,0 PCS,2 PCS,,0 PCS,3 PCS,2 PCS,,2 PCS,
001856,TGB REDMI NOTE 10,5 PCS,2 PCS,2 PCS,2 PCS,4 PCS,3 PCS,,2 PCS,
001857,TGB REDMI NOTE 11,0 PCS,,,,2 PCS,,,,
001858,TGB REDMI NOTE 8,0 PCS,,,,,,,,
001911,TGB REDMI A1/A2,4 PCS,2 PCS,1 PCS,2 PCS,6 PCS,3 PCS,2 PCS,2 PCS,
002308,TGB REDMI 10 5G,4 PCS,2 PCS,2 PCS,2 PCS,1 PCS,1 PCS,,2 PCS,
002309,TGB R.POCO M4 PRO 5G/ SAM A71,5 PCS,2 PCS,2 PCS,2 PCS,5 PCS,4 PCS,2 PCS,2 PCS,
002310,TGB REDMI POCO X3 PRO,5 PCS,2 PCS,,2 PCS,4 PCS,3 PCS,2 PCS,2 PCS,
,,,,Bee Accounting,,,,,,,,
,15/09/2026,,,,,,,
Kode Item,Nama Item,BUNISARI ,CICUKANG ,CIKADUT 2,CIPAGALO ,CISA (C),CK (C),CL 1 ,CL 2 ,
002662,TGB REDMI 5A,,,,,,,,,
TOTAL,24.00,12.00,7.00,10.00,40.00,16.00,6.00,12.00,
Kode Item,Nama Item,CL 3 ,DM (C),Gudang,PC 3 (A),PC 4 (C),PC 5 (C),PD 1 (C),PD 2 (C),
001291,TGB REDMI 5+/NOTE 5,,1 PCS,0 PCS,,,0 PCS,1 PCS,1 PCS,
001648,TGB REDMI 6/6A,,0 PCS,0 PCS,2 PCS,,1 PCS,,,
001649,TGB REDMI NOTE 10 PRO,,0 PCS,0 PCS,1 PCS,,2 PCS,,,
001650,TGB REDMI NOTE 11 PRO,,0 PCS,0 PCS,2 PCS,,3 PCS,,,
001651,TGB REDMI NOTE 4/4X,,0 PCS,0 PCS,1 PCS,,2 PCS,,,
001652,TGB REDMI NOTE 9,,0 PCS,0 PCS,1 PCS,,3 PCS,,,
001653,TGB REDMI NOTE 9 PRO,,0 PCS,0 PCS,1 PCS,,3 PCS,,,
001654,TGB REDMI POCO M3,,0 PCS,0 PCS,2 PCS,,2 PCS,,,
001655,TGB REDMI POCO X3,,0 PCS,0 PCS,2 PCS,,2 PCS,,,
001854,TGB REDMI 10/ NOTE 11 4G 2021,,0 PCS,0 PCS,,,0 PCS,,,
001855,TGB REDMI 9/9A/9C/10A,2 PCS,6 PCS,0 PCS,5 PCS,5 PCS,4 PCS,4 PCS,5 PCS,
001856,TGB REDMI NOTE 10,4 PCS,6 PCS,0 PCS,5 PCS,6 PCS,4 PCS,4 PCS,6 PCS,
001857,TGB REDMI NOTE 11,,0 PCS,0 PCS,,,0 PCS,,,
001858,TGB REDMI NOTE 8,,0 PCS,0 PCS,,,0 PCS,,,
001911,TGB REDMI A1/A2,4 PCS,6 PCS,0 PCS,3 PCS,6 PCS,4 PCS,4 PCS,3 PCS,
002308,TGB REDMI 10 5G,2 PCS,6 PCS,0 PCS,4 PCS,6 PCS,4 PCS,4 PCS,5 PCS,
002309,TGB R.POCO M4 PRO 5G/ SAM A71,4 PCS,6 PCS,0 PCS,5 PCS,6 PCS,3 PCS,4 PCS,6 PCS,
002310,TGB REDMI POCO X3 PRO,4 PCS,5 PCS,0 PCS,5 PCS,6 PCS,4 PCS,4 PCS,6 PCS,
002662,TGB REDMI 5A,,,,1 PCS,,,,,
TOTAL,20.00,36.00,0.00,40.00,35.00,41.00,25.00,32.00,
Kode Item,Nama Item,RK (C),SA (C),SS (C),TOTAL,,,,,,
001291,TGB REDMI 5+/NOTE 5,,,,7 PCS,,,,,,
001648,TGB REDMI 6/6A,,,,12 PCS,,,,,,
001649,TGB REDMI NOTE 10 PRO,,,,9 PCS,,,,,,
001650,TGB REDMI NOTE 11 PRO,,,,12 PCS,,,,,,
001651,TGB REDMI NOTE 4/4X,,,,14 PCS,,,,,,
001652,TGB REDMI NOTE 9,,,,6 PCS,,,,,,
001653,TGB REDMI NOTE 9 PRO,,,,9 PCS,,,,,,
001654,TGB REDMI POCO M3,,,,8 PCS,,,,,,
001655,TGB REDMI POCO X3,,,,11 PCS,,,,,,
,,,,Bee Accounting,,,,,,,,
,15/09/2026,,,,,,,
Kode Item,Nama Item,RK (C),SA (C),SS (C),TOTAL,,,,,,
001854,TGB REDMI 10/ NOTE 11 4G 2021,,,,8 PCS,,,,,,
001855,TGB REDMI 9/9A/9C/10A,2 PCS,0 PCS,3 PCS,84 PCS,,,,,,
001856,TGB REDMI NOTE 10,4 PCS,3 PCS,4 PCS,134 PCS,,,,,,
001857,TGB REDMI NOTE 11,,,,10 PCS,,,,,,
001858,TGB REDMI NOTE 8,,,,2 PCS,,,,,,
001911,TGB REDMI A1/A2,4 PCS,0 PCS,4 PCS,112 PCS,,,,,,
002308,TGB REDMI 10 5G,6 PCS,0 PCS,3 PCS,110 PCS,,,,,,
002309,TGB R.POCO M4 PRO 5G/ SAM A71,4 PCS,2 PCS,3 PCS,114 PCS,,,,,,
002310,TGB REDMI POCO X3 PRO,4 PCS,2 PCS,3 PCS,112 PCS,,,,,,
002662,TGB REDMI 5A,,,,1 PCS,,,,,,
TOTAL,24.00,7.00,20.00,775.00,,,,,,
,Merk,Model,,,,,,,,,
,REDMI,TGC,,,,,,,,,
Kode Item,Nama Item,ALFA 1 (C),ALFA 2 (C),ALFA 3 (C),ALFA 4 (C),ALFA 5 (C),ALFA 6 (C),ALFA 7 ,ASBER 1 (C),
001305,TGC REDMI NOTE 10,6 PCS,5 PCS,3 PCS,2 PCS,5 PCS,4 PCS,2 PCS,6 PCS,
001701,TGC REDMI NOTE 9 PRO,0 PCS,,2 PCS,,0 PCS,,,,
001871,TGC REDMI NOTE 8,1 PCS,0 PCS,,1 PCS,,,,,
001912,TGC REDMI A1/A2,0 PCS,6 PCS,5 PCS,3 PCS,4 PCS,3 PCS,,6 PCS,
001971,TGC REDMI NOTE 10 PRO,0 PCS,,2 PCS,,2 PCS,,,,
001972,TGC REDMI NOTE 11 PRO,0 PCS,,1 PCS,,0 PCS,,,,
001973,TGC REDMI POCO M3,0 PCS,,1 PCS,,0 PCS,,,,
001974,TGC REDMI POCO X3,0 PCS,,2 PCS,,0 PCS,,,,
002320,TGC REDMI 10 5G,4 PCS,2 PCS,5 PCS,1 PCS,1 PCS,3 PCS,,5 PCS,
002321,TGC REDMI 12 5G/ REDMI 13,6 PCS,1 PCS,3 PCS,2 PCS,4 PCS,4 PCS,2 PCS,6 PCS,
002322,TGC R.POCO M4 PRO 5G/ SAM A71,4 PCS,5 PCS,3 PCS,3 PCS,3 PCS,6 PCS,2 PCS,6 PCS,
002323,TGC REDMI POCO X3 PRO,6 PCS,5 PCS,3 PCS,3 PCS,5 PCS,5 PCS,1 PCS,6 PCS,
002385,TGC REDMI NOTE 9,5 PCS,6 PCS,5 PCS,2 PCS,4 PCS,5 PCS,2 PCS,6 PCS,
002426,TGC REDMI 12C,,,,4 PCS,,,2 PCS,,
TOTAL,32.00,30.00,35.00,21.00,28.00,30.00,11.00,41.00,
Kode Item,Nama Item,ASBER 2 (C),BK CIJAMBE ,BK JH1 ,BK JH2 (C),BK6 ,BK7 ,BK8 BAKSAR ,BKC ,
001305,TGC REDMI NOTE 10,6 PCS,5 PCS,4 PCS,6 PCS,2 PCS,4 PCS,2 PCS,6 PCS,
001701,TGC REDMI NOTE 9 PRO,2 PCS,,,,,,,,
001871,TGC REDMI NOTE 8,,,,,,,,,
,,,,,Bee Accounting,,,,,,,,
,15/09/2026,,,,,,,,
Kode Item,Nama Item,ASBER 2 (C),BK CIJAMBE ,BK JH1 ,BK JH2 (C),BK6 ,BK7 ,BK8 BAKSAR ,BKC ,
001912,TGC REDMI A1/A2,0 PCS,6 PCS,0 PCS,6 PCS,2 PCS,4 PCS,,6 PCS,
001971,TGC REDMI NOTE 10 PRO,2 PCS,,,,,,,,
001972,TGC REDMI NOTE 11 PRO,2 PCS,,,,,,,,
001973,TGC REDMI POCO M3,1 PCS,,,,,,,,
001974,TGC REDMI POCO X3,0 PCS,,,,,,,,
002320,TGC REDMI 10 5G,3 PCS,6 PCS,0 PCS,6 PCS,2 PCS,4 PCS,,6 PCS,
002321,TGC REDMI 12 5G/ REDMI 13,5 PCS,6 PCS,4 PCS,6 PCS,,3 PCS,1 PCS,4 PCS,
002322,TGC R.POCO M4 PRO 5G/ SAM A71,4 PCS,6 PCS,3 PCS,5 PCS,2 PCS,4 PCS,2 PCS,6 PCS,
002323,TGC REDMI POCO X3 PRO,6 PCS,6 PCS,2 PCS,5 PCS,2 PCS,3 PCS,2 PCS,6 PCS,
002385,TGC REDMI NOTE 9,4 PCS,6 PCS,3 PCS,6 PCS,2 PCS,4 PCS,,6 PCS,
002426,TGC REDMI 12C,,,,,,,,,
TOTAL,35.00,41.00,16.00,40.00,12.00,26.00,7.00,40.00,
Kode Item,Nama Item,BUNISARI ,CICUKANG ,CIKADUT 2,CIPAGALO ,CISA (C),CK (C),CL 1 ,CL 2 ,
001305,TGC REDMI NOTE 10,6 PCS,2 PCS,2 PCS,2 PCS,6 PCS,5 PCS,2 PCS,2 PCS,
001701,TGC REDMI NOTE 9 PRO,0 PCS,,,,2 PCS,,,,
001871,TGC REDMI NOTE 8,0 PCS,,,,,,,,
001912,TGC REDMI A1/A2,5 PCS,2 PCS,,2 PCS,5 PCS,2 PCS,2 PCS,2 PCS,
001971,TGC REDMI NOTE 10 PRO,0 PCS,,,,2 PCS,,,,
001972,TGC REDMI NOTE 11 PRO,0 PCS,,,,1 PCS,,,,
001973,TGC REDMI POCO M3,0 PCS,,,,,,,,
001974,TGC REDMI POCO X3,0 PCS,,,,0 PCS,,,,
002320,TGC REDMI 10 5G,5 PCS,2 PCS,2 PCS,2 PCS,3 PCS,0 PCS,2 PCS,,
002321,TGC REDMI 12 5G/ REDMI 13,5 PCS,2 PCS,2 PCS,2 PCS,4 PCS,6 PCS,2 PCS,2 PCS,
002322,TGC R.POCO M4 PRO 5G/ SAM A71,6 PCS,2 PCS,2 PCS,2 PCS,4 PCS,5 PCS,2 PCS,2 PCS,
002323,TGC REDMI POCO X3 PRO,4 PCS,2 PCS,2 PCS,2 PCS,4 PCS,6 PCS,2 PCS,2 PCS,
002385,TGC REDMI NOTE 9,6 PCS,2 PCS,2 PCS,2 PCS,4 PCS,4 PCS,2 PCS,2 PCS,
002426,TGC REDMI 12C,,,,,,,,,
TOTAL,37.00,14.00,12.00,14.00,35.00,28.00,14.00,12.00,
Kode Item,Nama Item,CL 3 ,DM (C),Gudang,PC 3 (A),PC 4 (C),PC 5 (C),PD 1 (C),PD 2 (C),
001305,TGC REDMI NOTE 10,2 PCS,7 PCS,0 PCS,8 PCS,6 PCS,9 PCS,4 PCS,4 PCS,
001701,TGC REDMI NOTE 9 PRO,,0 PCS,0 PCS,1 PCS,,2 PCS,,,
001871,TGC REDMI NOTE 8,,0 PCS,0 PCS,,,0 PCS,,,
,,,,Bee Accounting,,,,,,,,
,15/09/2026,,,,,,,
Kode Item,Nama Item,CL 3 ,DM (C),Gudang,PC 3 (A),PC 4 (C),PC 5 (C),PD 1 (C),PD 2 (C),
001912,TGC REDMI A1/A2,2 PCS,4 PCS,0 PCS,6 PCS,6 PCS,4 PCS,2 PCS,1 PCS,
001971,TGC REDMI NOTE 10 PRO,,0 PCS,0 PCS,,,0 PCS,,,
001972,TGC REDMI NOTE 11 PRO,,0 PCS,0 PCS,,,0 PCS,,,
001973,TGC REDMI POCO M3,,0 PCS,0 PCS,,,0 PCS,,,
001974,TGC REDMI POCO X3,,0 PCS,0 PCS,,,0 PCS,,,
002320,TGC REDMI 10 5G,2 PCS,6 PCS,0 PCS,6 PCS,6 PCS,4 PCS,1 PCS,0 PCS,
002321,TGC REDMI 12 5G/ REDMI 13,2 PCS,5 PCS,0 PCS,2 PCS,4 PCS,3 PCS,4 PCS,3 PCS,
002322,TGC R.POCO M4 PRO 5G/ SAM A71,2 PCS,6 PCS,0 PCS,6 PCS,6 PCS,3 PCS,4 PCS,6 PCS,
002323,TGC REDMI POCO X3 PRO,2 PCS,4 PCS,0 PCS,3 PCS,5 PCS,2 PCS,3 PCS,3 PCS,
002385,TGC REDMI NOTE 9,2 PCS,5 PCS,0 PCS,5 PCS,6 PCS,4 PCS,4 PCS,6 PCS,
002426,TGC REDMI 12C,,,0 PCS,,,,,,
TOTAL,14.00,37.00,0.00,37.00,39.00,31.00,22.00,23.00,
Kode Item,Nama Item,RK (C),SA (C),SS (C),TOTAL,,,,,,
001305,TGC REDMI NOTE 10,6 PCS,2 PCS,4 PCS,147 PCS,,,,,,
001701,TGC REDMI NOTE 9 PRO,,,,9 PCS,,,,,,
001871,TGC REDMI NOTE 8,,,,2 PCS,,,,,,
001912,TGC REDMI A1/A2,6 PCS,2 PCS,4 PCS,108 PCS,,,,,,
001971,TGC REDMI NOTE 10 PRO,,,,8 PCS,,,,,,
001972,TGC REDMI NOTE 11 PRO,,,,4 PCS,,,,,,
001973,TGC REDMI POCO M3,,,,2 PCS,,,,,,
001974,TGC REDMI POCO X3,,,,2 PCS,,,,,,
002320,TGC REDMI 10 5G,3 PCS,2 PCS,1 PCS,95 PCS,,,,,,
002321,TGC REDMI 12 5G/ REDMI 13,6 PCS,2 PCS,4 PCS,117 PCS,,,,,,
002322,TGC R.POCO M4 PRO 5G/ SAM A71,6 PCS,2 PCS,2 PCS,132 PCS,,,,,,
002323,TGC REDMI POCO X3 PRO,6 PCS,2 PCS,4 PCS,124 PCS,,,,,,
002385,TGC REDMI NOTE 9,6 PCS,2 PCS,4 PCS,134 PCS,,,,,,
002426,TGC REDMI 12C,,,,6 PCS,,,,,,
TOTAL,39.00,14.00,23.00,890.00,,,,,,
,Merk,Model,,,,,,,,,
,REDMI,TGCS,,,,,,,,,
,,,,,Bee Accounting,,,,,,,,
,15/09/2026,,,,,,,,
Kode Item,Nama Item,ALFA 1 (C),ALFA 2 (C),ALFA 3 (C),ALFA 4 (C),ALFA 5 (C),ALFA 6 (C),ALFA 7 ,ASBER 1 (C),
001318,TGCS REDMI NOTE 10 4G,2 PCS,0 PCS,2 PCS,2 PCS,3 PCS,2 PCS,,2 PCS,
001738,TGCS REDMI 10/ NOTE 11 4G 2021,0 PCS,1 PCS,,,,,,,
001739,TGCS REDMI 9/9A/9C/10A,0 PCS,1 PCS,3 PCS,1 PCS,3 PCS,,,,
001740,TGCS REDMI NOTE 10,0 PCS,0 PCS,2 PCS,,,,,,
001741,TGCS REDMI NOTE 10 PRO,1 PCS,0 PCS,2 PCS,,1 PCS,,,,
001742,TGCS REDMI NOTE 9 PRO,0 PCS,0 PCS,2 PCS,,,,,,
001743,TGCS REDMI POCO M3,0 PCS,,,,,,,,
001744,TGCS REDMI POCO X3,2 PCS,1 PCS,1 PCS,,,,,,
001914,TGCS REDMI NOTE 9,2 PCS,1 PCS,1 PCS,2 PCS,2 PCS,1 PCS,,2 PCS,
001985,TGCS REDMI NOTE 11 PRO,0 PCS,,2 PCS,,1 PCS,,,,
001986,TGCS REDMI NOTE 4/4X,0 PCS,,2 PCS,,2 PCS,,,,
002342,TGCS REDMI NOTE 13/ NOTE 13 PRO,1 PCS,0 PCS,2 PCS,1 PCS,1 PCS,1 PCS,,1 PCS,
002343,TGCS REDMI 12 5G/ REDMI 13,1 PCS,0 PCS,0 PCS,1 PCS,2 PCS,1 PCS,1 PCS,1 PCS,
002344,TGCS R.POCO M4 PRO 5G/ SAM A71,1 PCS,0 PCS,1 PCS,1 PCS,2 PCS,2 PCS,1 PCS,2 PCS,
002345,TGCS REDMI POCO X3 PRO,2 PCS,1 PCS,0 PCS,1 PCS,2 PCS,2 PCS,0 PCS,1 PCS,
002422,TGCS REDMI 5+/NOTE 5,,,,,,9 PCS,,,
002615,TGCS REDMI A1/A2,0 PCS,,,,,,,,
TOTAL,12.00,5.00,20.00,9.00,19.00,18.00,2.00,9.00,
Kode Item,Nama Item,ASBER 2 (C),BK CIJAMBE ,BK JH1 ,BK JH2 (C),BK6 ,BK7 ,BK8 BAKSAR ,BKC ,
001318,TGCS REDMI NOTE 10 4G,2 PCS,2 PCS,0 PCS,1 PCS,1 PCS,1 PCS,,2 PCS,
001738,TGCS REDMI 10/ NOTE 11 4G 2021,,,,,1 PCS,,,,
001739,TGCS REDMI 9/9A/9C/10A,4 PCS,,,,1 PCS,,0 PCS,,
001740,TGCS REDMI NOTE 10,1 PCS,,,,,,,,
001741,TGCS REDMI NOTE 10 PRO,1 PCS,,,,,,,,
001742,TGCS REDMI NOTE 9 PRO,2 PCS,,,,1 PCS,,,,
001743,TGCS REDMI POCO M3,,,,,,,,,
001744,TGCS REDMI POCO X3,2 PCS,,,,1 PCS,,,,
001914,TGCS REDMI NOTE 9,3 PCS,2 PCS,1 PCS,2 PCS,,1 PCS,,1 PCS,
001985,TGCS REDMI NOTE 11 PRO,0 PCS,,,,,,,,
001986,TGCS REDMI NOTE 4/4X,2 PCS,,,,,,,,
002342,TGCS REDMI NOTE 13/ NOTE 13 PRO,0 PCS,2 PCS,1 PCS,1 PCS,1 PCS,1 PCS,,2 PCS,
,,,,Bee Accounting,,,,,,,,
,15/09/2026,,,,,,,
Kode Item,Nama Item,ASBER 2 (C),BK CIJAMBE ,BK JH1 ,BK JH2 (C),BK6 ,BK7 ,BK8 BAKSAR ,BKC ,
002343,TGCS REDMI 12 5G/ REDMI 13,1 PCS,2 PCS,1 PCS,0 PCS,1 PCS,1 PCS,2 PCS,0 PCS,
002344,TGCS R.POCO M4 PRO 5G/ SAM A71,2 PCS,2 PCS,1 PCS,2 PCS,1 PCS,1 PCS,,2 PCS,
002345,TGCS REDMI POCO X3 PRO,0 PCS,2 PCS,0 PCS,1 PCS,1 PCS,0 PCS,1 PCS,1 PCS,
002422,TGCS REDMI 5+/NOTE 5,,,,,,,,,
002615,TGCS REDMI A1/A2,,,,,,,,,
TOTAL,20.00,12.00,4.00,7.00,9.00,5.00,3.00,8.00,
Kode Item,Nama Item,BUNISARI ,CICUKANG ,CIKADUT 2,CIPAGALO ,CISA (C),CK (C),CL 1 ,CL 2 ,
001318,TGCS REDMI NOTE 10 4G,1 PCS,1 PCS,1 PCS,1 PCS,0 PCS,3 PCS,1 PCS,1 PCS,
001738,TGCS REDMI 10/ NOTE 11 4G 2021,0 PCS,,,,,,,,
001739,TGCS REDMI 9/9A/9C/10A,0 PCS,,,,1 PCS,,,,
001740,TGCS REDMI NOTE 10,0 PCS,,,,,,,,
001741,TGCS REDMI NOTE 10 PRO,0 PCS,,,,,,,,
001742,TGCS REDMI NOTE 9 PRO,0 PCS,,,,0 PCS,,,,
001743,TGCS REDMI POCO M3,0 PCS,,,,,,,,
001744,TGCS REDMI POCO X3,0 PCS,,,,,,,,
001914,TGCS REDMI NOTE 9,2 PCS,1 PCS,0 PCS,,3 PCS,1 PCS,,,
001985,TGCS REDMI NOTE 11 PRO,0 PCS,,,,,,,,
001986,TGCS REDMI NOTE 4/4X,0 PCS,,,,1 PCS,,,,
002342,TGCS REDMI NOTE 13/ NOTE 13 PRO,0 PCS,1 PCS,0 PCS,1 PCS,1 PCS,0 PCS,1 PCS,,
002343,TGCS REDMI 12 5G/ REDMI 13,1 PCS,1 PCS,1 PCS,1 PCS,2 PCS,0 PCS,1 PCS,1 PCS,
002344,TGCS R.POCO M4 PRO 5G/ SAM A71,1 PCS,1 PCS,1 PCS,1 PCS,1 PCS,1 PCS,1 PCS,0 PCS,
002345,TGCS REDMI POCO X3 PRO,0 PCS,0 PCS,,,0 PCS,0 PCS,,,
002422,TGCS REDMI 5+/NOTE 5,,,,,,,,,
002615,TGCS REDMI A1/A2,,,,,,,,,
TOTAL,5.00,5.00,3.00,4.00,9.00,5.00,4.00,2.00,
Kode Item,Nama Item,CL 3 ,DM (C),Gudang,PC 3 (A),PC 4 (C),PC 5 (C),PD 1 (C),PD 2 (C),
001318,TGCS REDMI NOTE 10 4G,1 PCS,3 PCS,0 PCS,2 PCS,2 PCS,1 PCS,2 PCS,1 PCS,
001738,TGCS REDMI 10/ NOTE 11 4G 2021,,0 PCS,0 PCS,1 PCS,,1 PCS,,,
001739,TGCS REDMI 9/9A/9C/10A,,0 PCS,0 PCS,3 PCS,,3 PCS,1 PCS,,
001740,TGCS REDMI NOTE 10,,0 PCS,0 PCS,1 PCS,,1 PCS,,,
001741,TGCS REDMI NOTE 10 PRO,,0 PCS,0 PCS,2 PCS,,1 PCS,,,
,,,,Bee Accounting,,,,,,,,
,15/09/2026,,,,,,,
Kode Item,Nama Item,CL 3 ,DM (C),Gudang,PC 3 (A),PC 4 (C),PC 5 (C),PD 1 (C),PD 2 (C),
001742,TGCS REDMI NOTE 9 PRO,,0 PCS,0 PCS,2 PCS,,2 PCS,,,
001743,TGCS REDMI POCO M3,,0 PCS,0 PCS,3 PCS,,0 PCS,,,
001744,TGCS REDMI POCO X3,,0 PCS,0 PCS,3 PCS,,1 PCS,,,
001914,TGCS REDMI NOTE 9,1 PCS,2 PCS,0 PCS,2 PCS,1 PCS,2 PCS,1 PCS,1 PCS,
001985,TGCS REDMI NOTE 11 PRO,,0 PCS,0 PCS,,,0 PCS,,,
001986,TGCS REDMI NOTE 4/4X,,0 PCS,0 PCS,,,0 PCS,,,
002342,TGCS REDMI NOTE 13/ NOTE 13 PRO,,2 PCS,0 PCS,1 PCS,2 PCS,1 PCS,1 PCS,0 PCS,
002343,TGCS REDMI 12 5G/ REDMI 13,1 PCS,2 PCS,0 PCS,2 PCS,2 PCS,1 PCS,1 PCS,2 PCS,
002344,TGCS R.POCO M4 PRO 5G/ SAM A71,1 PCS,2 PCS,0 PCS,2 PCS,2 PCS,1 PCS,1 PCS,2 PCS,
002345,TGCS REDMI POCO X3 PRO,1 PCS,1 PCS,0 PCS,2 PCS,2 PCS,1 PCS,1 PCS,2 PCS,
002422,TGCS REDMI 5+/NOTE 5,,,0 PCS,,,,,,
002615,TGCS REDMI A1/A2,,,,,,,,,
TOTAL,5.00,12.00,0.00,26.00,11.00,16.00,8.00,8.00,
Kode Item,Nama Item,RK (C),SA (C),SS (C),TOTAL,,,,,,
001318,TGCS REDMI NOTE 10 4G,1 PCS,1 PCS,1 PCS,46 PCS,,,,,,
001738,TGCS REDMI 10/ NOTE 11 4G 2021,,,,4 PCS,,,,,,
001739,TGCS REDMI 9/9A/9C/10A,,,,21 PCS,,,,,,
001740,TGCS REDMI NOTE 10,,,,5 PCS,,,,,,
001741,TGCS REDMI NOTE 10 PRO,,,,8 PCS,,,,,,
001742,TGCS REDMI NOTE 9 PRO,,,,9 PCS,,,,,,
001743,TGCS REDMI POCO M3,,,,3 PCS,,,,,,
001744,TGCS REDMI POCO X3,,,,11 PCS,,,,,,
001914,TGCS REDMI NOTE 9,1 PCS,1 PCS,2 PCS,42 PCS,,,,,,
001985,TGCS REDMI NOTE 11 PRO,,,,3 PCS,,,,,,
001986,TGCS REDMI NOTE 4/4X,,,,7 PCS,,,,,,
002342,TGCS REDMI NOTE 13/ NOTE 13 PRO,1 PCS,1 PCS,1 PCS,29 PCS,,,,,,
002343,TGCS REDMI 12 5G/ REDMI 13,1 PCS,1 PCS,1 PCS,37 PCS,,,,,,
002344,TGCS R.POCO M4 PRO 5G/ SAM A71,1 PCS,1 PCS,1 PCS,42 PCS,,,,,,
002345,TGCS REDMI POCO X3 PRO,1 PCS,1 PCS,1 PCS,28 PCS,,,,,,
002422,TGCS REDMI 5+/NOTE 5,,,,9 PCS,,,,,,
002615,TGCS REDMI A1/A2,,,,0 PCS,,,,,,
,,,,Bee Accounting,,,,,,,,
,15/09/2026,,,,,,,
Kode Item,Nama Item,RK (C),SA (C),SS (C),TOTAL,,,,,,
TOTAL,6.00,6.00,7.00,304.00,,,,,,
,Merk,Model,,,,,,,,,
,REDMI,TGF,,,,,,,,,
Kode Item,Nama Item,ALFA 1 (C),ALFA 2 (C),ALFA 3 (C),ALFA 4 (C),ALFA 5 (C),ALFA 6 (C),ALFA 7 ,ASBER 1 (C),
001332,TGF REDMI 10/ NOTE 11 4G 2021,,0 PCS,2 PCS,,2 PCS,,,,
001333,TGF REDMI 5+/NOTE 5,,5 PCS,2 PCS,,1 PCS,,,,
001788,TGF REDMI 10C,0 PCS,2 PCS,1 PCS,,1 PCS,,,,
001789,TGF REDMI 9/9A/9C/10A,6 PCS,7 PCS,7 PCS,1 PCS,6 PCS,5 PCS,,4 PCS,
001790,TGF REDMI NOTE 10,6 PCS,8 PCS,8 PCS,3 PCS,6 PCS,6 PCS,,6 PCS,
001791,TGF REDMI NOTE 4/4X,0 PCS,1 PCS,2 PCS,,2 PCS,,,,
001792,TGF REDMI NOTE 9,6 PCS,7 PCS,8 PCS,2 PCS,7 PCS,6 PCS,2 PCS,4 PCS,
001793,TGF REDMI NOTE 9 PRO,0 PCS,1 PCS,2 PCS,,2 PCS,,,,
001794,TGF REDMI POCO M3,0 PCS,2 PCS,2 PCS,,0 PCS,,,,
001795,TGF REDMI POCO X3,0 PCS,3 PCS,1 PCS,,1 PCS,,,,
001882,TGF REDMI NOTE 10 PRO,2 PCS,2 PCS,2 PCS,,2 PCS,,,,
001883,TGF REDMI 10 PRO,2 PCS,,,,,,,,
001996,TGF REDMI NOTE 11,0 PCS,,2 PCS,,2 PCS,,,,
001997,TGF REDMI NOTE 11 PRO,0 PCS,,1 PCS,,2 PCS,,,,
002234,TGF REDMI A1/A2,5 PCS,7 PCS,6 PCS,1 PCS,6 PCS,5 PCS,2 PCS,4 PCS,
002331,TGF R.POCO M4 PRO 5G/ SAM A71,6 PCS,7 PCS,6 PCS,2 PCS,6 PCS,6 PCS,1 PCS,4 PCS,
002332,TGF REDMI POCO X3 PRO,6 PCS,6 PCS,6 PCS,1 PCS,6 PCS,5 PCS,2 PCS,4 PCS,
002390,TGF REDMI 10 5G,4 PCS,6 PCS,6 PCS,0 PCS,6 PCS,4 PCS,1 PCS,4 PCS,
003015,TGF REDMI NOTE10,0 PCS,0 PCS,0 PCS,0 PCS,0 PCS,0 PCS,,0 PCS,
TOTAL,43.00,64.00,64.00,10.00,58.00,37.00,8.00,30.00,
Kode Item,Nama Item,ASBER 2 (C),BK CIJAMBE ,BK JH1 ,BK JH2 (C),BK6 ,BK7 ,BKC ,BUNISARI ,
001332,TGF REDMI 10/ NOTE 11 4G 2021,,,,,,,,,
001333,TGF REDMI 5+/NOTE 5,,,,,,,,,
001788,TGF REDMI 10C,2 PCS,,,,,,,0 PCS,
001789,TGF REDMI 9/9A/9C/10A,5 PCS,5 PCS,3 PCS,6 PCS,,1 PCS,5 PCS,1 PCS,
001790,TGF REDMI NOTE 10,6 PCS,6 PCS,3 PCS,8 PCS,2 PCS,3 PCS,6 PCS,6 PCS,
001791,TGF REDMI NOTE 4/4X,,,,,,,,0 PCS,
001792,TGF REDMI NOTE 9,7 PCS,6 PCS,4 PCS,8 PCS,2 PCS,3 PCS,6 PCS,5 PCS,
,,,,,Bee Accounting,,,,,,,,
,15/09/2026,,,,,,,,
Kode Item,Nama Item,ASBER 2 (C),BK CIJAMBE ,BK JH1 ,BK JH2 (C),BK6 ,BK7 ,BKC ,BUNISARI ,
001793,TGF REDMI NOTE 9 PRO,2 PCS,,,,,,,0 PCS,
001794,TGF REDMI POCO M3,2 PCS,,,,,,,0 PCS,
001795,TGF REDMI POCO X3,2 PCS,,,,,,,0 PCS,
001882,TGF REDMI NOTE 10 PRO,2 PCS,,,,,,,0 PCS,
001883,TGF REDMI 10 PRO,,,,,,,,0 PCS,
001996,TGF REDMI NOTE 11,2 PCS,,,,,,,0 PCS,
001997,TGF REDMI NOTE 11 PRO,2 PCS,,,,,,,0 PCS,
002234,TGF REDMI A1/A2,6 PCS,6 PCS,4 PCS,7 PCS,,3 PCS,5 PCS,0 PCS,
002331,TGF R.POCO M4 PRO 5G/ SAM A71,6 PCS,6 PCS,2 PCS,7 PCS,,4 PCS,6 PCS,4 PCS,
002332,TGF REDMI POCO X3 PRO,6 PCS,5 PCS,2 PCS,7 PCS,2 PCS,4 PCS,6 PCS,5 PCS,
002390,TGF REDMI 10 5G,5 PCS,4 PCS,3 PCS,8 PCS,2 PCS,3 PCS,6 PCS,1 PCS,
003015,TGF REDMI NOTE10,0 PCS,0 PCS,0 PCS,0 PCS,,0 PCS,0 PCS,0 PCS,
TOTAL,55.00,38.00,21.00,51.00,8.00,21.00,40.00,22.00,
Kode Item,Nama Item,CICUKANG ,CISA (C),CK (C),CL 1 ,CL 2 ,CL 3 ,DM (C),GUDANG ,
001332,TGF REDMI 10/ NOTE 11 4G 2021,,0 PCS,2 PCS,,,,1 PCS,,
001333,TGF REDMI 5+/NOTE 5,,1 PCS,1 PCS,,,,2 PCS,,
001788,TGF REDMI 10C,,,,,,,0 PCS,,
001789,TGF REDMI 9/9A/9C/10A,2 PCS,1 PCS,0 PCS,1 PCS,2 PCS,4 PCS,0 PCS,,
001790,TGF REDMI NOTE 10,2 PCS,8 PCS,5 PCS,2 PCS,2 PCS,4 PCS,5 PCS,,
001791,TGF REDMI NOTE 4/4X,,1 PCS,1 PCS,,,,0 PCS,,
001792,TGF REDMI NOTE 9,,1 PCS,6 PCS,2 PCS,0 PCS,4 PCS,5 PCS,,
001793,TGF REDMI NOTE 9 PRO,,0 PCS,,,,,0 PCS,,
001794,TGF REDMI POCO M3,,1 PCS,,,,,0 PCS,,
001795,TGF REDMI POCO X3,,0 PCS,,,,,0 PCS,,
001882,TGF REDMI NOTE 10 PRO,,0 PCS,,,,,0 PCS,,
001883,TGF REDMI 10 PRO,,,,,,,0 PCS,,
001996,TGF REDMI NOTE 11,,0 PCS,,,,,0 PCS,,
001997,TGF REDMI NOTE 11 PRO,,0 PCS,,,,,0 PCS,,
002234,TGF REDMI A1/A2,0 PCS,5 PCS,2 PCS,2 PCS,1 PCS,4 PCS,4 PCS,,
002331,TGF R.POCO M4 PRO 5G/ SAM A71,2 PCS,1 PCS,5 PCS,2 PCS,2 PCS,4 PCS,5 PCS,,
002332,TGF REDMI POCO X3 PRO,2 PCS,4 PCS,4 PCS,2 PCS,1 PCS,4 PCS,6 PCS,,
002390,TGF REDMI 10 5G,2 PCS,4 PCS,1 PCS,2 PCS,2 PCS,4 PCS,5 PCS,,
003015,TGF REDMI NOTE10,,0 PCS,0 PCS,,,,0 PCS,0 PCS,
,,,,Bee Accounting,,,,,,,,
,15/09/2026,,,,,,,
Kode Item,Nama Item,CICUKANG ,CISA (C),CK (C),CL 1 ,CL 2 ,CL 3 ,DM (C),GUDANG ,
TOTAL,10.00,27.00,27.00,13.00,10.00,28.00,33.00,0.00,
Kode Item,Nama Item,Gudang,PC 3 (A),PC 4 (C),PC 5 (C),PD 1 (C),PD 2 (C),RK (C),SA (C),
001332,TGF REDMI 10/ NOTE 11 4G 2021,0 PCS,2 PCS,,2 PCS,,1 PCS,,,
001333,TGF REDMI 5+/NOTE 5,0 PCS,2 PCS,,2 PCS,,,,,
001788,TGF REDMI 10C,0 PCS,3 PCS,,1 PCS,2 PCS,,,,
001789,TGF REDMI 9/9A/9C/10A,0 PCS,6 PCS,5 PCS,7 PCS,6 PCS,6 PCS,3 PCS,2 PCS,
001790,TGF REDMI NOTE 10,0 PCS,5 PCS,6 PCS,5 PCS,6 PCS,6 PCS,3 PCS,2 PCS,
001791,TGF REDMI NOTE 4/4X,0 PCS,2 PCS,,2 PCS,2 PCS,,,,
001792,TGF REDMI NOTE 9,0 PCS,6 PCS,6 PCS,6 PCS,6 PCS,6 PCS,4 PCS,4 PCS,
001793,TGF REDMI NOTE 9 PRO,0 PCS,2 PCS,,2 PCS,,,,,
001794,TGF REDMI POCO M3,0 PCS,2 PCS,,2 PCS,,,,,
001795,TGF REDMI POCO X3,0 PCS,2 PCS,,2 PCS,,,,,
001882,TGF REDMI NOTE 10 PRO,0 PCS,,,0 PCS,,,,,
001883,TGF REDMI 10 PRO,0 PCS,,,0 PCS,,,,,
001996,TGF REDMI NOTE 11,0 PCS,,,0 PCS,,,,,
001997,TGF REDMI NOTE 11 PRO,0 PCS,,,0 PCS,,,,,
002234,TGF REDMI A1/A2,0 PCS,5 PCS,6 PCS,5 PCS,6 PCS,5 PCS,3 PCS,2 PCS,
002331,TGF R.POCO M4 PRO 5G/ SAM A71,0 PCS,6 PCS,6 PCS,3 PCS,6 PCS,6 PCS,3 PCS,2 PCS,
002332,TGF REDMI POCO X3 PRO,0 PCS,6 PCS,6 PCS,3 PCS,6 PCS,6 PCS,2 PCS,2 PCS,
002390,TGF REDMI 10 5G,0 PCS,6 PCS,6 PCS,3 PCS,5 PCS,5 PCS,3 PCS,2 PCS,
003015,TGF REDMI NOTE10,0 PCS,3 PCS,0 PCS,0 PCS,0 PCS,0 PCS,0 PCS,0 PCS,
TOTAL,0.00,58.00,41.00,45.00,45.00,41.00,21.00,16.00,
Kode Item,Nama Item,SS (C),TOTAL,,,,,,,,
001332,TGF REDMI 10/ NOTE 11 4G 2021,,12 PCS,,,,,,,,
001333,TGF REDMI 5+/NOTE 5,,16 PCS,,,,,,,,
001788,TGF REDMI 10C,,12 PCS,,,,,,,,
001789,TGF REDMI 9/9A/9C/10A,3 PCS,110 PCS,,,,,,,,
001790,TGF REDMI NOTE 10,4 PCS,148 PCS,,,,,,,,
001791,TGF REDMI NOTE 4/4X,,13 PCS,,,,,,,,
001792,TGF REDMI NOTE 9,3 PCS,142 PCS,,,,,,,,
001793,TGF REDMI NOTE 9 PRO,,11 PCS,,,,,,,,
001794,TGF REDMI POCO M3,,11 PCS,,,,,,,,
001795,TGF REDMI POCO X3,,11 PCS,,,,,,,,
,,,,Bee Accounting,,,,,,,,
,15/09/2026,,,,,,,
Kode Item,Nama Item,SS (C),TOTAL,,,,,,,,
001882,TGF REDMI NOTE 10 PRO,,10 PCS,,,,,,,,
001883,TGF REDMI 10 PRO,,2 PCS,,,,,,,,
001996,TGF REDMI NOTE 11,,6 PCS,,,,,,,,
001997,TGF REDMI NOTE 11 PRO,,5 PCS,,,,,,,,
002234,TGF REDMI A1/A2,4 PCS,121 PCS,,,,,,,,
002331,TGF R.POCO M4 PRO 5G/ SAM A71,4 PCS,130 PCS,,,,,,,,
002332,TGF REDMI POCO X3 PRO,4 PCS,131 PCS,,,,,,,,
002390,TGF REDMI 10 5G,4 PCS,117 PCS,,,,,,,,
003015,TGF REDMI NOTE10,0 PCS,3 PCS,,,,,,,,
TOTAL,26.00,"1,011.00",,,,,,,,
,Merk,Model,,,,,,,,,
,REXI,BATOK,,,,,,,,,
Kode Item,Nama Item,ALFA 6 (C),BK JH1 ,CK (C),DM (C),Gudang,TOTAL,,,
001112,BATOK CHARGER REXI BA21 2.1A OUTPUT,0 PCS,0 PCS,1 PCS,0 PCS,0 PCS,1 PCS,,,
TOTAL,0.00,0.00,1.00,0.00,0.00,1.00,,,
,Merk,Model,,,,,,,,,
,REXI,HANDSFREE,,,,,,,,,
Kode Item,Nama Item,ALFA 1 (C),ALFA 7 ,BUNISARI ,CK (C),DM (C),Gudang,PC 4 (C),PC 5 (C),
001022,HF REXI AS02-K,1 PCS,,,,0 PCS,0 PCS,,,
001419,HF REXI AS08-K,1 PCS,0 PCS,0 PCS,0 PCS,0 PCS,0 PCS,1 PCS,1 PCS,
TOTAL,2.00,0.00,0.00,0.00,0.00,0.00,1.00,1.00,
Kode Item,Nama Item,TOTAL,,,,,,,,,
001022,HF REXI AS02-K,1 PCS,,,,,,,,,
001419,HF REXI AS08-K,3 PCS,,,,,,,,,
TOTAL,4.00,,,,,,,,,
,Merk,Model,,,,,,,,,
,REXI,KABEL DATA,,,,,,,,,
Kode Item,Nama Item,ALFA 1 (C),ALFA 2 (C),ALFA 3 (C),ALFA 7 ,ASBER 1 (C),BUNISARI ,CK (C),DM (C),
001091,KABEL DATA REXI KB01-L LIGHTNING 2.4A,1 PCS,,,0 PCS,,,,0 PCS,
001429,KABEL DATA REXI TB20-C 3A TYPE C,0 PCS,4 PCS,0 PCS,0 PCS,,0 PCS,0 PCS,0 PCS,
001826,KABEL DATA REXI KE01-M MIKRO,3 PCS,0 PCS,2 PCS,,1 PCS,0 PCS,,0 PCS,
,,,,,Bee Accounting,,,,,,,,
,15/09/2026,,,,,,,,
Kode Item,Nama Item,ALFA 1 (C),ALFA 2 (C),ALFA 3 (C),ALFA 7 ,ASBER 1 (C),BUNISARI ,CK (C),DM (C),
001827,KABEL DATA REXI KI01-M MIKRO COLORPOP,1 PCS,2 PCS,1 PCS,,,0 PCS,2 PCS,0 PCS,
TOTAL,5.00,6.00,3.00,0.00,1.00,0.00,2.00,0.00,
Kode Item,Nama Item,Gudang,PC 3 (A),PC 5 (C),RK (C),SA (C),SS (C),TOTAL,,
001091,KABEL DATA REXI KB01-L LIGHTNING 2.4A,0 PCS,,0 PCS,,,,1 PCS,,
001429,KABEL DATA REXI TB20-C 3A TYPE C,0 PCS,0 PCS,0 PCS,0 PCS,1 PCS,1 PCS,6 PCS,,
001826,KABEL DATA REXI KE01-M MIKRO,0 PCS,,0 PCS,,,,6 PCS,,
001827,KABEL DATA REXI KI01-M MIKRO COLORPOP,0 PCS,,0 PCS,,,,6 PCS,,
TOTAL,0.00,0.00,0.00,0.00,1.00,1.00,19.00,,
,Merk,Model,,,,,,,,,
,REXI,OTG,,,,,,,,,
Kode Item,Nama Item,ALFA 1 (C),ALFA 2 (C),ALFA 3 (C),ALFA 4 (C),ALFA 5 (C),ALFA 6 (C),ASBER 1 (C),ASBER 2 (C),
001095,KABEL OTG REXI OA01-M ADAPTOR MICRO,0 PCS,1 PCS,0 PCS,0 PCS,1 PCS,0 PCS,0 PCS,0 PCS,
TOTAL,0.00,1.00,0.00,0.00,1.00,0.00,0.00,0.00,
Kode Item,Nama Item,BK CIJAMBE ,BK JH1 ,BK JH2 (C),BK7 ,BKC ,BUNISARI ,CISA (C),CK (C),
001095,KABEL OTG REXI OA01-M ADAPTOR MICRO,1 PCS,1 PCS,0 PCS,1 PCS,1 PCS,2 PCS,1 PCS,0 PCS,
TOTAL,1.00,1.00,0.00,1.00,1.00,2.00,1.00,0.00,
Kode Item,Nama Item,DM (C),Gudang,PC 3 (A),PC 4 (C),PC 5 (C),PD 1 (C),PD 2 (C),RK (C),
001095,KABEL OTG REXI OA01-M ADAPTOR MICRO,2 PCS,0 PCS,2 PCS,0 PCS,0 PCS,0 PCS,0 PCS,1 PCS,
TOTAL,2.00,0.00,2.00,0.00,0.00,0.00,0.00,1.00,
Kode Item,Nama Item,SA (C),SS (C),TOTAL,,,,,,,
001095,KABEL OTG REXI OA01-M ADAPTOR MICRO,1 PCS,0 PCS,15 PCS,,,,,,,
TOTAL,1.00,0.00,15.00,,,,,,,
,Merk,Model,,,,,,,,,
,SAMSUNG,CASING DOVE,,,,,,,,,
Kode Item,Nama Item,ALFA 1 (C),ALFA 2 (C),ALFA 3 (C),ALFA 4 (C),ALFA 5 (C),ASBER 2 (C),BUNISARI ,CISA (C),
001163,DOVE SAMSUNG A10/M10,,,0 PCS,,1 PCS,,,,
001164,DOVE SAMSUNG A12/M12,0 PCS,1 PCS,0 PCS,0 PCS,0 PCS,,,,
001541,DOVE SAMSUNG A13 4G/5G,0 PCS,1 PCS,2 PCS,,2 PCS,,0 PCS,,
,,,,,Bee Accounting,,,,,,,,
,15/09/2026,,,,,,,,
Kode Item,Nama Item,ALFA 1 (C),ALFA 2 (C),ALFA 3 (C),ALFA 4 (C),ALFA 5 (C),ASBER 2 (C),BUNISARI ,CISA (C),
001542,DOVE SAMSUNG A20/A30,0 PCS,1 PCS,,,,,0 PCS,,
001543,DOVE SAMSUNG A23 4G,1 PCS,5 PCS,4 PCS,,5 PCS,3 PCS,0 PCS,0 PCS,
001544,DOVE SAMSUNG A32 4G,1 PCS,5 PCS,4 PCS,,3 PCS,4 PCS,0 PCS,3 PCS,
001545,DOVE SAMSUNG A32 5G,0 PCS,6 PCS,6 PCS,,5 PCS,2 PCS,0 PCS,2 PCS,
001546,DOVE SAMSUNG A33 5G,3 PCS,5 PCS,2 PCS,,4 PCS,5 PCS,0 PCS,4 PCS,
001547,DOVE SAMSUNG A52 4G/5G,5 PCS,5 PCS,5 PCS,,4 PCS,4 PCS,1 PCS,,
001548,DOVE SAMSUNG A53 5G,4 PCS,5 PCS,7 PCS,1 PCS,1 PCS,5 PCS,0 PCS,2 PCS,
001549,DOVE SAMSUNG A70,0 PCS,5 PCS,,,,,0 PCS,,
001550,DOVE SAMSUNG A72 4G/5G,5 PCS,5 PCS,5 PCS,,4 PCS,5 PCS,0 PCS,3 PCS,
001551,DOVE SAMSUNG A73 5G,5 PCS,5 PCS,,,,,0 PCS,,
001952,DOVE SAMSUNG A22 4G,0 PCS,,5 PCS,,1 PCS,3 PCS,0 PCS,4 PCS,
001953,DOVE SAMSUNG A22 5G,0 PCS,,4 PCS,,3 PCS,3 PCS,0 PCS,3 PCS,
001954,DOVE SAMSUNG A51,0 PCS,,1 PCS,,2 PCS,0 PCS,0 PCS,0 PCS,
001955,DOVE SAMSUNG A71,1 PCS,,5 PCS,,4 PCS,5 PCS,0 PCS,5 PCS,
002040,DOVE SAMSUNG A21,0 PCS,,5 PCS,1 PCS,0 PCS,8 PCS,0 PCS,0 PCS,
TOTAL,25.00,49.00,55.00,2.00,39.00,47.00,1.00,26.00,
Kode Item,Nama Item,CK (C),DM (C),Gudang,PC 3 (A),PC 5 (C),PD 1 (C),PD 2 (C),SS (C),
001163,DOVE SAMSUNG A10/M10,,0 PCS,0 PCS,0 PCS,0 PCS,,,,
001164,DOVE SAMSUNG A12/M12,0 PCS,0 PCS,0 PCS,2 PCS,1 PCS,1 PCS,,0 PCS,
001541,DOVE SAMSUNG A13 4G/5G,0 PCS,0 PCS,0 PCS,0 PCS,0 PCS,2 PCS,1 PCS,,
001542,DOVE SAMSUNG A20/A30,,0 PCS,0 PCS,,0 PCS,,,,
001543,DOVE SAMSUNG A23 4G,,0 PCS,0 PCS,1 PCS,2 PCS,,,,
001544,DOVE SAMSUNG A32 4G,,0 PCS,0 PCS,,5 PCS,,1 PCS,2 PCS,
001545,DOVE SAMSUNG A32 5G,,0 PCS,0 PCS,3 PCS,5 PCS,,,2 PCS,
001546,DOVE SAMSUNG A33 5G,,0 PCS,0 PCS,0 PCS,4 PCS,,,2 PCS,
001547,DOVE SAMSUNG A52 4G/5G,,0 PCS,0 PCS,0 PCS,4 PCS,,1 PCS,,
001548,DOVE SAMSUNG A53 5G,,0 PCS,0 PCS,4 PCS,5 PCS,,,,
001549,DOVE SAMSUNG A70,,0 PCS,0 PCS,3 PCS,5 PCS,,,1 PCS,
001550,DOVE SAMSUNG A72 4G/5G,,0 PCS,0 PCS,5 PCS,4 PCS,,,,
001551,DOVE SAMSUNG A73 5G,,0 PCS,0 PCS,3 PCS,5 PCS,,,,
001952,DOVE SAMSUNG A22 4G,1 PCS,0 PCS,0 PCS,,0 PCS,,,,
001953,DOVE SAMSUNG A22 5G,,0 PCS,0 PCS,,0 PCS,,,,
001954,DOVE SAMSUNG A51,,0 PCS,0 PCS,,0 PCS,,,,
001955,DOVE SAMSUNG A71,,0 PCS,0 PCS,,0 PCS,,,,
,,,,Bee Accounting,,,,,,,,
,15/09/2026,,,,,,,
Kode Item,Nama Item,CK (C),DM (C),Gudang,PC 3 (A),PC 5 (C),PD 1 (C),PD 2 (C),SS (C),
002040,DOVE SAMSUNG A21,2 PCS,0 PCS,0 PCS,,0 PCS,,,,
TOTAL,3.00,0.00,0.00,21.00,40.00,3.00,3.00,7.00,
Kode Item,Nama Item,TOTAL,,,,,,,,,
001163,DOVE SAMSUNG A10/M10,1 PCS,,,,,,,,,
001164,DOVE SAMSUNG A12/M12,5 PCS,,,,,,,,,
001541,DOVE SAMSUNG A13 4G/5G,8 PCS,,,,,,,,,
001542,DOVE SAMSUNG A20/A30,1 PCS,,,,,,,,,
001543,DOVE SAMSUNG A23 4G,21 PCS,,,,,,,,,
001544,DOVE SAMSUNG A32 4G,28 PCS,,,,,,,,,
001545,DOVE SAMSUNG A32 5G,31 PCS,,,,,,,,,
001546,DOVE SAMSUNG A33 5G,29 PCS,,,,,,,,,
001547,DOVE SAMSUNG A52 4G/5G,29 PCS,,,,,,,,,
001548,DOVE SAMSUNG A53 5G,34 PCS,,,,,,,,,
001549,DOVE SAMSUNG A70,14 PCS,,,,,,,,,
001550,DOVE SAMSUNG A72 4G/5G,36 PCS,,,,,,,,,
001551,DOVE SAMSUNG A73 5G,18 PCS,,,,,,,,,
001952,DOVE SAMSUNG A22 4G,14 PCS,,,,,,,,,
001953,DOVE SAMSUNG A22 5G,13 PCS,,,,,,,,,
001954,DOVE SAMSUNG A51,3 PCS,,,,,,,,,
001955,DOVE SAMSUNG A71,20 PCS,,,,,,,,,
002040,DOVE SAMSUNG A21,16 PCS,,,,,,,,,
TOTAL,321.00,,,,,,,,,
,Merk,Model,,,,,,,,,
,SAMSUNG,CASING MOTIF,,,,,,,,,
Kode Item,Nama Item,ALFA 1 (C),ALFA 3 (C),ALFA 5 (C),ASBER 2 (C),BUNISARI ,CK (C),DM (C),Gudang,
001130,CASE MOTIF SS108 SAMSUNG A10S/M10S,,,,,,,1 PCS,0 PCS,
001929,CASE MOTIF SS130 SAMSUNG A13/A32 5G/A20,0 PCS,,1 PCS,1 PCS,0 PCS,,0 PCS,0 PCS,
002027,CASE MOTIF SS070 SAMSUNG A10/M10,0 PCS,,0 PCS,1 PCS,0 PCS,1 PCS,0 PCS,0 PCS,
002028,CASE MOTIF SS070 SAMSUNG A30/A50/A50S,0 PCS,,0 PCS,,0 PCS,0 PCS,0 PCS,0 PCS,
003024,CASE MOTIF SS108 SAMSUNG A10S/M10S,,1 PCS,,,,,,,
003025,CASE MOTIF SS123 SAMSUNG A10S/M10S,,2 PCS,,,,,,,
,,,,,Bee Accounting,,,,,,,,
,15/09/2026,,,,,,,,
Kode Item,Nama Item,ALFA 1 (C),ALFA 3 (C),ALFA 5 (C),ASBER 2 (C),BUNISARI ,CK (C),DM (C),Gudang,
003026,CASE MOTIF SS130 SAMSUNG A13/A32 5G/A20,,1 PCS,,,,,,,
TOTAL,0.00,4.00,1.00,2.00,0.00,1.00,1.00,0.00,
Kode Item,Nama Item,PC 3 (A),PC 5 (C),PD 2 (C),TOTAL,,,,,,
001130,CASE MOTIF SS108 SAMSUNG A10S/M10S,0 PCS,,,1 PCS,,,,,,
001929,CASE MOTIF SS130 SAMSUNG A13/A32 5G/A20,,0 PCS,,2 PCS,,,,,,
002027,CASE MOTIF SS070 SAMSUNG A10/M10,1 PCS,0 PCS,,3 PCS,,,,,,
002028,CASE MOTIF SS070 SAMSUNG A30/A50/A50S,,0 PCS,1 PCS,1 PCS,,,,,,
003024,CASE MOTIF SS108 SAMSUNG A10S/M10S,,,,1 PCS,,,,,,
003025,CASE MOTIF SS123 SAMSUNG A10S/M10S,,,,2 PCS,,,,,,
003026,CASE MOTIF SS130 SAMSUNG A13/A32 5G/A20,,,,1 PCS,,,,,,
TOTAL,1.00,0.00,1.00,11.00,,,,,,
,Merk,Model,,,,,,,,,
,SAMSUNG,CM,,,,,,,,,
Kode Item,Nama Item,ALFA 1 (C),ALFA 2 (C),ALFA 3 (C),ALFA 4 (C),ALFA 5 (C),ALFA 6 (C),ASBER 1 (C),ASBER 2 (C),
001149,CM SAMSUNG A20S,,,,,0 PCS,,,,
001150,CM SAMSUNG A23,,2 PCS,,,,,,,
001496,CM SAMSUNG A03,0 PCS,,2 PCS,,,,,,
001499,CM SAMSUNG A11/M11,0 PCS,,,,,,,1 PCS,
001500,CM SAMSUNG A12/M12,0 PCS,,,,,,,,
001501,CM SAMSUNG A32 5G,0 PCS,4 PCS,,,,,,,
001502,CM SAMSUNG A33 5G,0 PCS,1 PCS,,,,,,,
001503,CM SAMSUNG A53 5G,3 PCS,2 PCS,2 PCS,,1 PCS,,,2 PCS,
001504,CM SAMSUNG A70,0 PCS,0 PCS,,,,,,,
001505,CM SAMSUNG A72 4G/5G,0 PCS,0 PCS,,,,,,,
001506,CM SAMSUNG A73 5G,0 PCS,4 PCS,,,,,,,
001933,CM SAMSUNG A10S/M10S,0 PCS,1 PCS,0 PCS,0 PCS,0 PCS,,,,
002659,CM SAMSUNG A35,,,1 PCS,,,,,,
002661,CM SAMSUNG A10/M10,,,,,,,,,
003045,CM SAMSUNG A30S/A50/A50S,0 PCS,0 PCS,0 PCS,0 PCS,0 PCS,0 PCS,0 PCS,0 PCS,
003046,CM SAMSUNG A71,0 PCS,2 PCS,0 PCS,0 PCS,0 PCS,0 PCS,0 PCS,0 PCS,
,,,,,Bee Accounting,,,,,,,,
,15/09/2026,,,,,,,,
Kode Item,Nama Item,ALFA 1 (C),ALFA 2 (C),ALFA 3 (C),ALFA 4 (C),ALFA 5 (C),ALFA 6 (C),ASBER 1 (C),ASBER 2 (C),
TOTAL,3.00,16.00,5.00,0.00,1.00,0.00,0.00,3.00,
Kode Item,Nama Item,BK CIJAMBE ,BK JH1 ,BK JH2 (C),BK7 ,BKC ,BUNISARI ,CISA (C),CK (C),
001149,CM SAMSUNG A20S,,,,,,,,,
001150,CM SAMSUNG A23,,,,,,,,,
001496,CM SAMSUNG A03,,,,,,0 PCS,,,
001499,CM SAMSUNG A11/M11,,,,,,0 PCS,1 PCS,0 PCS,
001500,CM SAMSUNG A12/M12,,,,,,0 PCS,,,
001501,CM SAMSUNG A32 5G,,,,,,0 PCS,,,
001502,CM SAMSUNG A33 5G,,,,,,1 PCS,,,
001503,CM SAMSUNG A53 5G,,,,,,0 PCS,0 PCS,,
001504,CM SAMSUNG A70,,,,,,0 PCS,,,
001505,CM SAMSUNG A72 4G/5G,,,,,,0 PCS,,,
001506,CM SAMSUNG A73 5G,,,,,,0 PCS,,,
001933,CM SAMSUNG A10S/M10S,,,,,,0 PCS,,,
002659,CM SAMSUNG A35,,,,,,,,,
002661,CM SAMSUNG A10/M10,,,,,,,,,
003045,CM SAMSUNG A30S/A50/A50S,0 PCS,0 PCS,0 PCS,0 PCS,0 PCS,1 PCS,0 PCS,0 PCS,
003046,CM SAMSUNG A71,0 PCS,0 PCS,0 PCS,0 PCS,0 PCS,0 PCS,0 PCS,0 PCS,
TOTAL,0.00,0.00,0.00,0.00,0.00,2.00,1.00,0.00,
Kode Item,Nama Item,DM (C),GUDANG ,Gudang,PC 3 (A),PC 4 (C),PC 5 (C),PD 1 (C),PD 2 (C),
001149,CM SAMSUNG A20S,1 PCS,,0 PCS,3 PCS,,1 PCS,0 PCS,0 PCS,
001150,CM SAMSUNG A23,1 PCS,,0 PCS,1 PCS,,1 PCS,1 PCS,,
001496,CM SAMSUNG A03,0 PCS,,0 PCS,1 PCS,,0 PCS,,,
001499,CM SAMSUNG A11/M11,0 PCS,,0 PCS,,,0 PCS,0 PCS,,
001500,CM SAMSUNG A12/M12,0 PCS,,0 PCS,0 PCS,,0 PCS,1 PCS,,
001501,CM SAMSUNG A32 5G,0 PCS,,0 PCS,1 PCS,,2 PCS,,,
001502,CM SAMSUNG A33 5G,0 PCS,,0 PCS,4 PCS,,2 PCS,,,
001503,CM SAMSUNG A53 5G,0 PCS,,0 PCS,2 PCS,,1 PCS,,,
001504,CM SAMSUNG A70,0 PCS,,0 PCS,,,2 PCS,,,
001505,CM SAMSUNG A72 4G/5G,0 PCS,,0 PCS,2 PCS,,2 PCS,,,
001506,CM SAMSUNG A73 5G,0 PCS,,0 PCS,1 PCS,,3 PCS,,,
001933,CM SAMSUNG A10S/M10S,0 PCS,,0 PCS,0 PCS,,0 PCS,,,
002659,CM SAMSUNG A35,,,,,,,,,
,,,,Bee Accounting,,,,,,,,
,15/09/2026,,,,,,,
Kode Item,Nama Item,DM (C),GUDANG ,Gudang,PC 3 (A),PC 4 (C),PC 5 (C),PD 1 (C),PD 2 (C),
002661,CM SAMSUNG A10/M10,,,,0 PCS,,,,,
003045,CM SAMSUNG A30S/A50/A50S,0 PCS,0 PCS,0 PCS,0 PCS,0 PCS,0 PCS,0 PCS,0 PCS,
003046,CM SAMSUNG A71,0 PCS,0 PCS,0 PCS,0 PCS,0 PCS,0 PCS,0 PCS,0 PCS,
TOTAL,2.00,0.00,0.00,15.00,0.00,14.00,2.00,0.00,
Kode Item,Nama Item,RK (C),SA (C),SS (C),TOTAL,,,,,,
001149,CM SAMSUNG A20S,,,0 PCS,5 PCS,,,,,,
001150,CM SAMSUNG A23,,,,6 PCS,,,,,,
001496,CM SAMSUNG A03,,,2 PCS,5 PCS,,,,,,
001499,CM SAMSUNG A11/M11,,,0 PCS,2 PCS,,,,,,
001500,CM SAMSUNG A12/M12,,,,1 PCS,,,,,,
001501,CM SAMSUNG A32 5G,,,,7 PCS,,,,,,
001502,CM SAMSUNG A33 5G,,,,8 PCS,,,,,,
001503,CM SAMSUNG A53 5G,,,,13 PCS,,,,,,
001504,CM SAMSUNG A70,,,,2 PCS,,,,,,
001505,CM SAMSUNG A72 4G/5G,,,,4 PCS,,,,,,
001506,CM SAMSUNG A73 5G,,,,8 PCS,,,,,,
001933,CM SAMSUNG A10S/M10S,,,,1 PCS,,,,,,
002659,CM SAMSUNG A35,,,,1 PCS,,,,,,
002661,CM SAMSUNG A10/M10,,,,0 PCS,,,,,,
003045,CM SAMSUNG A30S/A50/A50S,0 PCS,0 PCS,0 PCS,1 PCS,,,,,,
003046,CM SAMSUNG A71,0 PCS,0 PCS,0 PCS,2 PCS,,,,,,
TOTAL,0.00,0.00,2.00,66.00,,,,,,
,Merk,Model,,,,,,,,,
,SAMSUNG,SAC,,,,,,,,,
Kode Item,Nama Item,ALFA 1 (C),ALFA 2 (C),ALFA 3 (C),ALFA 4 (C),ALFA 5 (C),ASBER 2 (C),BUNISARI ,CISA (C),
001231,SAC SAMSUNG A10/M10,0 PCS,1 PCS,3 PCS,0 PCS,2 PCS,0 PCS,,4 PCS,
001232,SAC SAMSUNG A12/M12,2 PCS,3 PCS,2 PCS,,2 PCS,2 PCS,,2 PCS,
001233,SAC SAMSUNG A21,2 PCS,5 PCS,3 PCS,2 PCS,3 PCS,5 PCS,,5 PCS,
001234,SAC SAMSUNG A22 4G,3 PCS,5 PCS,5 PCS,,3 PCS,4 PCS,,5 PCS,
001235,SAC SAMSUNG A30S/A50/A50S,0 PCS,5 PCS,,,2 PCS,1 PCS,1 PCS,2 PCS,
001606,SAC SAMSUNG A11/M11,1 PCS,5 PCS,1 PCS,0 PCS,1 PCS,3 PCS,0 PCS,4 PCS,
001607,SAC SAMSUNG A20/A30,2 PCS,1 PCS,3 PCS,,,,0 PCS,,
001608,SAC SAMSUNG A21S,3 PCS,4 PCS,,,,,0 PCS,,
001609,SAC SAMSUNG A22 5G,4 PCS,5 PCS,5 PCS,,3 PCS,4 PCS,0 PCS,5 PCS,
,,,,,Bee Accounting,,,,,,,,
,15/09/2026,,,,,,,,
Kode Item,Nama Item,ALFA 1 (C),ALFA 2 (C),ALFA 3 (C),ALFA 4 (C),ALFA 5 (C),ASBER 2 (C),BUNISARI ,CISA (C),
001610,SAC SAMSUNG A32 4G,4 PCS,5 PCS,5 PCS,,2 PCS,4 PCS,0 PCS,5 PCS,
001611,SAC SAMSUNG A52 4G/5G,4 PCS,5 PCS,4 PCS,,2 PCS,5 PCS,1 PCS,4 PCS,
001612,SAC SAMSUNG A70,3 PCS,5 PCS,,,,,0 PCS,,
TOTAL,28.00,49.00,31.00,2.00,20.00,28.00,2.00,36.00,
Kode Item,Nama Item,CK (C),DM (C),Gudang,PC 3 (A),PC 5 (C),PD 1 (C),PD 2 (C),SS (C),
001231,SAC SAMSUNG A10/M10,,1 PCS,0 PCS,2 PCS,0 PCS,,,,
001232,SAC SAMSUNG A12/M12,1 PCS,1 PCS,0 PCS,2 PCS,3 PCS,2 PCS,,1 PCS,
001233,SAC SAMSUNG A21,2 PCS,2 PCS,0 PCS,3 PCS,3 PCS,2 PCS,2 PCS,,
001234,SAC SAMSUNG A22 4G,,2 PCS,1 PCS,5 PCS,1 PCS,2 PCS,,2 PCS,
001235,SAC SAMSUNG A30S/A50/A50S,0 PCS,2 PCS,0 PCS,2 PCS,2 PCS,,,,
001606,SAC SAMSUNG A11/M11,,0 PCS,0 PCS,3 PCS,3 PCS,2 PCS,1 PCS,1 PCS,
001607,SAC SAMSUNG A20/A30,2 PCS,0 PCS,0 PCS,0 PCS,3 PCS,2 PCS,,,
001608,SAC SAMSUNG A21S,0 PCS,0 PCS,0 PCS,3 PCS,1 PCS,1 PCS,,,
001609,SAC SAMSUNG A22 5G,,0 PCS,0 PCS,4 PCS,4 PCS,,,,
001610,SAC SAMSUNG A32 4G,,0 PCS,0 PCS,2 PCS,4 PCS,,,2 PCS,
001611,SAC SAMSUNG A52 4G/5G,,0 PCS,0 PCS,2 PCS,5 PCS,,1 PCS,2 PCS,
001612,SAC SAMSUNG A70,,0 PCS,0 PCS,5 PCS,5 PCS,,,,
TOTAL,5.00,8.00,1.00,33.00,34.00,11.00,4.00,8.00,
Kode Item,Nama Item,TOTAL,,,,,,,,,
001231,SAC SAMSUNG A10/M10,13 PCS,,,,,,,,,
001232,SAC SAMSUNG A12/M12,23 PCS,,,,,,,,,
001233,SAC SAMSUNG A21,39 PCS,,,,,,,,,
001234,SAC SAMSUNG A22 4G,38 PCS,,,,,,,,,
001235,SAC SAMSUNG A30S/A50/A50S,17 PCS,,,,,,,,,
001606,SAC SAMSUNG A11/M11,25 PCS,,,,,,,,,
001607,SAC SAMSUNG A20/A30,13 PCS,,,,,,,,,
001608,SAC SAMSUNG A21S,12 PCS,,,,,,,,,
001609,SAC SAMSUNG A22 5G,34 PCS,,,,,,,,,
001610,SAC SAMSUNG A32 4G,33 PCS,,,,,,,,,
001611,SAC SAMSUNG A52 4G/5G,35 PCS,,,,,,,,,
001612,SAC SAMSUNG A70,18 PCS,,,,,,,,,
TOTAL,300.00,,,,,,,,,
,,,,Bee Accounting,,,,,,,,
,15/09/2026,,,,,,,
,Merk,Model,,,,,,,,,
,SAMSUNG,TEMPERED GLASS,,,,,,,,,
Kode Item,Nama Item,BK JH1 ,CIKADUT 2,TOTAL,,,,,,,
002616,TGS SAMSUNG A35,1 PCS,1 PCS,2 PCS,,,,,,,
TOTAL,1.00,1.00,2.00,,,,,,,
,Merk,Model,,,,,,,,,
,SAMSUNG,TGB,,,,,,,,,
Kode Item,Nama Item,ALFA 1 (C),ALFA 2 (C),ALFA 3 (C),ALFA 4 (C),ALFA 5 (C),ALFA 6 (C),ALFA 7 ,ASBER 1 (C),
001292,TGB SAMSUNG A04,5 PCS,0 PCS,4 PCS,1 PCS,0 PCS,1 PCS,0 PCS,2 PCS,
001293,TGB SAMSUNG A13 4G,1 PCS,,2 PCS,,0 PCS,,,,
001294,TGB SAMSUNG A21,1 PCS,2 PCS,0 PCS,,1 PCS,,,,
001656,TGB SAMSUNG A12/M12,5 PCS,0 PCS,6 PCS,1 PCS,0 PCS,3 PCS,0 PCS,3 PCS,
001657,TGB SAMSUNG A10/M10,0 PCS,0 PCS,1 PCS,,,,,,
001658,TGB SAMSUNG A10S/M10S,5 PCS,0 PCS,4 PCS,0 PCS,0 PCS,0 PCS,1 PCS,2 PCS,
001659,TGB SAMSUNG A11/M11,3 PCS,0 PCS,,,,,,,
001660,TGB SAMSUNG A20/A30/A30S/A50/A50S,0 PCS,1 PCS,,0 PCS,0 PCS,,,,
001661,TGB SAMSUNG A20S,1 PCS,,1 PCS,,0 PCS,,,,
001662,TGB SAMSUNG A22 4G,1 PCS,1 PCS,2 PCS,,0 PCS,,,,
001663,TGB SAMSUNG A22 5G,2 PCS,,,,,0 PCS,,,
001664,TGB SAMSUNG A23 4G/5G,3 PCS,0 PCS,,,,,,,
001665,TGB SAMSUNG A32 4G,2 PCS,,2 PCS,,0 PCS,,,,
001666,TGB SAMSUNG A32 5G,1 PCS,,,0 PCS,,,,,
001667,TGB SAMSUNG A51 4G,1 PCS,0 PCS,,,,,,,
001668,TGB SAMSUNG A53 5G,1 PCS,3 PCS,2 PCS,,0 PCS,,,,
001669,TGB SAMSUNG A71/A21S,2 PCS,0 PCS,2 PCS,,0 PCS,,,,
001670,TGB SAMSUNG J2,0 PCS,,,,1 PCS,,,,
001859,TGB SAMSUNG A13 5G,7 PCS,10 PCS,4 PCS,0 PCS,0 PCS,4 PCS,2 PCS,5 PCS,
001860,TGB SAMSUNG A33 4G/5G,0 PCS,,2 PCS,,0 PCS,,,,
001861,TGB SAMSUNG A52 4G/5G,1 PCS,2 PCS,,,,,,,
001862,TGB SAMSUNG A72,2 PCS,2 PCS,1 PCS,,0 PCS,,,,
001961,TGB SAMSUNG M20,0 PCS,0 PCS,0 PCS,,0 PCS,,,,
002302,TGB SAMSUNG A55 5G,6 PCS,1 PCS,4 PCS,0 PCS,5 PCS,4 PCS,0 PCS,5 PCS,
002303,TGB SAMSUNG A35 5G,6 PCS,2 PCS,4 PCS,2 PCS,4 PCS,0 PCS,0 PCS,6 PCS,
002425,TGB SAMSUNG A05,,,,0 PCS,,,1 PCS,,
TOTAL,56.00,24.00,41.00,4.00,11.00,12.00,4.00,23.00,
,,,,,Bee Accounting,,,,,,,,
,15/09/2026,,,,,,,,
Kode Item,Nama Item,ASBER 2 (C),BK CIJAMBE ,BK JH1 ,BK JH2 (C),BK6 ,BK7 ,BK8 BAKSAR ,BKC ,
001292,TGB SAMSUNG A04,0 PCS,6 PCS,1 PCS,5 PCS,1 PCS,3 PCS,0 PCS,2 PCS,
001293,TGB SAMSUNG A13 4G,,,,,2 PCS,,,,
001294,TGB SAMSUNG A21,2 PCS,,,,,,,,
001656,TGB SAMSUNG A12/M12,4 PCS,4 PCS,2 PCS,0 PCS,2 PCS,4 PCS,,5 PCS,
001657,TGB SAMSUNG A10/M10,,,,,,,,,
001658,TGB SAMSUNG A10S/M10S,2 PCS,6 PCS,0 PCS,3 PCS,2 PCS,4 PCS,1 PCS,5 PCS,
001659,TGB SAMSUNG A11/M11,,,,,,,,,
001660,TGB SAMSUNG A20/A30/A30S/A50/A50S,,,,,,,,,
001661,TGB SAMSUNG A20S,0 PCS,,,,,,,,
001662,TGB SAMSUNG A22 4G,2 PCS,,,,,,,,
001663,TGB SAMSUNG A22 5G,,,,,,,,,
001664,TGB SAMSUNG A23 4G/5G,,,,,,,,,
001665,TGB SAMSUNG A32 4G,1 PCS,,,,,,,,
001666,TGB SAMSUNG A32 5G,,,,,,,,,
001667,TGB SAMSUNG A51 4G,,,,,,,,,
001668,TGB SAMSUNG A53 5G,2 PCS,,,,,,,,
001669,TGB SAMSUNG A71/A21S,2 PCS,,,,,,,,
001670,TGB SAMSUNG J2,,,,,,,,,
001859,TGB SAMSUNG A13 5G,6 PCS,6 PCS,3 PCS,2 PCS,2 PCS,4 PCS,1 PCS,6 PCS,
001860,TGB SAMSUNG A33 4G/5G,2 PCS,,,,,,,,
001861,TGB SAMSUNG A52 4G/5G,,,,,,,,,
001862,TGB SAMSUNG A72,2 PCS,,,,,,,,
001961,TGB SAMSUNG M20,2 PCS,,,,,,,,
002302,TGB SAMSUNG A55 5G,5 PCS,6 PCS,4 PCS,6 PCS,2 PCS,3 PCS,,5 PCS,
002303,TGB SAMSUNG A35 5G,6 PCS,6 PCS,3 PCS,6 PCS,,4 PCS,,5 PCS,
002425,TGB SAMSUNG A05,,,,,,,,,
TOTAL,38.00,34.00,13.00,22.00,11.00,22.00,2.00,28.00,
Kode Item,Nama Item,BUNISARI ,CICUKANG ,CIKADUT 2,CIPAGALO ,CISA (C),CK (C),CL 1 ,CL 2 ,
001292,TGB SAMSUNG A04,2 PCS,2 PCS,,2 PCS,1 PCS,3 PCS,,2 PCS,
001293,TGB SAMSUNG A13 4G,,,,,,0 PCS,,,
001294,TGB SAMSUNG A21,,,,,0 PCS,1 PCS,,,
001656,TGB SAMSUNG A12/M12,3 PCS,2 PCS,,2 PCS,0 PCS,6 PCS,2 PCS,2 PCS,
001657,TGB SAMSUNG A10/M10,0 PCS,,,,,,,,
,,,,Bee Accounting,,,,,,,,
,15/09/2026,,,,,,,
Kode Item,Nama Item,BUNISARI ,CICUKANG ,CIKADUT 2,CIPAGALO ,CISA (C),CK (C),CL 1 ,CL 2 ,
001658,TGB SAMSUNG A10S/M10S,2 PCS,2 PCS,,,2 PCS,0 PCS,,2 PCS,
001659,TGB SAMSUNG A11/M11,0 PCS,,,,,,,,
001660,TGB SAMSUNG A20/A30/A30S/A50/A50S,0 PCS,,,,0 PCS,,,,
001661,TGB SAMSUNG A20S,0 PCS,,,,1 PCS,,,,
001662,TGB SAMSUNG A22 4G,0 PCS,,,,1 PCS,,,,
001663,TGB SAMSUNG A22 5G,0 PCS,,,,,2 PCS,,,
001664,TGB SAMSUNG A23 4G/5G,0 PCS,,,,,,,,
001665,TGB SAMSUNG A32 4G,0 PCS,,,,1 PCS,,,,
001666,TGB SAMSUNG A32 5G,0 PCS,,,,,,,,
001667,TGB SAMSUNG A51 4G,0 PCS,,,,,,,,
001668,TGB SAMSUNG A53 5G,0 PCS,,,,1 PCS,,,,
001669,TGB SAMSUNG A71/A21S,0 PCS,,,,1 PCS,,,,
001670,TGB SAMSUNG J2,0 PCS,,,,,,,,
001859,TGB SAMSUNG A13 5G,3 PCS,2 PCS,,2 PCS,2 PCS,6 PCS,,2 PCS,
001860,TGB SAMSUNG A33 4G/5G,0 PCS,,,,0 PCS,,,,
001861,TGB SAMSUNG A52 4G/5G,0 PCS,,,,,,,,
001862,TGB SAMSUNG A72,0 PCS,,,,1 PCS,,,,
001961,TGB SAMSUNG M20,0 PCS,,,,2 PCS,,,,
002302,TGB SAMSUNG A55 5G,6 PCS,,2 PCS,2 PCS,6 PCS,5 PCS,2 PCS,2 PCS,
002303,TGB SAMSUNG A35 5G,6 PCS,2 PCS,2 PCS,2 PCS,4 PCS,6 PCS,2 PCS,2 PCS,
002425,TGB SAMSUNG A05,,,,,,,,,
TOTAL,22.00,10.00,4.00,10.00,23.00,29.00,6.00,12.00,
Kode Item,Nama Item,CL 3 ,DM (C),Gudang,PC 3 (A),PC 4 (C),PC 5 (C),PD 1 (C),PD 2 (C),
001292,TGB SAMSUNG A04,4 PCS,7 PCS,0 PCS,5 PCS,3 PCS,3 PCS,4 PCS,3 PCS,
001293,TGB SAMSUNG A13 4G,,2 PCS,0 PCS,1 PCS,,2 PCS,1 PCS,,
001294,TGB SAMSUNG A21,,1 PCS,0 PCS,1 PCS,,2 PCS,,,
001656,TGB SAMSUNG A12/M12,4 PCS,6 PCS,0 PCS,6 PCS,6 PCS,6 PCS,4 PCS,5 PCS,
001657,TGB SAMSUNG A10/M10,,0 PCS,0 PCS,2 PCS,,2 PCS,,,
001658,TGB SAMSUNG A10S/M10S,4 PCS,6 PCS,0 PCS,8 PCS,5 PCS,6 PCS,4 PCS,4 PCS,
001659,TGB SAMSUNG A11/M11,,0 PCS,0 PCS,2 PCS,,3 PCS,2 PCS,,
001660,TGB SAMSUNG A20/A30/A30S/A50/A50S,,0 PCS,0 PCS,1 PCS,,1 PCS,,2 PCS,
001661,TGB SAMSUNG A20S,,0 PCS,0 PCS,2 PCS,,3 PCS,,,
001662,TGB SAMSUNG A22 4G,,0 PCS,0 PCS,1 PCS,,3 PCS,,,
,,,,Bee Accounting,,,,,,,,
,15/09/2026,,,,,,,
Kode Item,Nama Item,CL 3 ,DM (C),Gudang,PC 3 (A),PC 4 (C),PC 5 (C),PD 1 (C),PD 2 (C),
001663,TGB SAMSUNG A22 5G,,0 PCS,0 PCS,2 PCS,,3 PCS,,,
001664,TGB SAMSUNG A23 4G/5G,,0 PCS,0 PCS,1 PCS,,3 PCS,,,
001665,TGB SAMSUNG A32 4G,,0 PCS,0 PCS,2 PCS,,3 PCS,,,
001666,TGB SAMSUNG A32 5G,,0 PCS,0 PCS,1 PCS,,3 PCS,,,
001667,TGB SAMSUNG A51 4G,,0 PCS,0 PCS,2 PCS,,3 PCS,,,
001668,TGB SAMSUNG A53 5G,,0 PCS,0 PCS,1 PCS,,3 PCS,,,
001669,TGB SAMSUNG A71/A21S,,0 PCS,0 PCS,2 PCS,,3 PCS,,,
001670,TGB SAMSUNG J2,,0 PCS,0 PCS,1 PCS,,1 PCS,,,
001859,TGB SAMSUNG A13 5G,4 PCS,11 PCS,40 PCS,6 PCS,1 PCS,4 PCS,3 PCS,6 PCS,
001860,TGB SAMSUNG A33 4G/5G,,0 PCS,0 PCS,,,0 PCS,,,
001861,TGB SAMSUNG A52 4G/5G,,0 PCS,0 PCS,,,0 PCS,,,
001862,TGB SAMSUNG A72,,0 PCS,0 PCS,,,0 PCS,,,
001961,TGB SAMSUNG M20,,0 PCS,0 PCS,1 PCS,,0 PCS,,,
002302,TGB SAMSUNG A55 5G,4 PCS,6 PCS,0 PCS,5 PCS,6 PCS,4 PCS,4 PCS,6 PCS,
002303,TGB SAMSUNG A35 5G,4 PCS,6 PCS,0 PCS,5 PCS,6 PCS,6 PCS,4 PCS,6 PCS,
002425,TGB SAMSUNG A05,,,0 PCS,,,,,,
TOTAL,24.00,45.00,40.00,58.00,27.00,67.00,26.00,32.00,
Kode Item,Nama Item,RK (C),SA (C),SS (C),TOTAL,,,,,,
001292,TGB SAMSUNG A04,4 PCS,1 PCS,0 PCS,77 PCS,,,,,,
001293,TGB SAMSUNG A13 4G,,,,11 PCS,,,,,,
001294,TGB SAMSUNG A21,,,,11 PCS,,,,,,
001656,TGB SAMSUNG A12/M12,3 PCS,2 PCS,3 PCS,101 PCS,,,,,,
001657,TGB SAMSUNG A10/M10,,,,5 PCS,,,,,,
001658,TGB SAMSUNG A10S/M10S,3 PCS,0 PCS,1 PCS,84 PCS,,,,,,
001659,TGB SAMSUNG A11/M11,,,,10 PCS,,,,,,
001660,TGB SAMSUNG A20/A30/A30S/A50/A50S,,,,5 PCS,,,,,,
001661,TGB SAMSUNG A20S,,,,8 PCS,,,,,,
001662,TGB SAMSUNG A22 4G,,,,11 PCS,,,,,,
001663,TGB SAMSUNG A22 5G,,,,9 PCS,,,,,,
001664,TGB SAMSUNG A23 4G/5G,,,,7 PCS,,,,,,
001665,TGB SAMSUNG A32 4G,,,,11 PCS,,,,,,
001666,TGB SAMSUNG A32 5G,,,,5 PCS,,,,,,
001667,TGB SAMSUNG A51 4G,,,,6 PCS,,,,,,
,,,,Bee Accounting,,,,,,,,
,15/09/2026,,,,,,,
Kode Item,Nama Item,RK (C),SA (C),SS (C),TOTAL,,,,,,
001668,TGB SAMSUNG A53 5G,,,,13 PCS,,,,,,
001669,TGB SAMSUNG A71/A21S,,,,12 PCS,,,,,,
001670,TGB SAMSUNG J2,,,,3 PCS,,,,,,
001859,TGB SAMSUNG A13 5G,4 PCS,0 PCS,4 PCS,162 PCS,,,,,,
001860,TGB SAMSUNG A33 4G/5G,,,,4 PCS,,,,,,
001861,TGB SAMSUNG A52 4G/5G,,,,3 PCS,,,,,,
001862,TGB SAMSUNG A72,,,,8 PCS,,,,,,
001961,TGB SAMSUNG M20,,,,5 PCS,,,,,,
002302,TGB SAMSUNG A55 5G,4 PCS,1 PCS,3 PCS,124 PCS,,,,,,
002303,TGB SAMSUNG A35 5G,4 PCS,2 PCS,3 PCS,126 PCS,,,,,,
002425,TGB SAMSUNG A05,,,,1 PCS,,,,,,
TOTAL,22.00,6.00,14.00,822.00,,,,,,
,Merk,Model,,,,,,,,,
,SAMSUNG,TGC,,,,,,,,,
Kode Item,Nama Item,ALFA 1 (C),ALFA 2 (C),ALFA 3 (C),ALFA 4 (C),ALFA 5 (C),ALFA 6 (C),ALFA 7 ,ASBER 1 (C),
001306,TGC SAMSUNG A04,3 PCS,4 PCS,2 PCS,1 PCS,0 PCS,0 PCS,0 PCS,6 PCS,
001307,TGC SAMSUNG A13 4G,,,1 PCS,,0 PCS,,,,
001703,TGC SAMSUNG A10/M10,0 PCS,0 PCS,0 PCS,,0 PCS,,,,
001704,TGC SAMSUNG A10S/M10S,3 PCS,6 PCS,6 PCS,1 PCS,0 PCS,1 PCS,2 PCS,6 PCS,
001705,TGC SAMSUNG A20/A30/A30S/A50/A50S,0 PCS,15 PCS,0 PCS,,0 PCS,,,,
001706,TGC SAMSUNG A22 4G,1 PCS,,2 PCS,,0 PCS,,,,
001707,TGC SAMSUNG A22 5G,1 PCS,1 PCS,2 PCS,,0 PCS,,,,
001708,TGC SAMSUNG A23 4G,2 PCS,2 PCS,2 PCS,,0 PCS,,,,
001709,TGC SAMSUNG A32 4G,1 PCS,2 PCS,2 PCS,,0 PCS,,,,
001710,TGC SAMSUNG A32 5G,0 PCS,0 PCS,2 PCS,,,,,,
001711,TGC SAMSUNG A51 4G,0 PCS,,,,,,,,
001712,TGC SAMSUNG A53 5G,0 PCS,1 PCS,2 PCS,,0 PCS,,,,
001872,TGC SAMSUNG A33 4G/5G,1 PCS,0 PCS,2 PCS,,0 PCS,,,,
001975,TGC SAMSUNG A71/A21S,0 PCS,,2 PCS,,1 PCS,,,,
001976,TGC SAMSUNG A72,0 PCS,,2 PCS,,1 PCS,,,,
001977,TGC SAMSUNG M20,0 PCS,,2 PCS,,0 PCS,,,,
002314,TGC SAMSUNG A52 4G/5G,4 PCS,6 PCS,5 PCS,3 PCS,0 PCS,5 PCS,2 PCS,5 PCS,
002315,TGC SAMSUNG A55 5G,6 PCS,5 PCS,3 PCS,4 PCS,6 PCS,6 PCS,1 PCS,6 PCS,
002316,TGC SAMSUNG A35 5G,6 PCS,5 PCS,5 PCS,4 PCS,6 PCS,6 PCS,2 PCS,6 PCS,
,,,,,Bee Accounting,,,,,,,,
,15/09/2026,,,,,,,,
Kode Item,Nama Item,ALFA 1 (C),ALFA 2 (C),ALFA 3 (C),ALFA 4 (C),ALFA 5 (C),ALFA 6 (C),ALFA 7 ,ASBER 1 (C),
002423,TGC SAMSUNG A34,,15 PCS,,,,,,,
002654,TGC SAMSUNG A21,,,,,,,,,
003008,TGC SAMSUNG A13 5G,1 PCS,6 PCS,5 PCS,1 PCS,0 PCS,1 PCS,2 PCS,6 PCS,
003032,TGC SAMSUNG A12/M12,3 PCS,3 PCS,7 PCS,2 PCS,1 PCS,1 PCS,1 PCS,4 PCS,
003059,TGC SAMSUNG A20S,0 PCS,1 PCS,0 PCS,0 PCS,0 PCS,0 PCS,,0 PCS,
TOTAL,32.00,72.00,54.00,16.00,15.00,20.00,10.00,39.00,
Kode Item,Nama Item,ASBER 2 (C),BK CIJAMBE ,BK JH1 ,BK JH2 (C),BK6 ,BK7 ,BK8 BAKSAR ,BKC ,
001306,TGC SAMSUNG A04,2 PCS,6 PCS,0 PCS,2 PCS,2 PCS,2 PCS,1 PCS,5 PCS,
001307,TGC SAMSUNG A13 4G,,,,,,,,,
001703,TGC SAMSUNG A10/M10,,,,,2 PCS,,,,
001704,TGC SAMSUNG A10S/M10S,1 PCS,6 PCS,1 PCS,6 PCS,2 PCS,2 PCS,,5 PCS,
001705,TGC SAMSUNG A20/A30/A30S/A50/A50S,1 PCS,,,,,,,,
001706,TGC SAMSUNG A22 4G,2 PCS,,,,,,,,
001707,TGC SAMSUNG A22 5G,0 PCS,,,,,,,,
001708,TGC SAMSUNG A23 4G,1 PCS,,,,,,,,
001709,TGC SAMSUNG A32 4G,2 PCS,,,,,,,,
001710,TGC SAMSUNG A32 5G,2 PCS,,,,,,,,
001711,TGC SAMSUNG A51 4G,,,,,,,,,
001712,TGC SAMSUNG A53 5G,2 PCS,,,,2 PCS,,,,
001872,TGC SAMSUNG A33 4G/5G,2 PCS,,,,,,,,
001975,TGC SAMSUNG A71/A21S,2 PCS,,,,,,,,
001976,TGC SAMSUNG A72,0 PCS,,,,,,,,
001977,TGC SAMSUNG M20,,,,,,,,,
002314,TGC SAMSUNG A52 4G/5G,4 PCS,6 PCS,4 PCS,6 PCS,2 PCS,3 PCS,,6 PCS,
002315,TGC SAMSUNG A55 5G,6 PCS,6 PCS,4 PCS,5 PCS,2 PCS,3 PCS,2 PCS,6 PCS,
002316,TGC SAMSUNG A35 5G,5 PCS,6 PCS,4 PCS,6 PCS,2 PCS,3 PCS,,6 PCS,
002423,TGC SAMSUNG A34,,,,,,,,,
002654,TGC SAMSUNG A21,,,,,,,,,
003008,TGC SAMSUNG A13 5G,0 PCS,6 PCS,0 PCS,5 PCS,2 PCS,3 PCS,0 PCS,6 PCS,
003032,TGC SAMSUNG A12/M12,1 PCS,6 PCS,0 PCS,5 PCS,2 PCS,0 PCS,,6 PCS,
003059,TGC SAMSUNG A20S,0 PCS,0 PCS,0 PCS,0 PCS,,0 PCS,,0 PCS,
TOTAL,33.00,42.00,13.00,35.00,18.00,16.00,3.00,40.00,
,,,,Bee Accounting,,,,,,,,
,15/09/2026,,,,,,,
Kode Item,Nama Item,BUNISARI ,CICUKANG ,CIKADUT 2,CIPAGALO ,CISA (C),CK (C),CL 1 ,CL 2 ,
001306,TGC SAMSUNG A04,1 PCS,2 PCS,,,5 PCS,4 PCS,2 PCS,,
001307,TGC SAMSUNG A13 4G,,,,,0 PCS,1 PCS,,,
001703,TGC SAMSUNG A10/M10,0 PCS,,,,3 PCS,,,,
001704,TGC SAMSUNG A10S/M10S,5 PCS,2 PCS,,2 PCS,6 PCS,4 PCS,,2 PCS,
001705,TGC SAMSUNG A20/A30/A30S/A50/A50S,8 PCS,,,,,0 PCS,,,
001706,TGC SAMSUNG A22 4G,0 PCS,,,,1 PCS,,,,
001707,TGC SAMSUNG A22 5G,0 PCS,,,,0 PCS,,,,
001708,TGC SAMSUNG A23 4G,0 PCS,,,,1 PCS,,,,
001709,TGC SAMSUNG A32 4G,0 PCS,,,,,,,,
001710,TGC SAMSUNG A32 5G,0 PCS,,,,0 PCS,,,,
001711,TGC SAMSUNG A51 4G,0 PCS,,,,,,,,
001712,TGC SAMSUNG A53 5G,0 PCS,,,,,2 PCS,,,
001872,TGC SAMSUNG A33 4G/5G,0 PCS,,,,0 PCS,,,,
001975,TGC SAMSUNG A71/A21S,0 PCS,,,,1 PCS,,,,
001976,TGC SAMSUNG A72,0 PCS,,,,1 PCS,,,,
001977,TGC SAMSUNG M20,0 PCS,,,,1 PCS,,,,
002314,TGC SAMSUNG A52 4G/5G,6 PCS,2 PCS,2 PCS,2 PCS,3 PCS,6 PCS,2 PCS,2 PCS,
002315,TGC SAMSUNG A55 5G,6 PCS,2 PCS,2 PCS,2 PCS,2 PCS,6 PCS,2 PCS,4 PCS,
002316,TGC SAMSUNG A35 5G,5 PCS,1 PCS,2 PCS,2 PCS,5 PCS,5 PCS,2 PCS,2 PCS,
002423,TGC SAMSUNG A34,8 PCS,,,,,,,,
002654,TGC SAMSUNG A21,,,,,0 PCS,,,,
003008,TGC SAMSUNG A13 5G,5 PCS,2 PCS,2 PCS,2 PCS,6 PCS,1 PCS,2 PCS,2 PCS,
003032,TGC SAMSUNG A12/M12,3 PCS,2 PCS,,2 PCS,1 PCS,5 PCS,2 PCS,2 PCS,
003059,TGC SAMSUNG A20S,0 PCS,,,,0 PCS,0 PCS,,,
TOTAL,47.00,13.00,8.00,12.00,36.00,34.00,12.00,14.00,
Kode Item,Nama Item,CL 3 ,DM (C),GUDANG ,Gudang,PC 3 (A),PC 4 (C),PC 5 (C),PD 1 (C),
001306,TGC SAMSUNG A04,4 PCS,6 PCS,,0 PCS,1 PCS,5 PCS,5 PCS,2 PCS,
001307,TGC SAMSUNG A13 4G,,1 PCS,,0 PCS,3 PCS,,1 PCS,,
001703,TGC SAMSUNG A10/M10,,0 PCS,,0 PCS,2 PCS,,2 PCS,,
001704,TGC SAMSUNG A10S/M10S,4 PCS,5 PCS,,0 PCS,7 PCS,6 PCS,5 PCS,1 PCS,
001705,TGC SAMSUNG A20/A30/A30S/A50/A50S,,0 PCS,,0 PCS,1 PCS,,2 PCS,,
001706,TGC SAMSUNG A22 4G,,0 PCS,,0 PCS,2 PCS,,2 PCS,,
001707,TGC SAMSUNG A22 5G,,0 PCS,,0 PCS,,,3 PCS,,
,,,,Bee Accounting,,,,,,,,
,15/09/2026,,,,,,,
Kode Item,Nama Item,CL 3 ,DM (C),GUDANG ,Gudang,PC 3 (A),PC 4 (C),PC 5 (C),PD 1 (C),
001708,TGC SAMSUNG A23 4G,,0 PCS,,0 PCS,1 PCS,,1 PCS,,
001709,TGC SAMSUNG A32 4G,,0 PCS,,0 PCS,2 PCS,,3 PCS,,
001710,TGC SAMSUNG A32 5G,,0 PCS,,0 PCS,2 PCS,,3 PCS,,
001711,TGC SAMSUNG A51 4G,,0 PCS,,0 PCS,,,1 PCS,,
001712,TGC SAMSUNG A53 5G,,0 PCS,,0 PCS,,,4 PCS,1 PCS,
001872,TGC SAMSUNG A33 4G/5G,,0 PCS,,0 PCS,,,0 PCS,,
001975,TGC SAMSUNG A71/A21S,,0 PCS,,0 PCS,0 PCS,,0 PCS,,
001976,TGC SAMSUNG A72,,0 PCS,,0 PCS,,,0 PCS,,
001977,TGC SAMSUNG M20,,0 PCS,,0 PCS,,,0 PCS,,
002314,TGC SAMSUNG A52 4G/5G,2 PCS,6 PCS,,0 PCS,6 PCS,6 PCS,4 PCS,3 PCS,
002315,TGC SAMSUNG A55 5G,2 PCS,5 PCS,,0 PCS,5 PCS,6 PCS,4 PCS,4 PCS,
002316,TGC SAMSUNG A35 5G,2 PCS,6 PCS,,0 PCS,6 PCS,6 PCS,4 PCS,4 PCS,
002423,TGC SAMSUNG A34,,,,0 PCS,,,,,
002654,TGC SAMSUNG A21,,,,,,,,,
003008,TGC SAMSUNG A13 5G,2 PCS,5 PCS,0 PCS,0 PCS,8 PCS,6 PCS,3 PCS,4 PCS,
003032,TGC SAMSUNG A12/M12,4 PCS,5 PCS,,0 PCS,4 PCS,5 PCS,4 PCS,2 PCS,
003059,TGC SAMSUNG A20S,,0 PCS,0 PCS,0 PCS,0 PCS,0 PCS,0 PCS,0 PCS,
TOTAL,20.00,39.00,0.00,0.00,50.00,40.00,51.00,21.00,
Kode Item,Nama Item,PD 2 (C),RK (C),SA (C),SS (C),TOTAL,,,,,
001306,TGC SAMSUNG A04,0 PCS,5 PCS,1 PCS,0 PCS,79 PCS,,,,,
001307,TGC SAMSUNG A13 4G,,,,,7 PCS,,,,,
001703,TGC SAMSUNG A10/M10,,,,,9 PCS,,,,,
001704,TGC SAMSUNG A10S/M10S,1 PCS,6 PCS,2 PCS,1 PCS,107 PCS,,,,,
001705,TGC SAMSUNG A20/A30/A30S/A50/A50S,,,,,27 PCS,,,,,
001706,TGC SAMSUNG A22 4G,,,,,10 PCS,,,,,
001707,TGC SAMSUNG A22 5G,,,,,7 PCS,,,,,
001708,TGC SAMSUNG A23 4G,,,,,10 PCS,,,,,
001709,TGC SAMSUNG A32 4G,,,,,12 PCS,,,,,
001710,TGC SAMSUNG A32 5G,,,,,9 PCS,,,,,
001711,TGC SAMSUNG A51 4G,,,,,1 PCS,,,,,
001712,TGC SAMSUNG A53 5G,,,,,14 PCS,,,,,
001872,TGC SAMSUNG A33 4G/5G,,,,,5 PCS,,,,,
001975,TGC SAMSUNG A71/A21S,,,,,6 PCS,,,,,
,,,,Bee Accounting,,,,,,,,
,15/09/2026,,,,,,,
Kode Item,Nama Item,PD 2 (C),RK (C),SA (C),SS (C),TOTAL,,,,,
001976,TGC SAMSUNG A72,,,,,4 PCS,,,,,
001977,TGC SAMSUNG M20,,,,,3 PCS,,,,,
002314,TGC SAMSUNG A52 4G/5G,6 PCS,6 PCS,2 PCS,4 PCS,131 PCS,,,,,
002315,TGC SAMSUNG A55 5G,5 PCS,6 PCS,2 PCS,2 PCS,138 PCS,,,,,
002316,TGC SAMSUNG A35 5G,6 PCS,6 PCS,2 PCS,4 PCS,142 PCS,,,,,
002423,TGC SAMSUNG A34,,,,,23 PCS,,,,,
002654,TGC SAMSUNG A21,,,,,0 PCS,,,,,
003008,TGC SAMSUNG A13 5G,0 PCS,6 PCS,2 PCS,2 PCS,104 PCS,,,,,
003032,TGC SAMSUNG A12/M12,0 PCS,5 PCS,2 PCS,2 PCS,92 PCS,,,,,
003059,TGC SAMSUNG A20S,0 PCS,0 PCS,0 PCS,0 PCS,1 PCS,,,,,
TOTAL,18.00,40.00,13.00,15.00,941.00,,,,,
,Merk,Model,,,,,,,,,
,SAMSUNG,TGCS,,,,,,,,,
Kode Item,Nama Item,ALFA 1 (C),ALFA 2 (C),ALFA 3 (C),ALFA 4 (C),ALFA 5 (C),ALFA 6 (C),ALFA 7 ,ASBER 1 (C),
001319,TGCS SAMSUNG A04,0 PCS,0 PCS,2 PCS,0 PCS,0 PCS,0 PCS,,0 PCS,
001320,TGCS SAMSUNG A10S/M10S,1 PCS,1 PCS,2 PCS,,0 PCS,,,,
001321,TGCS SAMSUNG A20/A30/A30S/A50/A50A,,,2 PCS,,,,,,
001745,TGCS SAMSUNG A10/M10,2 PCS,0 PCS,2 PCS,0 PCS,0 PCS,,,,
001746,TGCS SAMSUNG A11/M11,1 PCS,2 PCS,,,0 PCS,,,,
001747,TGCS SAMSUNG A12/M12,0 PCS,,2 PCS,,,,,,
001748,TGCS SAMSUNG A13 5G,1 PCS,,2 PCS,,,,,,
001749,TGCS SAMSUNG A20/A30/A30S/A50/A50S,0 PCS,,,,,,,,
001750,TGCS SAMSUNG A22 4G,2 PCS,0 PCS,2 PCS,,,,,,
001751,TGCS SAMSUNG A22 5G,0 PCS,,2 PCS,,0 PCS,0 PCS,,,
001752,TGCS SAMSUNG A23,0 PCS,,3 PCS,,,,,,
001753,TGCS SAMSUNG A32 5G,0 PCS,,1 PCS,,1 PCS,,,,
001754,TGCS SAMSUNG A53 5G,0 PCS,1 PCS,1 PCS,,,,,,
001755,TGCS SAMSUNG A72,1 PCS,1 PCS,2 PCS,,3 PCS,,,,
001756,TGCS SAMSUNG M20,2 PCS,,2 PCS,,1 PCS,,,,
001875,TGCS SAMSUNG A23 4G/5G,1 PCS,,,,3 PCS,,,,
001987,TGCS SAMSUNG A33 4G/5G,0 PCS,,2 PCS,,2 PCS,,,,
002338,TGCS SAMSUNG A55 5G,1 PCS,2 PCS,2 PCS,1 PCS,2 PCS,2 PCS,0 PCS,2 PCS,
002339,TGCS SAMSUNG A35 5G,1 PCS,2 PCS,2 PCS,1 PCS,1 PCS,2 PCS,1 PCS,2 PCS,
,,,,,Bee Accounting,,,,,,,,
,15/09/2026,,,,,,,,
Kode Item,Nama Item,ALFA 1 (C),ALFA 2 (C),ALFA 3 (C),ALFA 4 (C),ALFA 5 (C),ALFA 6 (C),ALFA 7 ,ASBER 1 (C),
002381,TGCS SAMSUNG A52,2 PCS,1 PCS,2 PCS,1 PCS,2 PCS,2 PCS,1 PCS,2 PCS,
003009,TGCS SAMSUNG A13 4G,0 PCS,0 PCS,2 PCS,0 PCS,0 PCS,0 PCS,,0 PCS,
003034,TGCS SAMSUNG A21,,,2 PCS,,,,,,
003035,TGCS SAMSUNG A32 4G,,,2 PCS,,,,,,
TOTAL,15.00,10.00,39.00,3.00,15.00,6.00,2.00,6.00,
Kode Item,Nama Item,ASBER 2 (C),BK CIJAMBE ,BK JH1 ,BK JH2 (C),BK6 ,BK7 ,BK8 BAKSAR ,BKC ,
001319,TGCS SAMSUNG A04,0 PCS,2 PCS,0 PCS,1 PCS,1 PCS,1 PCS,1 PCS,2 PCS,
001320,TGCS SAMSUNG A10S/M10S,,,,,,,,,
001321,TGCS SAMSUNG A20/A30/A30S/A50/A50A,,,,,,,,,
001745,TGCS SAMSUNG A10/M10,0 PCS,,,,1 PCS,,,,
001746,TGCS SAMSUNG A11/M11,,,,,,,,,
001747,TGCS SAMSUNG A12/M12,2 PCS,,,,1 PCS,,,,
001748,TGCS SAMSUNG A13 5G,,,,1 PCS,,,,,
001749,TGCS SAMSUNG A20/A30/A30S/A50/A50S,,,,,1 PCS,,,,
001750,TGCS SAMSUNG A22 4G,1 PCS,,,,1 PCS,,,,
001751,TGCS SAMSUNG A22 5G,2 PCS,,,,,,,,
001752,TGCS SAMSUNG A23,,,,,,,,,
001753,TGCS SAMSUNG A32 5G,0 PCS,,,,,,,,
001754,TGCS SAMSUNG A53 5G,,,,,,,,,
001755,TGCS SAMSUNG A72,3 PCS,,,,1 PCS,,,,
001756,TGCS SAMSUNG M20,,,,,,,,,
001875,TGCS SAMSUNG A23 4G/5G,1 PCS,,,,,,,,
001987,TGCS SAMSUNG A33 4G/5G,2 PCS,,,,,,,,
002338,TGCS SAMSUNG A55 5G,1 PCS,2 PCS,1 PCS,2 PCS,,1 PCS,,2 PCS,
002339,TGCS SAMSUNG A35 5G,2 PCS,2 PCS,0 PCS,2 PCS,,1 PCS,,2 PCS,
002381,TGCS SAMSUNG A52,1 PCS,2 PCS,2 PCS,2 PCS,1 PCS,1 PCS,,2 PCS,
003009,TGCS SAMSUNG A13 4G,0 PCS,0 PCS,0 PCS,0 PCS,,0 PCS,,0 PCS,
003034,TGCS SAMSUNG A21,2 PCS,,,,,,,,
003035,TGCS SAMSUNG A32 4G,1 PCS,,,,,,,,
TOTAL,18.00,8.00,3.00,8.00,7.00,4.00,1.00,8.00,
Kode Item,Nama Item,BUNISARI ,CICUKANG ,CIKADUT 2,CIPAGALO ,CISA (C),CK (C),CL 1 ,CL 2 ,
001319,TGCS SAMSUNG A04,0 PCS,1 PCS,,,0 PCS,0 PCS,1 PCS,1 PCS,
,,,,Bee Accounting,,,,,,,,
,15/09/2026,,,,,,,
Kode Item,Nama Item,BUNISARI ,CICUKANG ,CIKADUT 2,CIPAGALO ,CISA (C),CK (C),CL 1 ,CL 2 ,
001320,TGCS SAMSUNG A10S/M10S,,,,,0 PCS,,,,
001321,TGCS SAMSUNG A20/A30/A30S/A50/A50A,,,,,,,,,
001745,TGCS SAMSUNG A10/M10,0 PCS,,,,0 PCS,0 PCS,,,
001746,TGCS SAMSUNG A11/M11,0 PCS,,,,,,,,
001747,TGCS SAMSUNG A12/M12,0 PCS,0 PCS,,,,,,,
001748,TGCS SAMSUNG A13 5G,0 PCS,,,,,,,,
001749,TGCS SAMSUNG A20/A30/A30S/A50/A50S,0 PCS,,,,1 PCS,0 PCS,,,
001750,TGCS SAMSUNG A22 4G,0 PCS,,,,,,,,
001751,TGCS SAMSUNG A22 5G,0 PCS,,,,1 PCS,,,,
001752,TGCS SAMSUNG A23,0 PCS,,,,,,,,
001753,TGCS SAMSUNG A32 5G,0 PCS,,,,,,,,
001754,TGCS SAMSUNG A53 5G,0 PCS,,,,,,,,
001755,TGCS SAMSUNG A72,0 PCS,,,,,,,,
001756,TGCS SAMSUNG M20,0 PCS,,,,0 PCS,,,,
001875,TGCS SAMSUNG A23 4G/5G,0 PCS,,,,0 PCS,,,,
001987,TGCS SAMSUNG A33 4G/5G,0 PCS,,,,,,,,
002338,TGCS SAMSUNG A55 5G,2 PCS,1 PCS,1 PCS,1 PCS,1 PCS,2 PCS,1 PCS,,
002339,TGCS SAMSUNG A35 5G,2 PCS,1 PCS,,1 PCS,2 PCS,2 PCS,1 PCS,,
002381,TGCS SAMSUNG A52,0 PCS,,1 PCS,,1 PCS,2 PCS,1 PCS,,
003009,TGCS SAMSUNG A13 4G,0 PCS,,,,0 PCS,0 PCS,,,
003034,TGCS SAMSUNG A21,,,,,,,,,
003035,TGCS SAMSUNG A32 4G,,,,,,,,,
TOTAL,4.00,3.00,2.00,2.00,6.00,6.00,4.00,1.00,
Kode Item,Nama Item,CL 3 ,DM (C),GUDANG ,Gudang,PC 3 (A),PC 4 (C),PC 5 (C),PD 1 (C),
001319,TGCS SAMSUNG A04,1 PCS,4 PCS,,0 PCS,1 PCS,1 PCS,2 PCS,1 PCS,
001320,TGCS SAMSUNG A10S/M10S,,1 PCS,,0 PCS,3 PCS,,1 PCS,,
001321,TGCS SAMSUNG A20/A30/A30S/A50/A50A,,2 PCS,,0 PCS,4 PCS,,,,
001745,TGCS SAMSUNG A10/M10,,0 PCS,,0 PCS,1 PCS,,1 PCS,,
001746,TGCS SAMSUNG A11/M11,,0 PCS,,0 PCS,3 PCS,,1 PCS,,
001747,TGCS SAMSUNG A12/M12,,0 PCS,,0 PCS,1 PCS,,1 PCS,,
001748,TGCS SAMSUNG A13 5G,,0 PCS,,0 PCS,,,1 PCS,,
001749,TGCS SAMSUNG A20/A30/A30S/A50/A50S,,0 PCS,,0 PCS,,,2 PCS,1 PCS,
,,,,Bee Accounting,,,,,,,,
,15/09/2026,,,,,,,
Kode Item,Nama Item,CL 3 ,DM (C),GUDANG ,Gudang,PC 3 (A),PC 4 (C),PC 5 (C),PD 1 (C),
001750,TGCS SAMSUNG A22 4G,,0 PCS,,0 PCS,3 PCS,,2 PCS,,
001751,TGCS SAMSUNG A22 5G,,0 PCS,,0 PCS,1 PCS,,1 PCS,,
001752,TGCS SAMSUNG A23,,0 PCS,,0 PCS,,,0 PCS,,
001753,TGCS SAMSUNG A32 5G,,0 PCS,,0 PCS,1 PCS,,1 PCS,,
001754,TGCS SAMSUNG A53 5G,,0 PCS,,0 PCS,2 PCS,,1 PCS,,
001755,TGCS SAMSUNG A72,,0 PCS,,0 PCS,2 PCS,,1 PCS,,
001756,TGCS SAMSUNG M20,,0 PCS,,0 PCS,0 PCS,,1 PCS,,
001875,TGCS SAMSUNG A23 4G/5G,,0 PCS,,0 PCS,0 PCS,,0 PCS,,
001987,TGCS SAMSUNG A33 4G/5G,,0 PCS,,0 PCS,,,0 PCS,,
002338,TGCS SAMSUNG A55 5G,1 PCS,2 PCS,,0 PCS,2 PCS,2 PCS,1 PCS,1 PCS,
002339,TGCS SAMSUNG A35 5G,1 PCS,2 PCS,,0 PCS,2 PCS,2 PCS,1 PCS,1 PCS,
002381,TGCS SAMSUNG A52,,2 PCS,,0 PCS,2 PCS,2 PCS,1 PCS,1 PCS,
003009,TGCS SAMSUNG A13 4G,,0 PCS,0 PCS,0 PCS,1 PCS,0 PCS,0 PCS,0 PCS,
003034,TGCS SAMSUNG A21,,,,,,,,,
003035,TGCS SAMSUNG A32 4G,,,,,,,,,
TOTAL,3.00,13.00,0.00,0.00,29.00,7.00,19.00,5.00,
Kode Item,Nama Item,PD 2 (C),RK (C),SA (C),SS (C),TOTAL,,,,,
001319,TGCS SAMSUNG A04,2 PCS,1 PCS,1 PCS,0 PCS,27 PCS,,,,,
001320,TGCS SAMSUNG A10S/M10S,,,,,9 PCS,,,,,
001321,TGCS SAMSUNG A20/A30/A30S/A50/A50A,,,,,8 PCS,,,,,
001745,TGCS SAMSUNG A10/M10,,,,,7 PCS,,,,,
001746,TGCS SAMSUNG A11/M11,,,,,7 PCS,,,,,
001747,TGCS SAMSUNG A12/M12,,,,,7 PCS,,,,,
001748,TGCS SAMSUNG A13 5G,,,,,5 PCS,,,,,
001749,TGCS SAMSUNG A20/A30/A30S/A50/A50S,,,,,5 PCS,,,,,
001750,TGCS SAMSUNG A22 4G,,,,,11 PCS,,,,,
001751,TGCS SAMSUNG A22 5G,,,,,7 PCS,,,,,
001752,TGCS SAMSUNG A23,,,,,3 PCS,,,,,
001753,TGCS SAMSUNG A32 5G,,,,,4 PCS,,,,,
001754,TGCS SAMSUNG A53 5G,,,,,5 PCS,,,,,
001755,TGCS SAMSUNG A72,,,,,14 PCS,,,,,
001756,TGCS SAMSUNG M20,,,,,6 PCS,,,,,
001875,TGCS SAMSUNG A23 4G/5G,,,,,5 PCS,,,,,
,,,,Bee Accounting,,,,,,,,
,15/09/2026,,,,,,,
Kode Item,Nama Item,PD 2 (C),RK (C),SA (C),SS (C),TOTAL,,,,,
001987,TGCS SAMSUNG A33 4G/5G,,,,,6 PCS,,,,,
002338,TGCS SAMSUNG A55 5G,2 PCS,1 PCS,1 PCS,1 PCS,44 PCS,,,,,
002339,TGCS SAMSUNG A35 5G,2 PCS,1 PCS,1 PCS,1 PCS,44 PCS,,,,,
002381,TGCS SAMSUNG A52,2 PCS,1 PCS,2 PCS,2 PCS,44 PCS,,,,,
003009,TGCS SAMSUNG A13 4G,0 PCS,0 PCS,0 PCS,0 PCS,3 PCS,,,,,
003034,TGCS SAMSUNG A21,,,,,4 PCS,,,,,
003035,TGCS SAMSUNG A32 4G,,,,,3 PCS,,,,,
TOTAL,8.00,4.00,5.00,4.00,278.00,,,,,
,Merk,Model,,,,,,,,,
,SAMSUNG,TGF,,,,,,,,,
Kode Item,Nama Item,ALFA 1 (C),ALFA 2 (C),ALFA 3 (C),ALFA 4 (C),ALFA 5 (C),ALFA 6 (C),ALFA 7 ,ASBER 1 (C),
001334,TGF SAMSUNG A10S/M10S,8 PCS,6 PCS,6 PCS,2 PCS,6 PCS,6 PCS,,4 PCS,
001335,TGF SAMSUNG A32 4G,1 PCS,3 PCS,2 PCS,,,,,,
001796,TGF SAMSUNG A04,4 PCS,4 PCS,7 PCS,0 PCS,5 PCS,1 PCS,1 PCS,3 PCS,
001797,TGF SAMSUNG A10/M10,0 PCS,3 PCS,,,,,,,
001798,TGF SAMSUNG A11/M11,2 PCS,2 PCS,1 PCS,,1 PCS,,,,
001799,TGF SAMSUNG A20/A30/A30S/A50/A50S,2 PCS,1 PCS,0 PCS,,1 PCS,,,,
001800,TGF SAMSUNG A20S,0 PCS,3 PCS,2 PCS,,1 PCS,,,,
001801,TGF SAMSUNG A21,2 PCS,1 PCS,1 PCS,,2 PCS,,,,
001802,TGF SAMSUNG A22 4G,2 PCS,1 PCS,2 PCS,,2 PCS,,,,
001803,TGF SAMSUNG A22 5G,2 PCS,0 PCS,1 PCS,,1 PCS,,,,
001804,TGF SAMSUNG A23 4G/5G,0 PCS,1 PCS,2 PCS,,2 PCS,,,,
001805,TGF SAMSUNG A33 5G,0 PCS,,,,,,,,
001806,TGF SAMSUNG A51 4G,2 PCS,3 PCS,2 PCS,,2 PCS,,,,
001807,TGF SAMSUNG A52 4G/5G,7 PCS,8 PCS,8 PCS,3 PCS,8 PCS,6 PCS,2 PCS,4 PCS,
001808,TGF SAMSUNG A53 5G,2 PCS,2 PCS,1 PCS,,2 PCS,,,,
001809,TGF SAMSUNG A71/A21S,1 PCS,3 PCS,2 PCS,,2 PCS,,,,
001810,TGF SAMSUNG A72,2 PCS,1 PCS,2 PCS,,2 PCS,,,,
001884,TGF SAMSUNG A12/M12,7 PCS,6 PCS,8 PCS,1 PCS,7 PCS,5 PCS,2 PCS,4 PCS,
001885,TGF SAMSUNG A13 4G,0 PCS,2 PCS,1 PCS,,2 PCS,,,,
001886,TGF SAMSUNG A13 5G,8 PCS,10 PCS,8 PCS,2 PCS,8 PCS,3 PCS,1 PCS,4 PCS,
001887,TGF SAMSUNG A32 5G,1 PCS,3 PCS,2 PCS,,2 PCS,,,,
001888,TGF SAMSUNG A33 4G/5G,2 PCS,3 PCS,2 PCS,,4 PCS,,,,
TOTAL,55.00,66.00,60.00,8.00,60.00,21.00,6.00,19.00,
,,,,,Bee Accounting,,,,,,,,
,15/09/2026,,,,,,,,
Kode Item,Nama Item,ASBER 2 (C),BK CIJAMBE ,BK JH1 ,BK JH2 (C),BK6 ,BK7 ,BKC ,BUNISARI ,
001334,TGF SAMSUNG A10S/M10S,6 PCS,6 PCS,3 PCS,9 PCS,,4 PCS,6 PCS,0 PCS,
001335,TGF SAMSUNG A32 4G,2 PCS,,,,,,,,
001796,TGF SAMSUNG A04,6 PCS,4 PCS,4 PCS,5 PCS,1 PCS,3 PCS,6 PCS,0 PCS,
001797,TGF SAMSUNG A10/M10,,,,,,,,0 PCS,
001798,TGF SAMSUNG A11/M11,1 PCS,,,,,,,0 PCS,
001799,TGF SAMSUNG A20/A30/A30S/A50/A50S,,,,,,,,0 PCS,
001800,TGF SAMSUNG A20S,2 PCS,,,,,,,0 PCS,
001801,TGF SAMSUNG A21,2 PCS,,,,,,,0 PCS,
001802,TGF SAMSUNG A22 4G,2 PCS,,,,,,,0 PCS,
001803,TGF SAMSUNG A22 5G,2 PCS,,,,,,,0 PCS,
001804,TGF SAMSUNG A23 4G/5G,1 PCS,,,,,,,0 PCS,
001805,TGF SAMSUNG A33 5G,,,,,,,,0 PCS,
001806,TGF SAMSUNG A51 4G,2 PCS,,,,,,,0 PCS,
001807,TGF SAMSUNG A52 4G/5G,6 PCS,6 PCS,3 PCS,5 PCS,2 PCS,4 PCS,5 PCS,7 PCS,
001808,TGF SAMSUNG A53 5G,2 PCS,,,,,,,0 PCS,
001809,TGF SAMSUNG A71/A21S,2 PCS,,,,,,,0 PCS,
001810,TGF SAMSUNG A72,2 PCS,,,,,,,0 PCS,
001884,TGF SAMSUNG A12/M12,6 PCS,4 PCS,3 PCS,4 PCS,2 PCS,3 PCS,4 PCS,1 PCS,
001885,TGF SAMSUNG A13 4G,0 PCS,,,,,,,0 PCS,
001886,TGF SAMSUNG A13 5G,5 PCS,6 PCS,3 PCS,7 PCS,2 PCS,3 PCS,6 PCS,1 PCS,
001887,TGF SAMSUNG A32 5G,2 PCS,,,,,,,0 PCS,
001888,TGF SAMSUNG A33 4G/5G,2 PCS,,,,,,,0 PCS,
TOTAL,53.00,26.00,16.00,30.00,7.00,17.00,27.00,9.00,
Kode Item,Nama Item,CICUKANG ,CISA (C),CK (C),CL 1 ,CL 2 ,CL 3 ,DM (C),Gudang,
001334,TGF SAMSUNG A10S/M10S,2 PCS,0 PCS,1 PCS,2 PCS,0 PCS,4 PCS,3 PCS,0 PCS,
001335,TGF SAMSUNG A32 4G,,2 PCS,0 PCS,,,,1 PCS,0 PCS,
001796,TGF SAMSUNG A04,0 PCS,0 PCS,0 PCS,2 PCS,1 PCS,3 PCS,5 PCS,0 PCS,
001797,TGF SAMSUNG A10/M10,,,,,,,0 PCS,0 PCS,
001798,TGF SAMSUNG A11/M11,,0 PCS,,,,,0 PCS,0 PCS,
001799,TGF SAMSUNG A20/A30/A30S/A50/A50S,,0 PCS,,,,,0 PCS,0 PCS,
001800,TGF SAMSUNG A20S,,,,,,,0 PCS,0 PCS,
001801,TGF SAMSUNG A21,,,,,,,0 PCS,0 PCS,
001802,TGF SAMSUNG A22 4G,,1 PCS,,,,,0 PCS,0 PCS,
,,,,Bee Accounting,,,,,,,,
,15/09/2026,,,,,,,
Kode Item,Nama Item,CICUKANG ,CISA (C),CK (C),CL 1 ,CL 2 ,CL 3 ,DM (C),Gudang,
001803,TGF SAMSUNG A22 5G,,1 PCS,,,,,0 PCS,0 PCS,
001804,TGF SAMSUNG A23 4G/5G,,0 PCS,,,,,0 PCS,0 PCS,
001805,TGF SAMSUNG A33 5G,,,,,,,0 PCS,0 PCS,
001806,TGF SAMSUNG A51 4G,,,,,,,0 PCS,0 PCS,
001807,TGF SAMSUNG A52 4G/5G,2 PCS,4 PCS,5 PCS,2 PCS,2 PCS,4 PCS,5 PCS,0 PCS,
001808,TGF SAMSUNG A53 5G,,2 PCS,,,,,0 PCS,0 PCS,
001809,TGF SAMSUNG A71/A21S,,2 PCS,,,,,0 PCS,0 PCS,
001810,TGF SAMSUNG A72,,2 PCS,,,,,0 PCS,0 PCS,
001884,TGF SAMSUNG A12/M12,1 PCS,1 PCS,1 PCS,2 PCS,2 PCS,4 PCS,6 PCS,0 PCS,
001885,TGF SAMSUNG A13 4G,,,,,,,0 PCS,0 PCS,
001886,TGF SAMSUNG A13 5G,1 PCS,5 PCS,0 PCS,2 PCS,2 PCS,4 PCS,6 PCS,0 PCS,
001887,TGF SAMSUNG A32 5G,,2 PCS,,,,,0 PCS,0 PCS,
001888,TGF SAMSUNG A33 4G/5G,,,,,,,0 PCS,0 PCS,
TOTAL,6.00,22.00,7.00,10.00,7.00,19.00,26.00,0.00,
Kode Item,Nama Item,PC 3 (A),PC 4 (C),PC 5 (C),PD 1 (C),PD 2 (C),RK (C),SA (C),SS (C),
001334,TGF SAMSUNG A10S/M10S,7 PCS,3 PCS,4 PCS,3 PCS,6 PCS,4 PCS,2 PCS,4 PCS,
001335,TGF SAMSUNG A32 4G,2 PCS,,1 PCS,1 PCS,1 PCS,,,,
001796,TGF SAMSUNG A04,3 PCS,6 PCS,3 PCS,6 PCS,5 PCS,4 PCS,2 PCS,4 PCS,
001797,TGF SAMSUNG A10/M10,0 PCS,,0 PCS,,,,,,
001798,TGF SAMSUNG A11/M11,3 PCS,,1 PCS,1 PCS,1 PCS,,,,
001799,TGF SAMSUNG A20/A30/A30S/A50/A50S,0 PCS,,2 PCS,,1 PCS,,,,
001800,TGF SAMSUNG A20S,1 PCS,,3 PCS,,,,,,
001801,TGF SAMSUNG A21,1 PCS,,2 PCS,,,,,,
001802,TGF SAMSUNG A22 4G,1 PCS,,1 PCS,,,,,,
001803,TGF SAMSUNG A22 5G,1 PCS,,1 PCS,,,,,,
001804,TGF SAMSUNG A23 4G/5G,1 PCS,,1 PCS,,,,,,
001805,TGF SAMSUNG A33 5G,2 PCS,,1 PCS,,,,,,
001806,TGF SAMSUNG A51 4G,1 PCS,,2 PCS,,,,,,
001807,TGF SAMSUNG A52 4G/5G,7 PCS,6 PCS,6 PCS,6 PCS,6 PCS,3 PCS,2 PCS,4 PCS,
001808,TGF SAMSUNG A53 5G,2 PCS,,2 PCS,,,,,,
001809,TGF SAMSUNG A71/A21S,2 PCS,,3 PCS,,,,,,
001810,TGF SAMSUNG A72,2 PCS,,2 PCS,,,,,,
001884,TGF SAMSUNG A12/M12,4 PCS,5 PCS,3 PCS,5 PCS,6 PCS,4 PCS,2 PCS,4 PCS,
,,,,Bee Accounting,,,,,,,,
,15/09/2026,,,,,,,
Kode Item,Nama Item,PC 3 (A),PC 4 (C),PC 5 (C),PD 1 (C),PD 2 (C),RK (C),SA (C),SS (C),
001885,TGF SAMSUNG A13 4G,0 PCS,,0 PCS,,,,,,
001886,TGF SAMSUNG A13 5G,5 PCS,5 PCS,3 PCS,5 PCS,5 PCS,4 PCS,2 PCS,4 PCS,
001887,TGF SAMSUNG A32 5G,0 PCS,,0 PCS,,,,,,
001888,TGF SAMSUNG A33 4G/5G,,,0 PCS,,,,,,
TOTAL,45.00,25.00,41.00,27.00,31.00,19.00,10.00,20.00,
Kode Item,Nama Item,TOTAL,,,,,,,,,
001334,TGF SAMSUNG A10S/M10S,117 PCS,,,,,,,,,
001335,TGF SAMSUNG A32 4G,16 PCS,,,,,,,,,
001796,TGF SAMSUNG A04,98 PCS,,,,,,,,,
001797,TGF SAMSUNG A10/M10,3 PCS,,,,,,,,,
001798,TGF SAMSUNG A11/M11,13 PCS,,,,,,,,,
001799,TGF SAMSUNG A20/A30/A30S/A50/A50S,7 PCS,,,,,,,,,
001800,TGF SAMSUNG A20S,12 PCS,,,,,,,,,
001801,TGF SAMSUNG A21,11 PCS,,,,,,,,,
001802,TGF SAMSUNG A22 4G,12 PCS,,,,,,,,,
001803,TGF SAMSUNG A22 5G,9 PCS,,,,,,,,,
001804,TGF SAMSUNG A23 4G/5G,8 PCS,,,,,,,,,
001805,TGF SAMSUNG A33 5G,3 PCS,,,,,,,,,
001806,TGF SAMSUNG A51 4G,14 PCS,,,,,,,,,
001807,TGF SAMSUNG A52 4G/5G,148 PCS,,,,,,,,,
001808,TGF SAMSUNG A53 5G,15 PCS,,,,,,,,,
001809,TGF SAMSUNG A71/A21S,17 PCS,,,,,,,,,
001810,TGF SAMSUNG A72,15 PCS,,,,,,,,,
001884,TGF SAMSUNG A12/M12,117 PCS,,,,,,,,,
001885,TGF SAMSUNG A13 4G,5 PCS,,,,,,,,,
001886,TGF SAMSUNG A13 5G,130 PCS,,,,,,,,,
001887,TGF SAMSUNG A32 5G,12 PCS,,,,,,,,,
001888,TGF SAMSUNG A33 4G/5G,13 PCS,,,,,,,,,
TOTAL,795.00,,,,,,,,,
,Merk,Model,,,,,,,,,
,UFONE,KABEL DATA,,,,,,,,,
,,,,,Bee Accounting,,,,,,,,
,15/09/2026,,,,,,,,
Kode Item,Nama Item,ALFA 1 (C),ALFA 2 (C),ALFA 3 (C),ALFA 4 (C),ALFA 5 (C),ALFA 6 (C),ALFA 7 ,ASBER 1 (C),
002738,KABEL DATA UFONE CB02-CC 60W C TO C,5 PCS,6 PCS,3 PCS,3 PCS,3 PCS,2 PCS,3 PCS,4 PCS,
TOTAL,5.00,6.00,3.00,3.00,3.00,2.00,3.00,4.00,
Kode Item,Nama Item,ASBER 2 (C),BK CIJAMBE ,BK JH1 ,BK JH2 (C),BK5 CIGER ,BK6 ,BK7 ,BK8 BAKSAR ,
002738,KABEL DATA UFONE CB02-CC 60W C TO C,2 PCS,2 PCS,2 PCS,2 PCS,2 PCS,2 PCS,3 PCS,2 PCS,
TOTAL,2.00,2.00,2.00,2.00,2.00,2.00,3.00,2.00,
Kode Item,Nama Item,BK9 BAKSAR ,BKC ,BUNISARI ,CICUKANG ,CIHAURKUK,CIKADUT 2,CIPADUNG 2 ,CIPAGALO ,
002738,KABEL DATA UFONE CB02-CC 60W C TO C,2 PCS,5 PCS,5 PCS,2 PCS,2 PCS,2 PCS,3 PCS,2 PCS,
TOTAL,2.00,5.00,5.00,2.00,2.00,2.00,3.00,2.00,
Kode Item,Nama Item,CIPOREAT,CISA (C),CK (C),CL 1 ,CL 2 ,CL 3 ,CL 4 ,DM (C),
002738,KABEL DATA UFONE CB02-CC 60W C TO C,2 PCS,5 PCS,2 PCS,2 PCS,2 PCS,3 PCS,2 PCS,3 PCS,
TOTAL,2.00,5.00,2.00,2.00,2.00,3.00,2.00,3.00,
Kode Item,Nama Item,Gudang,PC 3 (A),PC 4 (C),PC 5 (C),PD 1 (C),PD 2 (C),PD 3 (C),RK (C),
002738,KABEL DATA UFONE CB02-CC 60W C TO C,0 PCS,2 PCS,2 PCS,5 PCS,2 PCS,2 PCS,4 PCS,6 PCS,
TOTAL,0.00,2.00,2.00,5.00,2.00,2.00,4.00,6.00,
Kode Item,Nama Item,SA (C),SS (C),TOTAL,,,,,,,
002738,KABEL DATA UFONE CB02-CC 60W C TO C,5 PCS,2 PCS,120 PCS,,,,,,,
TOTAL,5.00,2.00,120.00,,,,,,,
,Merk,Model,,,,,,,,,
,VIVO,CASING DOVE,,,,,,,,,
Kode Item,Nama Item,ALFA 1 (C),ALFA 2 (C),ALFA 3 (C),ALFA 4 (C),ALFA 5 (C),ASBER 2 (C),BUNISARI ,CICUKANG ,
001165,DOVE VIVO Y11/Y12/Y12I/Y15/Y17,,,0 PCS,,0 PCS,1 PCS,0 PCS,0 PCS,
001167,DOVE VIVO Y15S/Y01,0 PCS,0 PCS,,,,,,,
001168,DOVE VIVO Y19,0 PCS,5 PCS,2 PCS,,0 PCS,5 PCS,,,
001169,DOVE VIVO Y21/Y21S/Y33T/Y33S,0 PCS,,,,,,,,
001552,DOVE VIVO V20,2 PCS,5 PCS,5 PCS,,4 PCS,5 PCS,0 PCS,,
001553,DOVE VIVO V20 SE,3 PCS,4 PCS,,,,,0 PCS,,
001554,DOVE VIVO V5/Y67/Y69,1 PCS,1 PCS,,,0 PCS,4 PCS,0 PCS,,
001555,DOVE VIVO Y12S/Y20,0 PCS,,,0 PCS,0 PCS,0 PCS,0 PCS,,
,,,,,Bee Accounting,,,,,,,,
,15/09/2026,,,,,,,,
Kode Item,Nama Item,ALFA 1 (C),ALFA 2 (C),ALFA 3 (C),ALFA 4 (C),ALFA 5 (C),ASBER 2 (C),BUNISARI ,CICUKANG ,
001556,DOVE VIVO Y30/Y30I/Y50,1 PCS,2 PCS,5 PCS,0 PCS,0 PCS,4 PCS,0 PCS,,
001557,DOVE VIVO Y91/Y95,0 PCS,0 PCS,2 PCS,,0 PCS,0 PCS,0 PCS,,
001841,DOVE VIVO Y91C/Y93,1 PCS,0 PCS,3 PCS,,0 PCS,2 PCS,0 PCS,,
001956,DOVE VIVO V19,0 PCS,,,,5 PCS,5 PCS,1 PCS,,
002269,DOVE VIVO Y16,,,,,,,,,
003029,DOVE VIVO V17/V19,,,5 PCS,,,,,,
TOTAL,8.00,17.00,22.00,0.00,9.00,26.00,1.00,0.00,
Kode Item,Nama Item,CISA (C),CK (C),DM (C),Gudang,PC 3 (A),PC 5 (C),PD 1 (C),PD 2 (C),
001165,DOVE VIVO Y11/Y12/Y12I/Y15/Y17,0 PCS,0 PCS,0 PCS,0 PCS,0 PCS,0 PCS,0 PCS,0 PCS,
001167,DOVE VIVO Y15S/Y01,,,2 PCS,0 PCS,1 PCS,0 PCS,,,
001168,DOVE VIVO Y19,1 PCS,,2 PCS,0 PCS,1 PCS,0 PCS,,,
001169,DOVE VIVO Y21/Y21S/Y33T/Y33S,,,2 PCS,0 PCS,0 PCS,,,,
001552,DOVE VIVO V20,5 PCS,,0 PCS,1 PCS,3 PCS,5 PCS,,1 PCS,
001553,DOVE VIVO V20 SE,,,0 PCS,0 PCS,4 PCS,3 PCS,,,
001554,DOVE VIVO V5/Y67/Y69,3 PCS,,0 PCS,0 PCS,,0 PCS,,,
001555,DOVE VIVO Y12S/Y20,0 PCS,0 PCS,0 PCS,0 PCS,0 PCS,0 PCS,1 PCS,0 PCS,
001556,DOVE VIVO Y30/Y30I/Y50,2 PCS,,0 PCS,0 PCS,4 PCS,5 PCS,,,
001557,DOVE VIVO Y91/Y95,0 PCS,0 PCS,0 PCS,0 PCS,0 PCS,0 PCS,,,
001841,DOVE VIVO Y91C/Y93,0 PCS,,0 PCS,0 PCS,0 PCS,0 PCS,,,
001956,DOVE VIVO V19,4 PCS,,0 PCS,0 PCS,,0 PCS,,,
002269,DOVE VIVO Y16,,,,,,,1 PCS,,
003029,DOVE VIVO V17/V19,,,,,,,,,
TOTAL,15.00,0.00,6.00,1.00,13.00,13.00,2.00,1.00,
Kode Item,Nama Item,SS (C),TOTAL,,,,,,,,
001165,DOVE VIVO Y11/Y12/Y12I/Y15/Y17,,1 PCS,,,,,,,,
001167,DOVE VIVO Y15S/Y01,1 PCS,4 PCS,,,,,,,,
001168,DOVE VIVO Y19,0 PCS,16 PCS,,,,,,,,
001169,DOVE VIVO Y21/Y21S/Y33T/Y33S,,2 PCS,,,,,,,,
001552,DOVE VIVO V20,2 PCS,38 PCS,,,,,,,,
001553,DOVE VIVO V20 SE,2 PCS,16 PCS,,,,,,,,
001554,DOVE VIVO V5/Y67/Y69,,9 PCS,,,,,,,,
001555,DOVE VIVO Y12S/Y20,,1 PCS,,,,,,,,
001556,DOVE VIVO Y30/Y30I/Y50,1 PCS,24 PCS,,,,,,,,
,,,,Bee Accounting,,,,,,,,
,15/09/2026,,,,,,,
Kode Item,Nama Item,SS (C),TOTAL,,,,,,,,
001557,DOVE VIVO Y91/Y95,,2 PCS,,,,,,,,
001841,DOVE VIVO Y91C/Y93,,6 PCS,,,,,,,,
001956,DOVE VIVO V19,,15 PCS,,,,,,,,
002269,DOVE VIVO Y16,,1 PCS,,,,,,,,
003029,DOVE VIVO V17/V19,,5 PCS,,,,,,,,
TOTAL,6.00,140.00,,,,,,,,
,Merk,Model,,,,,,,,,
,VIVO,CASING MOTIF,,,,,,,,,
Kode Item,Nama Item,ALFA 1 (C),ALFA 3 (C),ASBER 2 (C),BUNISARI ,CK (C),DM (C),Gudang,PC 5 (C),
001136,CASE MOTIF SS137 VIVO Y16,,,,,,1 PCS,0 PCS,,
001439,CASE MOTIF SS069 VIVO Y30/Y30I/Y50,0 PCS,1 PCS,,0 PCS,1 PCS,0 PCS,0 PCS,2 PCS,
002292,CASE MOTIF SS126 VIVO Y21/Y21S/Y33S,,,0 PCS,,,,,,
002658,CASE MOTIF VIVO Y93,,1 PCS,,,,,,,
TOTAL,0.00,2.00,0.00,0.00,1.00,1.00,0.00,2.00,
Kode Item,Nama Item,TOTAL,,,,,,,,,
001136,CASE MOTIF SS137 VIVO Y16,1 PCS,,,,,,,,,
001439,CASE MOTIF SS069 VIVO Y30/Y30I/Y50,4 PCS,,,,,,,,,
002292,CASE MOTIF SS126 VIVO Y21/Y21S/Y33S,0 PCS,,,,,,,,,
002658,CASE MOTIF VIVO Y93,1 PCS,,,,,,,,,
TOTAL,6.00,,,,,,,,,
,Merk,Model,,,,,,,,,
,VIVO,CM,,,,,,,,,
Kode Item,Nama Item,ALFA 1 (C),ALFA 2 (C),ALFA 3 (C),ALFA 5 (C),ASBER 2 (C),BUNISARI ,CISA (C),CK (C),
001507,CM VIVO V15 PRO,0 PCS,2 PCS,,,,0 PCS,,,
001508,CM VIVO V20,0 PCS,2 PCS,,,,0 PCS,,,
001509,CM VIVO V20 SE,4 PCS,,,,,0 PCS,,,
001510,CM VIVO V21 4G,0 PCS,2 PCS,,,,0 PCS,,,
001512,CM VIVO Y19,0 PCS,0 PCS,,,,0 PCS,,,
001514,CM VIVO Y22,0 PCS,1 PCS,,,,2 PCS,,,
001515,CM VIVO Y30/Y30I/Y50,0 PCS,,2 PCS,,2 PCS,0 PCS,1 PCS,0 PCS,
001516,CM VIVO Y35,0 PCS,2 PCS,,0 PCS,,0 PCS,,,
001517,CM VIVO Y71,0 PCS,1 PCS,,1 PCS,,0 PCS,,,
,,,,,Bee Accounting,,,,,,,,
,15/09/2026,,,,,,,,
Kode Item,Nama Item,ALFA 1 (C),ALFA 2 (C),ALFA 3 (C),ALFA 5 (C),ASBER 2 (C),BUNISARI ,CISA (C),CK (C),
001518,CM VIVO Y91/Y95,0 PCS,,2 PCS,,,0 PCS,,,
002039,CM VIVO Y12S/Y20,0 PCS,,,0 PCS,,0 PCS,,0 PCS,
TOTAL,4.00,10.00,4.00,1.00,2.00,2.00,1.00,0.00,
Kode Item,Nama Item,DM (C),Gudang,PC 3 (A),PC 5 (C),PD 1 (C),SS (C),TOTAL,,
001507,CM VIVO V15 PRO,0 PCS,0 PCS,2 PCS,3 PCS,,2 PCS,9 PCS,,
001508,CM VIVO V20,0 PCS,1 PCS,2 PCS,3 PCS,,2 PCS,10 PCS,,
001509,CM VIVO V20 SE,0 PCS,0 PCS,1 PCS,2 PCS,,,7 PCS,,
001510,CM VIVO V21 4G,0 PCS,0 PCS,3 PCS,1 PCS,,2 PCS,8 PCS,,
001512,CM VIVO Y19,0 PCS,0 PCS,1 PCS,0 PCS,,,1 PCS,,
001514,CM VIVO Y22,0 PCS,0 PCS,1 PCS,0 PCS,,,4 PCS,,
001515,CM VIVO Y30/Y30I/Y50,0 PCS,0 PCS,0 PCS,0 PCS,,,5 PCS,,
001516,CM VIVO Y35,0 PCS,0 PCS,2 PCS,1 PCS,,,5 PCS,,
001517,CM VIVO Y71,0 PCS,0 PCS,2 PCS,0 PCS,,,4 PCS,,
001518,CM VIVO Y91/Y95,0 PCS,0 PCS,,0 PCS,,,2 PCS,,
002039,CM VIVO Y12S/Y20,0 PCS,0 PCS,0 PCS,0 PCS,1 PCS,,1 PCS,,
TOTAL,0.00,1.00,14.00,10.00,1.00,6.00,56.00,,
,Merk,Model,,,,,,,,,
,VIVO,SAC,,,,,,,,,
Kode Item,Nama Item,ALFA 1 (C),ALFA 2 (C),ALFA 3 (C),ALFA 4 (C),ALFA 5 (C),ASBER 2 (C),BUNISARI ,CISA (C),
001613,SAC VIVO V17 PRO,3 PCS,5 PCS,,,,,0 PCS,,
001614,SAC VIVO V20 SE,0 PCS,,,,,,0 PCS,,
001615,SAC VIVO V5/Y67/Y69,0 PCS,,,,,,0 PCS,,
001616,SAC VIVO Y12S/Y20/Y20S,0 PCS,,,,,,0 PCS,,
001617,SAC VIVO Y53,0 PCS,,,,,,0 PCS,,
001618,SAC VIVO Y91/Y95,0 PCS,2 PCS,1 PCS,0 PCS,0 PCS,1 PCS,1 PCS,2 PCS,
001619,SAC VIVO Y91C/Y93,0 PCS,,3 PCS,,1 PCS,0 PCS,0 PCS,5 PCS,
001845,SAC VIVO V5 LITE/Y66/Y65,1 PCS,4 PCS,,,,,0 PCS,,
001846,SAC VIVO V5/Y67/V69,3 PCS,2 PCS,,,,,0 PCS,,
TOTAL,7.00,13.00,4.00,0.00,1.00,1.00,1.00,7.00,
Kode Item,Nama Item,CK (C),DM (C),Gudang,PC 3 (A),PC 5 (C),PD 2 (C),TOTAL,,
001613,SAC VIVO V17 PRO,2 PCS,0 PCS,0 PCS,2 PCS,5 PCS,2 PCS,19 PCS,,
001614,SAC VIVO V20 SE,,0 PCS,0 PCS,2 PCS,3 PCS,2 PCS,7 PCS,,
001615,SAC VIVO V5/Y67/Y69,,0 PCS,0 PCS,,2 PCS,,2 PCS,,
,,,,,Bee Accounting,,,,,,,,
,15/09/2026,,,,,,,,
Kode Item,Nama Item,CK (C),DM (C),Gudang,PC 3 (A),PC 5 (C),PD 2 (C),TOTAL,,
001616,SAC VIVO Y12S/Y20/Y20S,,0 PCS,0 PCS,1 PCS,0 PCS,,1 PCS,,
001617,SAC VIVO Y53,,0 PCS,0 PCS,2 PCS,1 PCS,,3 PCS,,
001618,SAC VIVO Y91/Y95,,0 PCS,0 PCS,1 PCS,0 PCS,1 PCS,9 PCS,,
001619,SAC VIVO Y91C/Y93,,0 PCS,0 PCS,3 PCS,0 PCS,,12 PCS,,
001845,SAC VIVO V5 LITE/Y66/Y65,0 PCS,0 PCS,0 PCS,,0 PCS,,5 PCS,,
001846,SAC VIVO V5/Y67/V69,,0 PCS,0 PCS,,0 PCS,,5 PCS,,
TOTAL,2.00,0.00,0.00,11.00,11.00,5.00,63.00,,
,Merk,Model,,,,,,,,,
,VIVO,TEMPERED GLASS,,,,,,,,,
Kode Item,Nama Item,ALFA 1 (C),ALFA 2 (C),ALFA 3 (C),ALFA 4 (C),ALFA 5 (C),ALFA 6 (C),ASBER 1 (C),ASBER 2 (C),
002367,TGS VIVO Y18/ VIVO Y27,0 PCS,0 PCS,0 PCS,1 PCS,2 PCS,0 PCS,1 PCS,0 PCS,
002368,TGS VIVO Y28,1 PCS,1 PCS,1 PCS,0 PCS,2 PCS,0 PCS,1 PCS,0 PCS,
002369,TGS VIVO Y91/Y95,2 PCS,1 PCS,2 PCS,1 PCS,1 PCS,2 PCS,1 PCS,1 PCS,
002370,TGS VIVO Y91C/Y93,1 PCS,2 PCS,2 PCS,1 PCS,2 PCS,1 PCS,1 PCS,2 PCS,
TOTAL,4.00,4.00,5.00,3.00,7.00,3.00,4.00,3.00,
Kode Item,Nama Item,BK CIJAMBE ,BK JH1 ,BK JH2 (C),BK6 ,BK7 ,BKC ,BUNISARI ,CICUKANG ,
002367,TGS VIVO Y18/ VIVO Y27,0 PCS,0 PCS,1 PCS,,1 PCS,2 PCS,0 PCS,1 PCS,
002368,TGS VIVO Y28,2 PCS,1 PCS,2 PCS,,1 PCS,2 PCS,0 PCS,0 PCS,
002369,TGS VIVO Y91/Y95,2 PCS,1 PCS,2 PCS,,0 PCS,1 PCS,2 PCS,1 PCS,
002370,TGS VIVO Y91C/Y93,2 PCS,1 PCS,2 PCS,1 PCS,1 PCS,1 PCS,1 PCS,1 PCS,
TOTAL,6.00,3.00,7.00,1.00,3.00,6.00,3.00,3.00,
Kode Item,Nama Item,CIKADUT 2,CIPAGALO ,CISA (C),CK (C),CL 1 ,CL 2 ,CL 3 ,DM (C),
002367,TGS VIVO Y18/ VIVO Y27,,1 PCS,1 PCS,0 PCS,1 PCS,1 PCS,1 PCS,2 PCS,
002368,TGS VIVO Y28,1 PCS,1 PCS,0 PCS,0 PCS,1 PCS,1 PCS,1 PCS,1 PCS,
002369,TGS VIVO Y91/Y95,1 PCS,1 PCS,1 PCS,2 PCS,1 PCS,0 PCS,1 PCS,2 PCS,
002370,TGS VIVO Y91C/Y93,1 PCS,1 PCS,1 PCS,2 PCS,1 PCS,1 PCS,1 PCS,2 PCS,
TOTAL,3.00,4.00,3.00,4.00,4.00,3.00,4.00,7.00,
Kode Item,Nama Item,Gudang,PC 3 (A),PC 4 (C),PC 5 (C),PD 1 (C),PD 2 (C),RK (C),SA (C),
002367,TGS VIVO Y18/ VIVO Y27,0 PCS,0 PCS,1 PCS,1 PCS,1 PCS,1 PCS,1 PCS,1 PCS,
002368,TGS VIVO Y28,0 PCS,1 PCS,2 PCS,1 PCS,1 PCS,1 PCS,1 PCS,1 PCS,
002369,TGS VIVO Y91/Y95,0 PCS,2 PCS,1 PCS,0 PCS,1 PCS,2 PCS,1 PCS,1 PCS,
002370,TGS VIVO Y91C/Y93,0 PCS,2 PCS,2 PCS,1 PCS,1 PCS,2 PCS,1 PCS,1 PCS,
,,,,,Bee Accounting,,,,,,,,
,15/09/2026,,,,,,,,
Kode Item,Nama Item,Gudang,PC 3 (A),PC 4 (C),PC 5 (C),PD 1 (C),PD 2 (C),RK (C),SA (C),
TOTAL,0.00,5.00,6.00,3.00,4.00,6.00,4.00,4.00,
Kode Item,Nama Item,SS (C),TOTAL,,,,,,,,
002367,TGS VIVO Y18/ VIVO Y27,1 PCS,23 PCS,,,,,,,,
002368,TGS VIVO Y28,1 PCS,29 PCS,,,,,,,,
002369,TGS VIVO Y91/Y95,1 PCS,38 PCS,,,,,,,,
002370,TGS VIVO Y91C/Y93,1 PCS,43 PCS,,,,,,,,
TOTAL,4.00,133.00,,,,,,,,
,Merk,Model,,,,,,,,,
,VIVO,TGB,,,,,,,,,
Kode Item,Nama Item,ALFA 1 (C),ALFA 2 (C),ALFA 3 (C),ALFA 4 (C),ALFA 5 (C),ALFA 6 (C),ALFA 7 ,ASBER 1 (C),
001295,TGB VIVO S1 PRO,,0 PCS,2 PCS,,0 PCS,,,,
001296,TGB VIVO V21 4G/5G,1 PCS,1 PCS,1 PCS,,0 PCS,,,,
001297,TGB VIVO V7,,1 PCS,2 PCS,,3 PCS,,,,
001298,TGB VIVO Y71,1 PCS,0 PCS,2 PCS,,1 PCS,,,,
001671,TGB VIVO V17/V19,1 PCS,0 PCS,2 PCS,,0 PCS,,,,
001672,TGB VIVO V20/V20 SE/V21E,1 PCS,0 PCS,2 PCS,,0 PCS,,,,
001673,TGB VIVO V5,0 PCS,,,,,,,,
001674,TGB VIVO Y02 NEW/ SAM A13 5G,5 PCS,1 PCS,0 PCS,1 PCS,0 PCS,0 PCS,0 PCS,4 PCS,
001675,TGB VIVO Y11/Y12/Y12I/Y15/Y17,0 PCS,0 PCS,,,0 PCS,,,,
001676,TGB VIVO Y12S/Y15S/Y20/Y20S/Y21/Y21S/Y33S,0 PCS,,1 PCS,,,,,,
001677,TGB VIVO Y16 4G,0 PCS,0 PCS,,,,,,,
001678,TGB VIVO Y19,1 PCS,0 PCS,,,0 PCS,,,,
001679,TGB VIVO Y30/Y30I/Y50,0 PCS,,,,,,,,
001680,TGB VIVO Y31,0 PCS,,,,,,,,
001681,TGB VIVO Y91/Y95,2 PCS,0 PCS,0 PCS,0 PCS,0 PCS,0 PCS,1 PCS,2 PCS,
001682,TGB VIVO Y91C/Y93,0 PCS,,0 PCS,,0 PCS,,,,
001863,TGB VIVO V5/Y67/Y69,1 PCS,2 PCS,2 PCS,,,,,,
001865,TGB VIVO Y22,1 PCS,0 PCS,,,,,,,
002305,TGB VIVO Y18/ VIVO Y27,3 PCS,3 PCS,1 PCS,1 PCS,0 PCS,0 PCS,2 PCS,4 PCS,
002306,TGB VIVO Y28,5 PCS,5 PCS,3 PCS,3 PCS,0 PCS,1 PCS,2 PCS,2 PCS,
TOTAL,22.00,13.00,18.00,5.00,4.00,1.00,5.00,12.00,
,,,,,Bee Accounting,,,,,,,,
,15/09/2026,,,,,,,,
Kode Item,Nama Item,ASBER 2 (C),BK CIJAMBE ,BK JH1 ,BK JH2 (C),BK6 ,BK7 ,BK8 BAKSAR ,BKC ,
001295,TGB VIVO S1 PRO,1 PCS,,,,,,,,
001296,TGB VIVO V21 4G/5G,0 PCS,,,,2 PCS,,,,
001297,TGB VIVO V7,2 PCS,,,,,,,,
001298,TGB VIVO Y71,1 PCS,,,,,,,,
001671,TGB VIVO V17/V19,1 PCS,,,,,,,,
001672,TGB VIVO V20/V20 SE/V21E,2 PCS,,,,,,,,
001673,TGB VIVO V5,,,,,,,,,
001674,TGB VIVO Y02 NEW/ SAM A13 5G,6 PCS,4 PCS,1 PCS,6 PCS,1 PCS,4 PCS,1 PCS,5 PCS,
001675,TGB VIVO Y11/Y12/Y12I/Y15/Y17,2 PCS,,,,,,,,
001676,TGB VIVO Y12S/Y15S/Y20/Y20S/Y21/Y21S/Y33S,,,,,,,,,
001677,TGB VIVO Y16 4G,,,,,,,,,
001678,TGB VIVO Y19,1 PCS,,,,,,,,
001679,TGB VIVO Y30/Y30I/Y50,,,,,,,,,
001680,TGB VIVO Y31,,,,,,,,,
001681,TGB VIVO Y91/Y95,7 PCS,3 PCS,1 PCS,3 PCS,2 PCS,4 PCS,,2 PCS,
001682,TGB VIVO Y91C/Y93,,,,,,,0 PCS,,
001863,TGB VIVO V5/Y67/Y69,2 PCS,,,,,,,,
001865,TGB VIVO Y22,4 PCS,,,,,,,,
002305,TGB VIVO Y18/ VIVO Y27,5 PCS,5 PCS,0 PCS,4 PCS,1 PCS,4 PCS,,5 PCS,
002306,TGB VIVO Y28,5 PCS,6 PCS,4 PCS,5 PCS,2 PCS,3 PCS,2 PCS,4 PCS,
TOTAL,39.00,18.00,6.00,18.00,8.00,15.00,3.00,16.00,
Kode Item,Nama Item,BUNISARI ,CICUKANG ,CIKADUT 2,CIPAGALO ,CISA (C),CK (C),CL 2 ,CL 3 ,
001295,TGB VIVO S1 PRO,,,,,,,,,
001296,TGB VIVO V21 4G/5G,,,,,1 PCS,,,,
001297,TGB VIVO V7,,,,,2 PCS,,,,
001298,TGB VIVO Y71,,,,,0 PCS,0 PCS,,,
001671,TGB VIVO V17/V19,0 PCS,,,,0 PCS,,,,
001672,TGB VIVO V20/V20 SE/V21E,0 PCS,,,,1 PCS,,,,
001673,TGB VIVO V5,0 PCS,,,,,,,,
001674,TGB VIVO Y02 NEW/ SAM A13 5G,0 PCS,,2 PCS,2 PCS,4 PCS,3 PCS,2 PCS,4 PCS,
001675,TGB VIVO Y11/Y12/Y12I/Y15/Y17,0 PCS,,,,,,,,
,,,,Bee Accounting,,,,,,,,
,15/09/2026,,,,,,,
Kode Item,Nama Item,BUNISARI ,CICUKANG ,CIKADUT 2,CIPAGALO ,CISA (C),CK (C),CL 2 ,CL 3 ,
001676,TGB VIVO Y12S/Y15S/Y20/Y20S/Y21/Y21S/Y33S,0 PCS,,,,,1 PCS,,,
001677,TGB VIVO Y16 4G,0 PCS,,,,,,,,
001678,TGB VIVO Y19,0 PCS,,,,1 PCS,,,,
001679,TGB VIVO Y30/Y30I/Y50,0 PCS,,,,,0 PCS,,,
001680,TGB VIVO Y31,0 PCS,,,,,,,,
001681,TGB VIVO Y91/Y95,0 PCS,,,2 PCS,0 PCS,0 PCS,2 PCS,2 PCS,
001682,TGB VIVO Y91C/Y93,0 PCS,,,,0 PCS,,,,
001863,TGB VIVO V5/Y67/Y69,0 PCS,,,,1 PCS,,,,
001865,TGB VIVO Y22,0 PCS,,,,,,,,
002305,TGB VIVO Y18/ VIVO Y27,0 PCS,,,1 PCS,3 PCS,4 PCS,2 PCS,4 PCS,
002306,TGB VIVO Y28,3 PCS,2 PCS,2 PCS,2 PCS,4 PCS,2 PCS,2 PCS,4 PCS,
TOTAL,3.00,2.00,4.00,7.00,17.00,10.00,8.00,14.00,
Kode Item,Nama Item,DM (C),Gudang,PC 3 (A),PC 4 (C),PC 5 (C),PD 1 (C),PD 2 (C),RK (C),
001295,TGB VIVO S1 PRO,2 PCS,0 PCS,1 PCS,,2 PCS,,,,
001296,TGB VIVO V21 4G/5G,2 PCS,0 PCS,3 PCS,,3 PCS,3 PCS,,,
001297,TGB VIVO V7,3 PCS,0 PCS,2 PCS,,2 PCS,2 PCS,,,
001298,TGB VIVO Y71,1 PCS,0 PCS,2 PCS,,2 PCS,2 PCS,,,
001671,TGB VIVO V17/V19,0 PCS,0 PCS,2 PCS,,2 PCS,,,,
001672,TGB VIVO V20/V20 SE/V21E,0 PCS,0 PCS,1 PCS,,1 PCS,,,,
001673,TGB VIVO V5,0 PCS,0 PCS,,,2 PCS,,,,
001674,TGB VIVO Y02 NEW/ SAM A13 5G,6 PCS,61 PCS,6 PCS,6 PCS,6 PCS,4 PCS,4 PCS,3 PCS,
001675,TGB VIVO Y11/Y12/Y12I/Y15/Y17,0 PCS,0 PCS,1 PCS,,3 PCS,,,,
001676,TGB VIVO Y12S/Y15S/Y20/Y20S/Y21/Y21S/Y33S,0 PCS,0 PCS,,,0 PCS,,,,
001677,TGB VIVO Y16 4G,0 PCS,0 PCS,1 PCS,,3 PCS,,,,
001678,TGB VIVO Y19,0 PCS,0 PCS,,,2 PCS,,,,
001679,TGB VIVO Y30/Y30I/Y50,0 PCS,0 PCS,0 PCS,,2 PCS,,0 PCS,,
001680,TGB VIVO Y31,0 PCS,0 PCS,2 PCS,,3 PCS,,,,
001681,TGB VIVO Y91/Y95,4 PCS,0 PCS,3 PCS,5 PCS,5 PCS,4 PCS,3 PCS,4 PCS,
001682,TGB VIVO Y91C/Y93,0 PCS,0 PCS,2 PCS,,2 PCS,,,,
001863,TGB VIVO V5/Y67/Y69,0 PCS,0 PCS,2 PCS,,0 PCS,1 PCS,,,
001865,TGB VIVO Y22,0 PCS,0 PCS,,,0 PCS,,,,
,,,,Bee Accounting,,,,,,,,
,15/09/2026,,,,,,,
Kode Item,Nama Item,DM (C),Gudang,PC 3 (A),PC 4 (C),PC 5 (C),PD 1 (C),PD 2 (C),RK (C),
002305,TGB VIVO Y18/ VIVO Y27,6 PCS,0 PCS,5 PCS,4 PCS,4 PCS,4 PCS,6 PCS,4 PCS,
002306,TGB VIVO Y28,6 PCS,0 PCS,6 PCS,6 PCS,4 PCS,4 PCS,5 PCS,4 PCS,
TOTAL,30.00,61.00,39.00,21.00,48.00,24.00,18.00,15.00,
Kode Item,Nama Item,SA (C),SS (C),TOTAL,,,,,,,
001295,TGB VIVO S1 PRO,,,8 PCS,,,,,,,
001296,TGB VIVO V21 4G/5G,,,17 PCS,,,,,,,
001297,TGB VIVO V7,,,19 PCS,,,,,,,
001298,TGB VIVO Y71,,,12 PCS,,,,,,,
001671,TGB VIVO V17/V19,,,8 PCS,,,,,,,
001672,TGB VIVO V20/V20 SE/V21E,,,8 PCS,,,,,,,
001673,TGB VIVO V5,,,2 PCS,,,,,,,
001674,TGB VIVO Y02 NEW/ SAM A13 5G,1 PCS,2 PCS,155 PCS,,,,,,,
001675,TGB VIVO Y11/Y12/Y12I/Y15/Y17,,,6 PCS,,,,,,,
001676,TGB VIVO Y12S/Y15S/Y20/Y20S/Y21/Y21S/Y33S,,,2 PCS,,,,,,,
001677,TGB VIVO Y16 4G,,,4 PCS,,,,,,,
001678,TGB VIVO Y19,,,5 PCS,,,,,,,
001679,TGB VIVO Y30/Y30I/Y50,,,2 PCS,,,,,,,
001680,TGB VIVO Y31,,,5 PCS,,,,,,,
001681,TGB VIVO Y91/Y95,0 PCS,1 PCS,62 PCS,,,,,,,
001682,TGB VIVO Y91C/Y93,,,4 PCS,,,,,,,
001863,TGB VIVO V5/Y67/Y69,,,11 PCS,,,,,,,
001865,TGB VIVO Y22,,,5 PCS,,,,,,,
002305,TGB VIVO Y18/ VIVO Y27,1 PCS,4 PCS,90 PCS,,,,,,,
002306,TGB VIVO Y28,0 PCS,2 PCS,110 PCS,,,,,,,
TOTAL,2.00,9.00,535.00,,,,,,,
,Merk,Model,,,,,,,,,
,VIVO,TGC,,,,,,,,,
Kode Item,Nama Item,ALFA 1 (C),ALFA 2 (C),ALFA 3 (C),ALFA 4 (C),ALFA 5 (C),ALFA 6 (C),ALFA 7 ,ASBER 1 (C),
001308,TGC VIVO V20/V20SE/V21,,,2 PCS,,0 PCS,,,,
001309,TGC VIVO Y12S/Y15S/Y20/Y20S/Y21/Y21S/Y33S,,,2 PCS,,0 PCS,,,,
001310,TGC VIVO Y22,,,2 PCS,,2 PCS,,,,
,,,,,Bee Accounting,,,,,,,,
,15/09/2026,,,,,,,,
Kode Item,Nama Item,ALFA 1 (C),ALFA 2 (C),ALFA 3 (C),ALFA 4 (C),ALFA 5 (C),ALFA 6 (C),ALFA 7 ,ASBER 1 (C),
001713,TGC VIVO V21 4G/5G,0 PCS,,1 PCS,,0 PCS,,,,
001714,TGC VIVO Y11/Y12/Y12I/Y15/Y17,0 PCS,,3 PCS,,0 PCS,,,,
001715,TGC VIVO Y71,5 PCS,3 PCS,2 PCS,,1 PCS,,,,
001716,TGC VIVO Y91/Y95,1 PCS,2 PCS,6 PCS,3 PCS,4 PCS,3 PCS,1 PCS,3 PCS,
001717,TGC VIVO Y91C/Y93,6 PCS,6 PCS,6 PCS,2 PCS,7 PCS,5 PCS,2 PCS,3 PCS,
001978,TGC VIVO Y16,0 PCS,,1 PCS,,0 PCS,,,,
001979,TGC VIVO Y19,0 PCS,,2 PCS,,0 PCS,,,,
001980,TGC VIVO Y31/Y51/Y51A,0 PCS,,2 PCS,,1 PCS,,,,
002318,TGC VIVO Y18/ VIVO Y27,3 PCS,1 PCS,4 PCS,2 PCS,0 PCS,1 PCS,0 PCS,4 PCS,
002319,TGC VIVO Y28,0 PCS,3 PCS,5 PCS,2 PCS,5 PCS,0 PCS,,4 PCS,
TOTAL,15.00,15.00,38.00,9.00,20.00,9.00,3.00,14.00,
Kode Item,Nama Item,ASBER 2 (C),BK CIJAMBE ,BK JH1 ,BK JH2 (C),BK6 ,BK7 ,BK8 BAKSAR ,BKC ,
001308,TGC VIVO V20/V20SE/V21,0 PCS,,,,,,,,
001309,TGC VIVO Y12S/Y15S/Y20/Y20S/Y21/Y21S/Y33S,,,,,,,,,
001310,TGC VIVO Y22,3 PCS,,,,,,,,
001713,TGC VIVO V21 4G/5G,3 PCS,,,,,,,,
001714,TGC VIVO Y11/Y12/Y12I/Y15/Y17,,,,,,,,,
001715,TGC VIVO Y71,1 PCS,,,,,,,,
001716,TGC VIVO Y91/Y95,2 PCS,6 PCS,0 PCS,3 PCS,2 PCS,2 PCS,2 PCS,6 PCS,
001717,TGC VIVO Y91C/Y93,1 PCS,6 PCS,0 PCS,6 PCS,,4 PCS,,6 PCS,
001978,TGC VIVO Y16,2 PCS,,,,,,,,
001979,TGC VIVO Y19,1 PCS,,,,,,,,
001980,TGC VIVO Y31/Y51/Y51A,1 PCS,,,,,,,,
002318,TGC VIVO Y18/ VIVO Y27,1 PCS,5 PCS,0 PCS,6 PCS,2 PCS,2 PCS,1 PCS,2 PCS,
002319,TGC VIVO Y28,1 PCS,6 PCS,0 PCS,6 PCS,2 PCS,2 PCS,,6 PCS,
TOTAL,16.00,23.00,0.00,21.00,6.00,10.00,3.00,20.00,
Kode Item,Nama Item,BUNISARI ,CICUKANG ,CIKADUT 2,CIPAGALO ,CISA (C),CK (C),CL 1 ,CL 2 ,
001308,TGC VIVO V20/V20SE/V21,,,,,0 PCS,,,,
001309,TGC VIVO Y12S/Y15S/Y20/Y20S/Y21/Y21S/Y33S,0 PCS,,,,2 PCS,,,,
001310,TGC VIVO Y22,0 PCS,,,,3 PCS,2 PCS,,,
001713,TGC VIVO V21 4G/5G,0 PCS,,,,2 PCS,,,,
,,,,Bee Accounting,,,,,,,,
,15/09/2026,,,,,,,
Kode Item,Nama Item,BUNISARI ,CICUKANG ,CIKADUT 2,CIPAGALO ,CISA (C),CK (C),CL 1 ,CL 2 ,
001714,TGC VIVO Y11/Y12/Y12I/Y15/Y17,0 PCS,,,,,,,,
001715,TGC VIVO Y71,0 PCS,,,,4 PCS,,,,
001716,TGC VIVO Y91/Y95,1 PCS,2 PCS,2 PCS,,7 PCS,2 PCS,2 PCS,,
001717,TGC VIVO Y91C/Y93,7 PCS,2 PCS,,2 PCS,4 PCS,0 PCS,2 PCS,2 PCS,
001978,TGC VIVO Y16,0 PCS,,,,0 PCS,,,,
001979,TGC VIVO Y19,0 PCS,,,,1 PCS,,,,
001980,TGC VIVO Y31/Y51/Y51A,0 PCS,,,,2 PCS,,,,
002318,TGC VIVO Y18/ VIVO Y27,2 PCS,0 PCS,,,4 PCS,0 PCS,2 PCS,2 PCS,
002319,TGC VIVO Y28,2 PCS,2 PCS,,,4 PCS,4 PCS,2 PCS,,
TOTAL,12.00,6.00,2.00,2.00,33.00,8.00,8.00,4.00,
Kode Item,Nama Item,CL 3 ,DM (C),Gudang,PC 3 (A),PC 4 (C),PC 5 (C),PD 1 (C),PD 2 (C),
001308,TGC VIVO V20/V20SE/V21,,1 PCS,0 PCS,,,,,,
001309,TGC VIVO Y12S/Y15S/Y20/Y20S/Y21/Y21S/Y33S,,0 PCS,0 PCS,1 PCS,,1 PCS,,0 PCS,
001310,TGC VIVO Y22,,2 PCS,0 PCS,1 PCS,,3 PCS,,,
001713,TGC VIVO V21 4G/5G,,0 PCS,0 PCS,2 PCS,,1 PCS,0 PCS,,
001714,TGC VIVO Y11/Y12/Y12I/Y15/Y17,,0 PCS,0 PCS,,,2 PCS,,,
001715,TGC VIVO Y71,,0 PCS,0 PCS,3 PCS,,1 PCS,,,
001716,TGC VIVO Y91/Y95,,5 PCS,0 PCS,9 PCS,6 PCS,4 PCS,1 PCS,0 PCS,
001717,TGC VIVO Y91C/Y93,2 PCS,3 PCS,0 PCS,5 PCS,6 PCS,3 PCS,2 PCS,3 PCS,
001978,TGC VIVO Y16,,0 PCS,0 PCS,,,0 PCS,,,
001979,TGC VIVO Y19,,0 PCS,0 PCS,,,0 PCS,,,
001980,TGC VIVO Y31/Y51/Y51A,,0 PCS,0 PCS,,,0 PCS,,,
002318,TGC VIVO Y18/ VIVO Y27,,4 PCS,0 PCS,4 PCS,6 PCS,3 PCS,1 PCS,0 PCS,
002319,TGC VIVO Y28,2 PCS,5 PCS,0 PCS,4 PCS,6 PCS,4 PCS,2 PCS,0 PCS,
TOTAL,4.00,20.00,0.00,29.00,24.00,22.00,6.00,3.00,
Kode Item,Nama Item,RK (C),SA (C),SS (C),TOTAL,,,,,,
001308,TGC VIVO V20/V20SE/V21,,,,3 PCS,,,,,,
001309,TGC VIVO Y12S/Y15S/Y20/Y20S/Y21/Y21S/Y33S,,,,6 PCS,,,,,,
001310,TGC VIVO Y22,,,,18 PCS,,,,,,
001713,TGC VIVO V21 4G/5G,,,,9 PCS,,,,,,
001714,TGC VIVO Y11/Y12/Y12I/Y15/Y17,,,,5 PCS,,,,,,
,,,,Bee Accounting,,,,,,,,
,15/09/2026,,,,,,,
Kode Item,Nama Item,RK (C),SA (C),SS (C),TOTAL,,,,,,
001715,TGC VIVO Y71,,,,20 PCS,,,,,,
001716,TGC VIVO Y91/Y95,5 PCS,2 PCS,2 PCS,96 PCS,,,,,,
001717,TGC VIVO Y91C/Y93,5 PCS,2 PCS,3 PCS,113 PCS,,,,,,
001978,TGC VIVO Y16,,,,3 PCS,,,,,,
001979,TGC VIVO Y19,,,,4 PCS,,,,,,
001980,TGC VIVO Y31/Y51/Y51A,,,,6 PCS,,,,,,
002318,TGC VIVO Y18/ VIVO Y27,5 PCS,2 PCS,0 PCS,69 PCS,,,,,,
002319,TGC VIVO Y28,6 PCS,2 PCS,0 PCS,87 PCS,,,,,,
TOTAL,21.00,8.00,5.00,439.00,,,,,,
,Merk,Model,,,,,,,,,
,VIVO,TGCS,,,,,,,,,
Kode Item,Nama Item,ALFA 1 (C),ALFA 2 (C),ALFA 3 (C),ALFA 4 (C),ALFA 5 (C),ALFA 6 (C),ASBER 1 (C),ASBER 2 (C),
001757,TGCS VIVO V21 4G/5G,0 PCS,,2 PCS,,1 PCS,,,2 PCS,
001758,TGCS VIVO V5/Y67/Y69,2 PCS,4 PCS,2 PCS,,2 PCS,,,2 PCS,
001759,TGCS VIVO Y02 NEW/ SAM A13 5G,1 PCS,,,,,,,,
001760,TGCS VIVO Y12S/Y15S/Y20/Y20S/Y21/Y21S/Y33S,0 PCS,,1 PCS,,,,,1 PCS,
001761,TGCS VIVO Y16 4G,0 PCS,,,,0 PCS,,,1 PCS,
001762,TGCS VIVO Y22,0 PCS,,2 PCS,,0 PCS,,,4 PCS,
001763,TGCS VIVO Y91/Y95,0 PCS,,1 PCS,,1 PCS,,,2 PCS,
001764,TGCS VIVO Y91C/Y93,0 PCS,,2 PCS,,2 PCS,,,3 PCS,
001988,TGCS VIVO Y31/Y51/Y51A,0 PCS,,2 PCS,,0 PCS,,,2 PCS,
002035,TGCS VIVO Y71,0 PCS,,,,0 PCS,,,1 PCS,
002617,TGCS VIVO Y18,,,,,,,,,
003010,TGCS VIVO V17/V19,0 PCS,0 PCS,0 PCS,0 PCS,0 PCS,0 PCS,0 PCS,0 PCS,
003011,TGCS VIVO Y11/Y12/Y12I/Y15/Y17,0 PCS,0 PCS,1 PCS,0 PCS,0 PCS,0 PCS,0 PCS,0 PCS,
TOTAL,3.00,4.00,13.00,0.00,6.00,0.00,0.00,18.00,
Kode Item,Nama Item,BK CIJAMBE ,BK JH1 ,BK JH2 (C),BK6 ,BK7 ,BK8 BAKSAR ,BKC ,BUNISARI ,
001757,TGCS VIVO V21 4G/5G,,,,1 PCS,,,,0 PCS,
001758,TGCS VIVO V5/Y67/Y69,,,,1 PCS,,,,0 PCS,
001759,TGCS VIVO Y02 NEW/ SAM A13 5G,,,,,,,,0 PCS,
,,,,,Bee Accounting,,,,,,,,
,15/09/2026,,,,,,,,
Kode Item,Nama Item,BK CIJAMBE ,BK JH1 ,BK JH2 (C),BK6 ,BK7 ,BK8 BAKSAR ,BKC ,BUNISARI ,
001760,TGCS VIVO Y12S/Y15S/Y20/Y20S/Y21/Y21S/Y33S,,,,1 PCS,,,,0 PCS,
001761,TGCS VIVO Y16 4G,,,,1 PCS,,,,0 PCS,
001762,TGCS VIVO Y22,,,,,,2 PCS,,0 PCS,
001763,TGCS VIVO Y91/Y95,,,,,,,,0 PCS,
001764,TGCS VIVO Y91C/Y93,,,,1 PCS,,1 PCS,,0 PCS,
001988,TGCS VIVO Y31/Y51/Y51A,,,,,,,,0 PCS,
002035,TGCS VIVO Y71,,,,,,,,0 PCS,
002617,TGCS VIVO Y18,,1 PCS,,,,,,,
003010,TGCS VIVO V17/V19,0 PCS,0 PCS,0 PCS,,0 PCS,,0 PCS,0 PCS,
003011,TGCS VIVO Y11/Y12/Y12I/Y15/Y17,0 PCS,0 PCS,0 PCS,,0 PCS,,0 PCS,0 PCS,
TOTAL,0.00,1.00,0.00,5.00,0.00,3.00,0.00,0.00,
Kode Item,Nama Item,CIPAGALO ,CISA (C),CK (C),DM (C),GUDANG ,Gudang,PC 3 (A),PC 4 (C),
001757,TGCS VIVO V21 4G/5G,1 PCS,1 PCS,,0 PCS,,0 PCS,2 PCS,,
001758,TGCS VIVO V5/Y67/Y69,,2 PCS,,0 PCS,,0 PCS,1 PCS,,
001759,TGCS VIVO Y02 NEW/ SAM A13 5G,,,,0 PCS,,0 PCS,3 PCS,,
001760,TGCS VIVO Y12S/Y15S/Y20/Y20S/Y21/Y21S/Y33S,,,0 PCS,0 PCS,,0 PCS,2 PCS,,
001761,TGCS VIVO Y16 4G,,0 PCS,,0 PCS,,0 PCS,2 PCS,,
001762,TGCS VIVO Y22,,0 PCS,0 PCS,0 PCS,,0 PCS,2 PCS,,
001763,TGCS VIVO Y91/Y95,1 PCS,2 PCS,,0 PCS,,0 PCS,5 PCS,,
001764,TGCS VIVO Y91C/Y93,,1 PCS,,0 PCS,,0 PCS,2 PCS,,
001988,TGCS VIVO Y31/Y51/Y51A,,1 PCS,,0 PCS,,0 PCS,,,
002035,TGCS VIVO Y71,,,3 PCS,0 PCS,,0 PCS,,,
002617,TGCS VIVO Y18,,,,,,,,,
003010,TGCS VIVO V17/V19,,0 PCS,0 PCS,0 PCS,0 PCS,0 PCS,3 PCS,0 PCS,
003011,TGCS VIVO Y11/Y12/Y12I/Y15/Y17,,0 PCS,0 PCS,0 PCS,0 PCS,0 PCS,1 PCS,0 PCS,
TOTAL,2.00,7.00,3.00,0.00,0.00,0.00,23.00,0.00,
Kode Item,Nama Item,PC 5 (C),PD 1 (C),PD 2 (C),RK (C),SA (C),SS (C),TOTAL,,
001757,TGCS VIVO V21 4G/5G,1 PCS,1 PCS,,,,,12 PCS,,
001758,TGCS VIVO V5/Y67/Y69,1 PCS,,,,,,17 PCS,,
001759,TGCS VIVO Y02 NEW/ SAM A13 5G,1 PCS,,,,,,5 PCS,,
,,,,Bee Accounting,,,,,,,,
,15/09/2026,,,,,,,
Kode Item,Nama Item,PC 5 (C),PD 1 (C),PD 2 (C),RK (C),SA (C),SS (C),TOTAL,,
001760,TGCS VIVO Y12S/Y15S/Y20/Y20S/Y21/Y21S/Y33S,0 PCS,1 PCS,,,,,6 PCS,,
001761,TGCS VIVO Y16 4G,1 PCS,,,,,,5 PCS,,
001762,TGCS VIVO Y22,1 PCS,,,,,,11 PCS,,
001763,TGCS VIVO Y91/Y95,1 PCS,2 PCS,,,,,15 PCS,,
001764,TGCS VIVO Y91C/Y93,1 PCS,1 PCS,,,,,14 PCS,,
001988,TGCS VIVO Y31/Y51/Y51A,0 PCS,,,,,,5 PCS,,
002035,TGCS VIVO Y71,0 PCS,1 PCS,3 PCS,,,,8 PCS,,
002617,TGCS VIVO Y18,,,,,,,1 PCS,,
003010,TGCS VIVO V17/V19,0 PCS,0 PCS,0 PCS,0 PCS,0 PCS,0 PCS,3 PCS,,
003011,TGCS VIVO Y11/Y12/Y12I/Y15/Y17,0 PCS,0 PCS,0 PCS,0 PCS,0 PCS,0 PCS,2 PCS,,
TOTAL,7.00,6.00,3.00,0.00,0.00,0.00,104.00,,
,Merk,Model,,,,,,,,,
,VIVO,TGF,,,,,,,,,
Kode Item,Nama Item,ALFA 1 (C),ALFA 2 (C),ALFA 3 (C),ALFA 4 (C),ALFA 5 (C),ALFA 6 (C),ALFA 7 ,ASBER 1 (C),
001336,TGF VIVO Y19,1 PCS,3 PCS,2 PCS,,2 PCS,,,,
001811,TGF VIVO V20,0 PCS,,,,,,,,
001812,TGF VIVO V21 4G/5G,0 PCS,3 PCS,4 PCS,0 PCS,3 PCS,,,,
001813,TGF VIVO Y11/Y12/Y12I/Y15/Y17,0 PCS,1 PCS,1 PCS,,,,,,
001814,TGF VIVO Y30/Y30I/Y50,0 PCS,1 PCS,,,2 PCS,,,,
001815,TGF VIVO Y71,0 PCS,1 PCS,2 PCS,,3 PCS,,,,
001816,TGF VIVO Y91/Y95,6 PCS,5 PCS,8 PCS,0 PCS,9 PCS,6 PCS,2 PCS,4 PCS,
001817,TGF VIVO Y91C/Y93,5 PCS,8 PCS,6 PCS,2 PCS,8 PCS,2 PCS,,4 PCS,
001889,TGF VIVO V20/V20 SE/V21E,0 PCS,2 PCS,1 PCS,,,,,,
001890,TGF VIVO V5/Y67/Y69,1 PCS,3 PCS,2 PCS,,2 PCS,,,,
001891,TGF VIVO Y31/Y51/Y51A,0 PCS,1 PCS,2 PCS,0 PCS,2 PCS,,,,
001998,TGF VIVO V17,0 PCS,1 PCS,2 PCS,,2 PCS,,,,
001999,TGF VIVO V20/V20SE/V21E,0 PCS,,,,2 PCS,,,,
002000,TGF VIVO Y16,0 PCS,,2 PCS,,2 PCS,,,,
002001,TGF VIVO Y22,0 PCS,,,,1 PCS,,,,
002329,TGF VIVO Y18/ VIVO Y27,5 PCS,4 PCS,6 PCS,0 PCS,6 PCS,2 PCS,,4 PCS,
002330,TGF VIVO Y28,6 PCS,6 PCS,5 PCS,1 PCS,6 PCS,4 PCS,,4 PCS,
003037,TGF VIVO Y12S/Y15S/Y20/Y20S/Y21/Y21S/Y33S,0 PCS,1 PCS,1 PCS,0 PCS,0 PCS,0 PCS,,0 PCS,
,,,,,Bee Accounting,,,,,,,,
,15/09/2026,,,,,,,,
Kode Item,Nama Item,ALFA 1 (C),ALFA 2 (C),ALFA 3 (C),ALFA 4 (C),ALFA 5 (C),ALFA 6 (C),ALFA 7 ,ASBER 1 (C),
003038,TGF VIVO Y91/Y95,0 PCS,2 PCS,2 PCS,0 PCS,0 PCS,0 PCS,,0 PCS,
TOTAL,24.00,42.00,46.00,3.00,50.00,14.00,2.00,16.00,
Kode Item,Nama Item,ASBER 2 (C),BK CIJAMBE ,BK JH1 ,BK JH2 (C),BK6 ,BK7 ,BKC ,BUNISARI ,
001336,TGF VIVO Y19,2 PCS,,,,,,,,
001811,TGF VIVO V20,,,,,,,,0 PCS,
001812,TGF VIVO V21 4G/5G,3 PCS,,,,,,,0 PCS,
001813,TGF VIVO Y11/Y12/Y12I/Y15/Y17,,,,,,,,0 PCS,
001814,TGF VIVO Y30/Y30I/Y50,2 PCS,,,,,,,0 PCS,
001815,TGF VIVO Y71,1 PCS,,,,,,,0 PCS,
001816,TGF VIVO Y91/Y95,3 PCS,5 PCS,3 PCS,8 PCS,2 PCS,4 PCS,4 PCS,1 PCS,
001817,TGF VIVO Y91C/Y93,5 PCS,5 PCS,3 PCS,6 PCS,2 PCS,4 PCS,4 PCS,0 PCS,
001889,TGF VIVO V20/V20 SE/V21E,,,,,,,,0 PCS,
001890,TGF VIVO V5/Y67/Y69,1 PCS,,,,,,,0 PCS,
001891,TGF VIVO Y31/Y51/Y51A,2 PCS,,,,,,,0 PCS,
001998,TGF VIVO V17,2 PCS,,,,,,,0 PCS,
001999,TGF VIVO V20/V20SE/V21E,,,,,,,,0 PCS,
002000,TGF VIVO Y16,,,,,,,,0 PCS,
002001,TGF VIVO Y22,2 PCS,,,,,,,0 PCS,
002329,TGF VIVO Y18/ VIVO Y27,6 PCS,0 PCS,1 PCS,4 PCS,2 PCS,1 PCS,4 PCS,0 PCS,
002330,TGF VIVO Y28,4 PCS,6 PCS,3 PCS,8 PCS,,2 PCS,6 PCS,1 PCS,
003037,TGF VIVO Y12S/Y15S/Y20/Y20S/Y21/Y21S/Y33S,0 PCS,0 PCS,0 PCS,0 PCS,,0 PCS,0 PCS,0 PCS,
003038,TGF VIVO Y91/Y95,1 PCS,0 PCS,0 PCS,0 PCS,,0 PCS,0 PCS,0 PCS,
TOTAL,34.00,16.00,10.00,26.00,6.00,11.00,18.00,2.00,
Kode Item,Nama Item,CICUKANG ,CISA (C),CK (C),CL 1 ,CL 2 ,CL 3 ,DM (C),GUDANG ,
001336,TGF VIVO Y19,,1 PCS,0 PCS,,,,1 PCS,,
001811,TGF VIVO V20,,,,,,,0 PCS,,
001812,TGF VIVO V21 4G/5G,,1 PCS,1 PCS,,,,0 PCS,,
001813,TGF VIVO Y11/Y12/Y12I/Y15/Y17,,,,,,,0 PCS,,
001814,TGF VIVO Y30/Y30I/Y50,,0 PCS,,,,,0 PCS,,
001815,TGF VIVO Y71,,2 PCS,1 PCS,,,,0 PCS,,
001816,TGF VIVO Y91/Y95,0 PCS,5 PCS,2 PCS,2 PCS,2 PCS,4 PCS,5 PCS,,
001817,TGF VIVO Y91C/Y93,1 PCS,4 PCS,1 PCS,2 PCS,2 PCS,2 PCS,2 PCS,,
,,,,Bee Accounting,,,,,,,,
,15/09/2026,,,,,,,
Kode Item,Nama Item,CICUKANG ,CISA (C),CK (C),CL 1 ,CL 2 ,CL 3 ,DM (C),GUDANG ,
001889,TGF VIVO V20/V20 SE/V21E,,0 PCS,,,,,0 PCS,,
001890,TGF VIVO V5/Y67/Y69,,2 PCS,,,,,0 PCS,,
001891,TGF VIVO Y31/Y51/Y51A,,1 PCS,,,,,0 PCS,,
001998,TGF VIVO V17,,2 PCS,,,,,0 PCS,,
001999,TGF VIVO V20/V20SE/V21E,,,,,,,0 PCS,,
002000,TGF VIVO Y16,,1 PCS,,,,,0 PCS,,
002001,TGF VIVO Y22,,0 PCS,,,,,0 PCS,,
002329,TGF VIVO Y18/ VIVO Y27,1 PCS,0 PCS,1 PCS,0 PCS,2 PCS,2 PCS,3 PCS,,
002330,TGF VIVO Y28,2 PCS,0 PCS,0 PCS,2 PCS,2 PCS,4 PCS,1 PCS,,
003037,TGF VIVO Y12S/Y15S/Y20/Y20S/Y21/Y21S/Y33S,,0 PCS,0 PCS,,,,0 PCS,0 PCS,
003038,TGF VIVO Y91/Y95,,3 PCS,0 PCS,,,,0 PCS,0 PCS,
TOTAL,4.00,22.00,6.00,6.00,8.00,12.00,12.00,0.00,
Kode Item,Nama Item,Gudang,PC 3 (A),PC 4 (C),PC 5 (C),PD 1 (C),PD 2 (C),RK (C),SA (C),
001336,TGF VIVO Y19,0 PCS,4 PCS,,2 PCS,,,,,
001811,TGF VIVO V20,0 PCS,,,1 PCS,,,,,
001812,TGF VIVO V21 4G/5G,0 PCS,4 PCS,,2 PCS,2 PCS,,,,
001813,TGF VIVO Y11/Y12/Y12I/Y15/Y17,0 PCS,1 PCS,,1 PCS,,1 PCS,,,
001814,TGF VIVO Y30/Y30I/Y50,0 PCS,1 PCS,,2 PCS,,,,,
001815,TGF VIVO Y71,0 PCS,2 PCS,,1 PCS,2 PCS,3 PCS,,,
001816,TGF VIVO Y91/Y95,0 PCS,6 PCS,5 PCS,2 PCS,6 PCS,6 PCS,4 PCS,2 PCS,
001817,TGF VIVO Y91C/Y93,0 PCS,5 PCS,6 PCS,7 PCS,8 PCS,6 PCS,6 PCS,2 PCS,
001889,TGF VIVO V20/V20 SE/V21E,0 PCS,,,0 PCS,,,,,
001890,TGF VIVO V5/Y67/Y69,0 PCS,,,0 PCS,,,,,
001891,TGF VIVO Y31/Y51/Y51A,0 PCS,,,0 PCS,,,,,
001998,TGF VIVO V17,0 PCS,1 PCS,,0 PCS,,,,,
001999,TGF VIVO V20/V20SE/V21E,0 PCS,,,0 PCS,,,,,
002000,TGF VIVO Y16,0 PCS,,,0 PCS,,,,,
002001,TGF VIVO Y22,0 PCS,0 PCS,,0 PCS,,,,,
002329,TGF VIVO Y18/ VIVO Y27,0 PCS,3 PCS,5 PCS,0 PCS,6 PCS,6 PCS,2 PCS,2 PCS,
002330,TGF VIVO Y28,0 PCS,6 PCS,6 PCS,4 PCS,6 PCS,6 PCS,3 PCS,2 PCS,
003037,TGF VIVO Y12S/Y15S/Y20/Y20S/Y21/Y21S/Y33S,0 PCS,0 PCS,0 PCS,0 PCS,0 PCS,0 PCS,0 PCS,0 PCS,
,,,,Bee Accounting,,,,,,,,
,15/09/2026,,,,,,,
Kode Item,Nama Item,Gudang,PC 3 (A),PC 4 (C),PC 5 (C),PD 1 (C),PD 2 (C),RK (C),SA (C),
003038,TGF VIVO Y91/Y95,0 PCS,0 PCS,0 PCS,0 PCS,0 PCS,0 PCS,0 PCS,0 PCS,
TOTAL,0.00,33.00,22.00,22.00,30.00,28.00,15.00,8.00,
Kode Item,Nama Item,SS (C),TOTAL,,,,,,,,
001336,TGF VIVO Y19,,18 PCS,,,,,,,,
001811,TGF VIVO V20,,1 PCS,,,,,,,,
001812,TGF VIVO V21 4G/5G,,23 PCS,,,,,,,,
001813,TGF VIVO Y11/Y12/Y12I/Y15/Y17,,5 PCS,,,,,,,,
001814,TGF VIVO Y30/Y30I/Y50,,8 PCS,,,,,,,,
001815,TGF VIVO Y71,,18 PCS,,,,,,,,
001816,TGF VIVO Y91/Y95,2 PCS,123 PCS,,,,,,,,
001817,TGF VIVO Y91C/Y93,3 PCS,121 PCS,,,,,,,,
001889,TGF VIVO V20/V20 SE/V21E,,3 PCS,,,,,,,,
001890,TGF VIVO V5/Y67/Y69,,11 PCS,,,,,,,,
001891,TGF VIVO Y31/Y51/Y51A,,8 PCS,,,,,,,,
001998,TGF VIVO V17,,10 PCS,,,,,,,,
001999,TGF VIVO V20/V20SE/V21E,,2 PCS,,,,,,,,
002000,TGF VIVO Y16,,5 PCS,,,,,,,,
002001,TGF VIVO Y22,,3 PCS,,,,,,,,
002329,TGF VIVO Y18/ VIVO Y27,4 PCS,82 PCS,,,,,,,,
002330,TGF VIVO Y28,4 PCS,110 PCS,,,,,,,,
003037,TGF VIVO Y12S/Y15S/Y20/Y20S/Y21/Y21S/Y33S,0 PCS,2 PCS,,,,,,,,
003038,TGF VIVO Y91/Y95,0 PCS,8 PCS,,,,,,,,
TOTAL,13.00,561.00,,,,,,,,
,Merk,Model,,,,,,,,,
,< kosong >,TEMPERED GLASS,,,,,,,,,
Kode Item,Nama Item,ALFA 1 (C),ALFA 2 (C),ALFA 3 (C),ALFA 4 (C),ALFA 5 (C),ALFA 6 (C),ALFA 7 ,ASBER 1 (C),
003053,HIDROJEL ANTI BLUE,0 PCS,0 PCS,0 PCS,0 PCS,0 PCS,0 PCS,34 PCS,0 PCS,
003054,HIDROJEL ANTI GLARE,0 PCS,0 PCS,0 PCS,0 PCS,0 PCS,0 PCS,28 PCS,0 PCS,
003055,HIDROJEL BENING,0 PCS,0 PCS,0 PCS,0 PCS,0 PCS,0 PCS,165 PCS,0 PCS,
TOTAL,0.00,0.00,0.00,0.00,0.00,0.00,227.00,0.00,
Kode Item,Nama Item,ASBER 2 (C),BK CIJAMBE ,BK JH1 ,BK JH2 (C),BK7 ,BKC ,BUNISARI ,CISA (C),
003053,HIDROJEL ANTI BLUE,0 PCS,0 PCS,0 PCS,0 PCS,0 PCS,0 PCS,0 PCS,0 PCS,
,,,,,Bee Accounting,,,,,,,,
,15/09/2026,,,,,,,,
Kode Item,Nama Item,ASBER 2 (C),BK CIJAMBE ,BK JH1 ,BK JH2 (C),BK7 ,BKC ,BUNISARI ,CISA (C),
003054,HIDROJEL ANTI GLARE,0 PCS,0 PCS,0 PCS,0 PCS,0 PCS,0 PCS,0 PCS,0 PCS,
003055,HIDROJEL BENING,0 PCS,0 PCS,0 PCS,0 PCS,0 PCS,0 PCS,0 PCS,0 PCS,
TOTAL,0.00,0.00,0.00,0.00,0.00,0.00,0.00,0.00,
Kode Item,Nama Item,CK (C),DM (C),GUDANG ,Gudang,PC 3 (A),PC 4 (C),PC 5 (C),PD 1 (C),
003053,HIDROJEL ANTI BLUE,0 PCS,0 PCS,0 PCS,0 PCS,0 PCS,0 PCS,0 PCS,0 PCS,
003054,HIDROJEL ANTI GLARE,0 PCS,0 PCS,0 PCS,0 PCS,0 PCS,0 PCS,0 PCS,0 PCS,
003055,HIDROJEL BENING,0 PCS,0 PCS,0 PCS,0 PCS,0 PCS,0 PCS,0 PCS,0 PCS,
TOTAL,0.00,0.00,0.00,0.00,0.00,0.00,0.00,0.00,
Kode Item,Nama Item,PD 2 (C),RK (C),SA (C),SS (C),TOTAL,,,,,
003053,HIDROJEL ANTI BLUE,0 PCS,0 PCS,0 PCS,0 PCS,34 PCS,,,,,
003054,HIDROJEL ANTI GLARE,0 PCS,0 PCS,0 PCS,0 PCS,28 PCS,,,,,
003055,HIDROJEL BENING,0 PCS,0 PCS,0 PCS,0 PCS,165 PCS,,,,,
TOTAL,0.00,0.00,0.00,0.00,227.00,,,,,
,Merk,Model,,,,,,,,,
,< kosong >,< kosong >,,,,,,,,,
Kode Item,Nama Item,ALFA 1 (C),ALFA 2 (C),ALFA 3 (C),ALFA 6 (C),ASBER 2 (C),BUNISARI ,CK (C),DM (C),
001064,ACC KABEL DATA ROBOT RT-CD100,,0 PCS,5 PCS,6 PCS,7 PCS,5 PCS,8 PCS,0 PCS,
001084,ACC MMC VIVAN 64 GB CLASS 10,2 PCS,,,,,0 PCS,,1 PCS,
002606,HF ONLITE JADUL,,0 PCS,,,,,,,
002607,KABEL MAESTRO,,0 PCS,,,,,,,
TOTAL,2.00,0.00,5.00,6.00,7.00,5.00,8.00,1.00,
Kode Item,Nama Item,Gudang,RK (C),TOTAL,,,,,,,
001064,ACC KABEL DATA ROBOT RT-CD100,0 PCS,1 PCS,32 PCS,,,,,,,
001084,ACC MMC VIVAN 64 GB CLASS 10,0 PCS,,3 PCS,,,,,,,
002606,HF ONLITE JADUL,,,0 PCS,,,,,,,
002607,KABEL MAESTRO,,,0 PCS,,,,,,,
TOTAL,0.00,1.00,35.00,,,,,,,
,Group,,,,,,,,,,,,
,ACC CAMPURAN NEW,,,,,,,,,,,,
,,,,,Bee Accounting,,,,,,,,
,15/09/2026,,,,,,,,
,Merk,Model,,,,,,,,,
,CAMPURAN,HOLDER HP,,,,,,,,,
Kode Item,Nama Item,ALFA 1 (C),ALFA 2 (C),ALFA 3 (C),ALFA 4 (C),ALFA 5 (C),ALFA 6 (C),ALFA 7 ,ASBER 1 (C),
002705,PHONE STAND RABBIT,4 PCS,5 PCS,2 PCS,1 PCS,4 PCS,4 PCS,5 PCS,3 PCS,
TOTAL,4.00,5.00,2.00,1.00,4.00,4.00,5.00,3.00,
Kode Item,Nama Item,ASBER 2 (C),BK CIJAMBE ,BK JH1 ,BK JH2 (C),BK5 CIGER ,BK6 ,BK7 ,BK8 BAKSAR ,
002705,PHONE STAND RABBIT,6 PCS,5 PCS,3 PCS,3 PCS,4 PCS,5 PCS,5 PCS,4 PCS,
TOTAL,6.00,5.00,3.00,3.00,4.00,5.00,5.00,4.00,
Kode Item,Nama Item,BK9 BAKSAR ,BKC ,BUNISARI ,CICUKANG ,CIKADUT 2,CIPADUNG 2 ,CIPAGALO ,CIPOREAT,
002705,PHONE STAND RABBIT,7 PCS,2 PCS,3 PCS,5 PCS,2 PCS,2 PCS,4 PCS,4 PCS,
TOTAL,7.00,2.00,3.00,5.00,2.00,2.00,4.00,4.00,
Kode Item,Nama Item,CISA (C),CK (C),CL 1 ,CL 2 ,CL 3 ,DM (C),Gudang,PC 3 (A),
002705,PHONE STAND RABBIT,4 PCS,4 PCS,3 PCS,2 PCS,6 PCS,4 PCS,0 PCS,4 PCS,
TOTAL,4.00,4.00,3.00,2.00,6.00,4.00,0.00,4.00,
Kode Item,Nama Item,PC 4 (C),PC 5 (C),PD 1 (C),PD 2 (C),PD 3 (C),RK (C),SA (C),SS (C),
002705,PHONE STAND RABBIT,5 PCS,6 PCS,2 PCS,5 PCS,3 PCS,3 PCS,5 PCS,5 PCS,
TOTAL,5.00,6.00,2.00,5.00,3.00,3.00,5.00,5.00,
Kode Item,Nama Item,TOTAL,,,,,,,,,
002705,PHONE STAND RABBIT,153 PCS,,,,,,,,,
TOTAL,153.00,,,,,,,,,
,Merk,Model,,,,,,,,,
,CAMPURAN,KABEL DATA,,,,,,,,,
Kode Item,Nama Item,ALFA 1 (C),ALFA 2 (C),ALFA 4 (C),ALFA 5 (C),ASBER 1 (C),ASBER 2 (C),BK CIJAMBE ,BK JH1 ,
001066,KABEL DATA TYPE C MI TURBO FAST CHARGING 6A,0 PCS,0 PCS,0 PCS,0 PCS,0 PCS,1 PCS,0 PCS,0 PCS,
TOTAL,0.00,0.00,0.00,0.00,0.00,1.00,0.00,0.00,
Kode Item,Nama Item,BK JH2 (C),BK7 ,BUNISARI ,CK (C),DM (C),Gudang,PC 3 (A),PC 5 (C),
001066,KABEL DATA TYPE C MI TURBO FAST CHARGING 6A,0 PCS,0 PCS,0 PCS,0 PCS,0 PCS,0 PCS,0 PCS,0 PCS,
TOTAL,0.00,0.00,0.00,0.00,0.00,0.00,0.00,0.00,
,,,,,Bee Accounting,,,,,,,,
,15/09/2026,,,,,,,,
Kode Item,Nama Item,PD 1 (C),PD 2 (C),RK (C),SA (C),SS (C),TOTAL,,,
001066,KABEL DATA TYPE C MI TURBO FAST CHARGING 6A,0 PCS,0 PCS,0 PCS,3 PCS,0 PCS,4 PCS,,,
TOTAL,0.00,0.00,0.00,3.00,0.00,4.00,,,
,Merk,Model,,,,,,,,,
,CAMPURAN,TGB,,,,,,,,,
Kode Item,Nama Item,Gudang,TOTAL,,,,,,,,
002935,TGB TAB MATE PAD SE 11,1 PCS,1 PCS,,,,,,,,
TOTAL,1.00,1.00,,,,,,,,
,Merk,Model,,,,,,,,,
,CAMPURAN,WATERPROOF,,,,,,,,,
Kode Item,Nama Item,ALFA 1 (C),ALFA 2 (C),ALFA 3 (C),ALFA 4 (C),ALFA 5 (C),ALFA 6 (C),ALFA 7 ,ASBER 1 (C),
001832,WATERPROOF,11 PCS,13 PCS,11 PCS,5 PCS,13 PCS,14 PCS,6 PCS,12 PCS,
TOTAL,11.00,13.00,11.00,5.00,13.00,14.00,6.00,12.00,
Kode Item,Nama Item,ASBER 2 (C),BK CIJAMBE ,BK JH1 ,BK JH2 (C),BK5 CIGER ,BK6 ,BK7 ,BK8 BAKSAR ,
001832,WATERPROOF,5 PCS,10 PCS,11 PCS,11 PCS,21 PCS,18 PCS,21 PCS,7 PCS,
TOTAL,5.00,10.00,11.00,11.00,21.00,18.00,21.00,7.00,
Kode Item,Nama Item,BK9 BAKSAR ,BKC ,BUNISARI ,CICUKANG ,CIHAURKUK,CIKADUT 2,CIPADUNG 2 ,CIPAGALO ,
001832,WATERPROOF,8 PCS,8 PCS,12 PCS,26 PCS,25 PCS,7 PCS,13 PCS,10 PCS,
TOTAL,8.00,8.00,12.00,26.00,25.00,7.00,13.00,10.00,
Kode Item,Nama Item,CIPOREAT,CISA (C),CK (C),CL 1 ,CL 2 ,CL 3 ,DM (C),Gudang,
001832,WATERPROOF,8 PCS,16 PCS,8 PCS,10 PCS,7 PCS,10 PCS,13 PCS,1 PCS,
TOTAL,8.00,16.00,8.00,10.00,7.00,10.00,13.00,1.00,
Kode Item,Nama Item,PC 3 (A),PC 4 (C),PC 5 (C),PD 1 (C),PD 2 (C),PD 3 (C),RK (C),SA (C),
001832,WATERPROOF,7 PCS,6 PCS,12 PCS,10 PCS,13 PCS,13 PCS,13 PCS,8 PCS,
TOTAL,7.00,6.00,12.00,10.00,13.00,13.00,13.00,8.00,
Kode Item,Nama Item,SS (C),TOTAL,,,,,,,,
001832,WATERPROOF,13 PCS,466 PCS,,,,,,,,
TOTAL,13.00,466.00,,,,,,,,
,Merk,Model,,,,,,,,,
,CAMPURAN,< kosong >,,,,,,,,,
,,,,,Bee Accounting,,,,,,,,
,15/09/2026,,,,,,,,
Kode Item,Nama Item,ALFA 1 (C),ALFA 2 (C),ALFA 3 (C),ALFA 4 (C),ALFA 5 (C),ALFA 6 (C),ALFA 7 ,ASBER 1 (C),
002706,PELINDUNG KABEL CHARGER 1 SET,2 PCS,1 PCS,1 PCS,1 PCS,2 PCS,2 PCS,1 PCS,0 PCS,
002707,GANTUNGAN HP MOTIF GELANG TEBAL,3 PCS,7 PCS,3 PCS,3 PCS,1 PCS,3 PCS,2 PCS,2 PCS,
002847,GANTUNGAN HP/KUNCI,5 PCS,5 PCS,4 PCS,5 PCS,4 PCS,4 PCS,3 PCS,4 PCS,
002848,GANTUNGAN HP MOTIF GELANG TIPIS,2 PCS,,,0 PCS,,,2 PCS,4 PCS,
002849,GANTUNGAN HP KALUNG BIRU,1 PCS,1 PCS,1 PCS,1 PCS,1 PCS,1 PCS,0 PCS,1 PCS,
002850,GANTUNGAN HP KALUNG PINK UNGU,2 PCS,2 PCS,2 PCS,2 PCS,2 PCS,2 PCS,0 PCS,2 PCS,
002869,ACC CERMIN MINI MACBOOK,3 PCS,3 PCS,3 PCS,2 PCS,3 PCS,3 PCS,2 PCS,3 PCS,
TOTAL,18.00,19.00,14.00,14.00,13.00,15.00,10.00,16.00,
Kode Item,Nama Item,ASBER 2 (C),BK CIJAMBE ,BK JH1 ,BK JH2 (C),BK5 CIGER ,BK6 ,BK7 ,BK8 BAKSAR ,
002706,PELINDUNG KABEL CHARGER 1 SET,2 PCS,2 PCS,1 PCS,2 PCS,3 PCS,2 PCS,0 PCS,1 PCS,
002707,GANTUNGAN HP MOTIF GELANG TEBAL,2 PCS,3 PCS,0 PCS,2 PCS,6 PCS,9 PCS,2 PCS,4 PCS,
002847,GANTUNGAN HP/KUNCI,5 PCS,4 PCS,4 PCS,5 PCS,5 PCS,4 PCS,5 PCS,4 PCS,
002848,GANTUNGAN HP MOTIF GELANG TIPIS,,,0 PCS,,,,1 PCS,,
002849,GANTUNGAN HP KALUNG BIRU,1 PCS,1 PCS,0 PCS,1 PCS,1 PCS,1 PCS,0 PCS,1 PCS,
002850,GANTUNGAN HP KALUNG PINK UNGU,2 PCS,2 PCS,2 PCS,2 PCS,2 PCS,2 PCS,1 PCS,1 PCS,
002869,ACC CERMIN MINI MACBOOK,3 PCS,3 PCS,3 PCS,3 PCS,3 PCS,3 PCS,3 PCS,3 PCS,
TOTAL,15.00,15.00,10.00,15.00,20.00,21.00,12.00,14.00,
Kode Item,Nama Item,BK9 BAKSAR ,BKC ,BUNISARI ,CICUKANG ,CIKADUT 2,CIPADUNG 2 ,CIPAGALO ,CIPOREAT,
002706,PELINDUNG KABEL CHARGER 1 SET,0 PCS,1 PCS,1 PCS,2 PCS,,0 PCS,1 PCS,,
002707,GANTUNGAN HP MOTIF GELANG TEBAL,5 PCS,2 PCS,4 PCS,3 PCS,2 PCS,1 PCS,3 PCS,,
002847,GANTUNGAN HP/KUNCI,5 PCS,1 PCS,3 PCS,5 PCS,3 PCS,4 PCS,4 PCS,4 PCS,
002848,GANTUNGAN HP MOTIF GELANG TIPIS,,,,,,1 PCS,,,
002849,GANTUNGAN HP KALUNG BIRU,0 PCS,1 PCS,0 PCS,1 PCS,1 PCS,1 PCS,1 PCS,1 PCS,
002850,GANTUNGAN HP KALUNG PINK UNGU,1 PCS,0 PCS,2 PCS,2 PCS,2 PCS,2 PCS,2 PCS,2 PCS,
002869,ACC CERMIN MINI MACBOOK,3 PCS,3 PCS,2 PCS,1 PCS,3 PCS,3 PCS,3 PCS,3 PCS,
TOTAL,14.00,8.00,12.00,14.00,11.00,12.00,14.00,10.00,
,,,,Bee Accounting,,,,,,,,
,15/09/2026,,,,,,,
Kode Item,Nama Item,CISA (C),CK (C),CL 1 ,CL 2 ,CL 3 ,DM (C),Gudang,PC 3 (A),
002706,PELINDUNG KABEL CHARGER 1 SET,1 PCS,2 PCS,2 PCS,,,0 PCS,0 PCS,0 PCS,
002707,GANTUNGAN HP MOTIF GELANG TEBAL,3 PCS,6 PCS,5 PCS,3 PCS,7 PCS,3 PCS,0 PCS,3 PCS,
002847,GANTUNGAN HP/KUNCI,4 PCS,3 PCS,4 PCS,5 PCS,5 PCS,2 PCS,0 PCS,4 PCS,
002848,GANTUNGAN HP MOTIF GELANG TIPIS,0 PCS,,,1 PCS,,0 PCS,0 PCS,,
002849,GANTUNGAN HP KALUNG BIRU,0 PCS,1 PCS,1 PCS,1 PCS,1 PCS,1 PCS,0 PCS,1 PCS,
002850,GANTUNGAN HP KALUNG PINK UNGU,2 PCS,2 PCS,2 PCS,2 PCS,2 PCS,2 PCS,0 PCS,2 PCS,
002869,ACC CERMIN MINI MACBOOK,2 PCS,3 PCS,1 PCS,3 PCS,1 PCS,2 PCS,0 PCS,3 PCS,
TOTAL,12.00,17.00,15.00,15.00,16.00,10.00,0.00,13.00,
Kode Item,Nama Item,PC 4 (C),PC 5 (C),PD 1 (C),PD 2 (C),PD 3 (C),RK (C),SA (C),SS (C),
002706,PELINDUNG KABEL CHARGER 1 SET,1 PCS,0 PCS,1 PCS,2 PCS,0 PCS,0 PCS,0 PCS,1 PCS,
002707,GANTUNGAN HP MOTIF GELANG TEBAL,5 PCS,7 PCS,2 PCS,2 PCS,1 PCS,0 PCS,3 PCS,6 PCS,
002847,GANTUNGAN HP/KUNCI,5 PCS,3 PCS,2 PCS,5 PCS,4 PCS,3 PCS,3 PCS,4 PCS,
002848,GANTUNGAN HP MOTIF GELANG TIPIS,,,,,0 PCS,0 PCS,,,
002849,GANTUNGAN HP KALUNG BIRU,1 PCS,0 PCS,1 PCS,1 PCS,1 PCS,1 PCS,0 PCS,1 PCS,
002850,GANTUNGAN HP KALUNG PINK UNGU,1 PCS,2 PCS,1 PCS,2 PCS,2 PCS,1 PCS,0 PCS,2 PCS,
002869,ACC CERMIN MINI MACBOOK,3 PCS,3 PCS,3 PCS,3 PCS,3 PCS,1 PCS,3 PCS,3 PCS,
TOTAL,16.00,15.00,10.00,15.00,11.00,6.00,9.00,17.00,
Kode Item,Nama Item,TOTAL,,,,,,,,,
002706,PELINDUNG KABEL CHARGER 1 SET,38 PCS,,,,,,,,,
002707,GANTUNGAN HP MOTIF GELANG TEBAL,128 PCS,,,,,,,,,
002847,GANTUNGAN HP/KUNCI,155 PCS,,,,,,,,,
002848,GANTUNGAN HP MOTIF GELANG TIPIS,11 PCS,,,,,,,,,
002849,GANTUNGAN HP KALUNG BIRU,31 PCS,,,,,,,,,
002850,GANTUNGAN HP KALUNG PINK UNGU,66 PCS,,,,,,,,,
002869,ACC CERMIN MINI MACBOOK,104 PCS,,,,,,,,,
TOTAL,533.00,,,,,,,,,
,,,,Bee Accounting,,,,,,,,
,15/09/2026,,,,,,,
,Merk,Model,,,,,,,,,
,FOOMEE,CAR CHARGER,,,,,,,,,
Kode Item,Nama Item,ALFA 1 (C),ALFA 2 (C),ALFA 3 (C),ALFA 4 (C),ALFA 5 (C),ALFA 6 (C),ASBER 1 (C),ASBER 2 (C),
002258,CAR CHARGER FOOMEE BH22,0 PCS,0 PCS,0 PCS,0 PCS,0 PCS,0 PCS,0 PCS,1 PCS,
TOTAL,0.00,0.00,0.00,0.00,0.00,0.00,0.00,1.00,
Kode Item,Nama Item,BK CIJAMBE ,BK JH1 ,BK JH2 (C),BK7 ,BKC ,BUNISARI ,CISA (C),CK (C),
002258,CAR CHARGER FOOMEE BH22,1 PCS,0 PCS,0 PCS,0 PCS,0 PCS,0 PCS,0 PCS,0 PCS,
TOTAL,1.00,0.00,0.00,0.00,0.00,0.00,0.00,0.00,
Kode Item,Nama Item,DM (C),Gudang,PC 3 (A),PC 4 (C),PC 5 (C),PD 1 (C),PD 2 (C),RK (C),
002258,CAR CHARGER FOOMEE BH22,0 PCS,0 PCS,0 PCS,0 PCS,0 PCS,0 PCS,0 PCS,0 PCS,
TOTAL,0.00,0.00,0.00,0.00,0.00,0.00,0.00,0.00,
Kode Item,Nama Item,SA (C),SS (C),TOTAL,,,,,,,
002258,CAR CHARGER FOOMEE BH22,0 PCS,0 PCS,2 PCS,,,,,,,
TOTAL,0.00,0.00,2.00,,,,,,,
,Merk,Model,,,,,,,,,
,FOOMEE,HANDSFREE,,,,,,,,,
Kode Item,Nama Item,ALFA 1 (C),ALFA 2 (C),ALFA 4 (C),ALFA 5 (C),ALFA 6 (C),ASBER 1 (C),ASBER 2 (C),BK CIJAMBE ,
001003,HF FOOMEE QA05,0 PCS,0 PCS,0 PCS,0 PCS,0 PCS,0 PCS,0 PCS,0 PCS,
TOTAL,0.00,0.00,0.00,0.00,0.00,0.00,0.00,0.00,
Kode Item,Nama Item,BK JH1 ,BK JH2 (C),BKC ,BUNISARI ,CISA (C),CK (C),DM (C),Gudang,
001003,HF FOOMEE QA05,0 PCS,0 PCS,0 PCS,0 PCS,0 PCS,0 PCS,0 PCS,0 PCS,
TOTAL,0.00,0.00,0.00,0.00,0.00,0.00,0.00,0.00,
Kode Item,Nama Item,PC 3 (A),PC 4 (C),PC 5 (C),PD 2 (C),RK (C),SA (C),SS (C),TOTAL,
001003,HF FOOMEE QA05,1 PCS,0 PCS,0 PCS,2 PCS,0 PCS,0 PCS,0 PCS,3 PCS,
TOTAL,1.00,0.00,0.00,2.00,0.00,0.00,0.00,3.00,
,Merk,Model,,,,,,,,,
,INFINIX,CHARGER,,,,,,,,,
Kode Item,Nama Item,ALFA 1 (C),ALFA 3 (C),ALFA 5 (C),ASBER 2 (C),BUNISARI ,CISA (C),CK (C),DM (C),
001934,DOVE INFINIX SMART 6,0 PCS,1 PCS,1 PCS,0 PCS,0 PCS,0 PCS,0 PCS,0 PCS,
TOTAL,0.00,1.00,1.00,0.00,0.00,0.00,0.00,0.00,
,,,,,Bee Accounting,,,,,,,,
,15/09/2026,,,,,,,,
Kode Item,Nama Item,Gudang,PC 5 (C),TOTAL,,,,,,,
001934,DOVE INFINIX SMART 6,0 PCS,0 PCS,2 PCS,,,,,,,
TOTAL,0.00,0.00,2.00,,,,,,,
,Merk,Model,,,,,,,,,
,INFINIX,TEMPERED GLASS,,,,,,,,,
Kode Item,Nama Item,ALFA 1 (C),ALFA 2 (C),ALFA 3 (C),ALFA 4 (C),ALFA 5 (C),ALFA 6 (C),ALFA 7 ,ASBER 1 (C),
002350,TGS INFINIX HOT 9/NOTE 7 LITE,1 PCS,2 PCS,2 PCS,1 PCS,2 PCS,2 PCS,1 PCS,2 PCS,
002351,TGS INFINIX HOT 9 PLAY/10 PLAY/11 PLAY,1 PCS,2 PCS,2 PCS,0 PCS,2 PCS,0 PCS,1 PCS,1 PCS,
002352,TGS INFINIX HOT 12,1 PCS,0 PCS,1 PCS,0 PCS,2 PCS,0 PCS,,1 PCS,
002353,TGS INFINIX HOT 12 PRO,1 PCS,1 PCS,2 PCS,1 PCS,2 PCS,0 PCS,,1 PCS,
TOTAL,4.00,5.00,7.00,2.00,8.00,2.00,2.00,5.00,
Kode Item,Nama Item,ASBER 2 (C),BK CIJAMBE ,BK JH1 ,BK JH2 (C),BK6 ,BK7 ,BKC ,BUNISARI ,
002350,TGS INFINIX HOT 9/NOTE 7 LITE,1 PCS,2 PCS,1 PCS,2 PCS,1 PCS,1 PCS,2 PCS,1 PCS,
002351,TGS INFINIX HOT 9 PLAY/10 PLAY/11 PLAY,2 PCS,2 PCS,1 PCS,2 PCS,1 PCS,1 PCS,1 PCS,1 PCS,
002352,TGS INFINIX HOT 12,0 PCS,2 PCS,1 PCS,2 PCS,,1 PCS,1 PCS,0 PCS,
002353,TGS INFINIX HOT 12 PRO,0 PCS,2 PCS,1 PCS,2 PCS,1 PCS,1 PCS,2 PCS,0 PCS,
TOTAL,3.00,8.00,4.00,8.00,3.00,4.00,6.00,2.00,
Kode Item,Nama Item,CICUKANG ,CIKADUT 2,CIPAGALO ,CISA (C),CK (C),CL 1 ,CL 2 ,CL 3 ,
002350,TGS INFINIX HOT 9/NOTE 7 LITE,1 PCS,1 PCS,1 PCS,2 PCS,2 PCS,0 PCS,1 PCS,1 PCS,
002351,TGS INFINIX HOT 9 PLAY/10 PLAY/11 PLAY,1 PCS,0 PCS,,1 PCS,1 PCS,1 PCS,1 PCS,1 PCS,
002352,TGS INFINIX HOT 12,1 PCS,,1 PCS,0 PCS,1 PCS,1 PCS,1 PCS,1 PCS,
002353,TGS INFINIX HOT 12 PRO,,1 PCS,1 PCS,0 PCS,1 PCS,1 PCS,1 PCS,1 PCS,
TOTAL,3.00,2.00,3.00,3.00,5.00,3.00,4.00,4.00,
Kode Item,Nama Item,DM (C),Gudang,PC 3 (A),PC 4 (C),PC 5 (C),PD 1 (C),PD 2 (C),RK (C),
002350,TGS INFINIX HOT 9/NOTE 7 LITE,2 PCS,0 PCS,2 PCS,2 PCS,1 PCS,1 PCS,2 PCS,1 PCS,
002351,TGS INFINIX HOT 9 PLAY/10 PLAY/11 PLAY,2 PCS,0 PCS,2 PCS,2 PCS,1 PCS,0 PCS,2 PCS,1 PCS,
002352,TGS INFINIX HOT 12,2 PCS,0 PCS,1 PCS,0 PCS,0 PCS,1 PCS,2 PCS,1 PCS,
002353,TGS INFINIX HOT 12 PRO,2 PCS,0 PCS,2 PCS,2 PCS,1 PCS,1 PCS,2 PCS,1 PCS,
TOTAL,8.00,0.00,7.00,6.00,3.00,3.00,8.00,4.00,
,,,,,Bee Accounting,,,,,,,,
,15/09/2026,,,,,,,,
Kode Item,Nama Item,SA (C),SS (C),TOTAL,,,,,,,
002350,TGS INFINIX HOT 9/NOTE 7 LITE,1 PCS,1 PCS,46 PCS,,,,,,,
002351,TGS INFINIX HOT 9 PLAY/10 PLAY/11 PLAY,1 PCS,1 PCS,38 PCS,,,,,,,
002352,TGS INFINIX HOT 12,0 PCS,1 PCS,26 PCS,,,,,,,
002353,TGS INFINIX HOT 12 PRO,0 PCS,1 PCS,35 PCS,,,,,,,
TOTAL,2.00,4.00,145.00,,,,,,,
,Merk,Model,,,,,,,,,
,IPHONE,TEMPERED GLASS,,,,,,,,,
Kode Item,Nama Item,ALFA 1 (C),ALFA 2 (C),ALFA 3 (C),ALFA 4 (C),ALFA 5 (C),ALFA 6 (C),ASBER 1 (C),ASBER 2 (C),
002346,TGS IPHONE X/XS/11 PRO,2 PCS,0 PCS,2 PCS,0 PCS,2 PCS,2 PCS,0 PCS,0 PCS,
002347,TGS IPHONE 12/12PRO/13/13PRO,2 PCS,1 PCS,0 PCS,1 PCS,1 PCS,1 PCS,2 PCS,1 PCS,
002348,TGS IPHONE 15/16,2 PCS,2 PCS,1 PCS,2 PCS,2 PCS,2 PCS,2 PCS,2 PCS,
002349,TGS IPHONE 15 PRO,2 PCS,2 PCS,2 PCS,2 PCS,2 PCS,2 PCS,2 PCS,2 PCS,
TOTAL,8.00,5.00,5.00,5.00,7.00,7.00,6.00,5.00,
Kode Item,Nama Item,BK CIJAMBE ,BK JH1 ,BK JH2 (C),BK6 ,BK7 ,BKC ,BUNISARI ,CICUKANG ,
002346,TGS IPHONE X/XS/11 PRO,2 PCS,1 PCS,2 PCS,,1 PCS,1 PCS,0 PCS,2 PCS,
002347,TGS IPHONE 12/12PRO/13/13PRO,1 PCS,1 PCS,2 PCS,1 PCS,0 PCS,0 PCS,0 PCS,1 PCS,
002348,TGS IPHONE 15/16,2 PCS,1 PCS,2 PCS,1 PCS,1 PCS,2 PCS,1 PCS,1 PCS,
002349,TGS IPHONE 15 PRO,2 PCS,1 PCS,2 PCS,1 PCS,0 PCS,2 PCS,0 PCS,1 PCS,
TOTAL,7.00,4.00,8.00,3.00,2.00,5.00,1.00,5.00,
Kode Item,Nama Item,CIKADUT 2,CIPAGALO ,CISA (C),CK (C),CL 1 ,CL 2 ,CL 3 ,DM (C),
002346,TGS IPHONE X/XS/11 PRO,1 PCS,1 PCS,1 PCS,1 PCS,1 PCS,1 PCS,,2 PCS,
002347,TGS IPHONE 12/12PRO/13/13PRO,1 PCS,,0 PCS,0 PCS,1 PCS,1 PCS,,1 PCS,
002348,TGS IPHONE 15/16,,1 PCS,1 PCS,2 PCS,1 PCS,1 PCS,1 PCS,2 PCS,
002349,TGS IPHONE 15 PRO,1 PCS,1 PCS,2 PCS,2 PCS,2 PCS,1 PCS,1 PCS,2 PCS,
TOTAL,3.00,3.00,4.00,5.00,5.00,4.00,2.00,7.00,
Kode Item,Nama Item,Gudang,PC 3 (A),PC 4 (C),PC 5 (C),PD 1 (C),PD 2 (C),RK (C),SA (C),
002346,TGS IPHONE X/XS/11 PRO,0 PCS,2 PCS,2 PCS,1 PCS,1 PCS,2 PCS,1 PCS,0 PCS,
002347,TGS IPHONE 12/12PRO/13/13PRO,0 PCS,2 PCS,1 PCS,1 PCS,1 PCS,0 PCS,0 PCS,1 PCS,
002348,TGS IPHONE 15/16,0 PCS,2 PCS,2 PCS,1 PCS,1 PCS,2 PCS,0 PCS,1 PCS,
002349,TGS IPHONE 15 PRO,0 PCS,2 PCS,2 PCS,1 PCS,1 PCS,2 PCS,1 PCS,1 PCS,
TOTAL,0.00,8.00,7.00,4.00,4.00,6.00,2.00,3.00,
,,,,,Bee Accounting,,,,,,,,
,15/09/2026,,,,,,,,
Kode Item,Nama Item,SS (C),TOTAL,,,,,,,,
002346,TGS IPHONE X/XS/11 PRO,1 PCS,35 PCS,,,,,,,,
002347,TGS IPHONE 12/12PRO/13/13PRO,1 PCS,26 PCS,,,,,,,,
002348,TGS IPHONE 15/16,1 PCS,45 PCS,,,,,,,,
002349,TGS IPHONE 15 PRO,1 PCS,48 PCS,,,,,,,,
TOTAL,4.00,154.00,,,,,,,,
,Merk,Model,,,,,,,,,
,IPHONE,TGB,,,,,,,,,
Kode Item,Nama Item,ALFA 1 (C),ALFA 2 (C),ALFA 3 (C),ALFA 4 (C),ALFA 7 ,BK8 BAKSAR ,CISA (C),Gudang,
002931,TGB IPHONE 17 PRO MAX (NEW),0 PCS,1 PCS,0 PCS,5 PCS,2 PCS,2 PCS,5 PCS,19 PCS,
002932,TGB IPHONE 17 PRO (NEW),0 PCS,1 PCS,0 PCS,5 PCS,2 PCS,2 PCS,5 PCS,19 PCS,
002933,TGB IPHONE 14 PRO MAX (NEW),0 PCS,1 PCS,0 PCS,5 PCS,2 PCS,2 PCS,5 PCS,19 PCS,
002934,TGB IPHONE 14 PRO (NEW),0 PCS,1 PCS,0 PCS,5 PCS,2 PCS,2 PCS,5 PCS,19 PCS,
002936,TGB IPHONE 15/15PRO/16 (NEW),,,,,,,,20 PCS,
TOTAL,0.00,4.00,0.00,20.00,8.00,8.00,20.00,96.00,
Kode Item,Nama Item,PD 1 (C),RK (C),TOTAL,,,,,,,
002931,TGB IPHONE 17 PRO MAX (NEW),5 PCS,1 PCS,40 PCS,,,,,,,
002932,TGB IPHONE 17 PRO (NEW),5 PCS,1 PCS,40 PCS,,,,,,,
002933,TGB IPHONE 14 PRO MAX (NEW),5 PCS,0 PCS,39 PCS,,,,,,,
002934,TGB IPHONE 14 PRO (NEW),5 PCS,1 PCS,40 PCS,,,,,,,
002936,TGB IPHONE 15/15PRO/16 (NEW),,,20 PCS,,,,,,,
TOTAL,20.00,3.00,179.00,,,,,,,
,Merk,Model,,,,,,,,,
,JOYKO,< kosong >,,,,,,,,,
Kode Item,Nama Item,Gudang,TOTAL,,,,,,,,
002863,ATK BOX FILE JOYKO BOF-13 PINK,2 PCS,2 PCS,,,,,,,,
TOTAL,2.00,2.00,,,,,,,,
,Merk,Model,,,,,,,,,
,MINIMO,BATOK,,,,,,,,,
Kode Item,Nama Item,ALFA 1 (C),ALFA 2 (C),ALFA 3 (C),ALFA 4 (C),ALFA 5 (C),ALFA 6 (C),ALFA 7 ,ASBER 1 (C),
002447,BATOK CHARGER MINIMO CGF02 2.4A,5 PCS,5 PCS,6 PCS,7 PCS,7 PCS,9 PCS,5 PCS,8 PCS,
TOTAL,5.00,5.00,6.00,7.00,7.00,9.00,5.00,8.00,
,,,,,Bee Accounting,,,,,,,,
,15/09/2026,,,,,,,,
Kode Item,Nama Item,ASBER 2 (C),BK CIJAMBE ,BK JH1 ,BK JH2 (C),BK5 CIGER ,BK6 ,BK7 ,BK8 BAKSAR ,
002447,BATOK CHARGER MINIMO CGF02 2.4A,4 PCS,5 PCS,7 PCS,4 PCS,6 PCS,5 PCS,8 PCS,7 PCS,
TOTAL,4.00,5.00,7.00,4.00,6.00,5.00,8.00,7.00,
Kode Item,Nama Item,BK9 BAKSAR ,BKC ,BUNISARI ,CICUKANG ,CIHAURKUK,CIKADUT 2,CIPADUNG 2 ,CIPAGALO ,
002447,BATOK CHARGER MINIMO CGF02 2.4A,6 PCS,9 PCS,6 PCS,4 PCS,6 PCS,6 PCS,5 PCS,5 PCS,
TOTAL,6.00,9.00,6.00,4.00,6.00,6.00,5.00,5.00,
Kode Item,Nama Item,CIPOREAT,CISA (C),CK (C),CL 1 ,CL 2 ,CL 3 ,CL 4 ,DM (C),
002447,BATOK CHARGER MINIMO CGF02 2.4A,8 PCS,5 PCS,6 PCS,10 PCS,8 PCS,9 PCS,4 PCS,3 PCS,
TOTAL,8.00,5.00,6.00,10.00,8.00,9.00,4.00,3.00,
Kode Item,Nama Item,Gudang,PC 3 (A),PC 4 (C),PC 5 (C),PD 1 (C),PD 2 (C),PD 3 (C),RK (C),
002447,BATOK CHARGER MINIMO CGF02 2.4A,15 PCS,6 PCS,9 PCS,10 PCS,10 PCS,9 PCS,5 PCS,3 PCS,
TOTAL,15.00,6.00,9.00,10.00,10.00,9.00,5.00,3.00,
Kode Item,Nama Item,SA (C),SS (C),TOTAL,,,,,,,
002447,BATOK CHARGER MINIMO CGF02 2.4A,4 PCS,5 PCS,274 PCS,,,,,,,
TOTAL,4.00,5.00,274.00,,,,,,,
,Merk,Model,,,,,,,,,
,MINIMO,CAR CHARGER,,,,,,,,,
Kode Item,Nama Item,ALFA 1 (C),ALFA 2 (C),ALFA 3 (C),ALFA 4 (C),ALFA 5 (C),ALFA 6 (C),ALFA 7 ,ASBER 1 (C),
002894,CAR CRGR MINIMO MSF02-C TYPE C 12W,2 PCS,1 PCS,1 PCS,1 PCS,1 PCS,1 PCS,2 PCS,1 PCS,
002915,CAR CRGR MINIMO MSF02-M MIKRO 12W,,,,,,,,,
TOTAL,2.00,1.00,1.00,1.00,1.00,1.00,2.00,1.00,
Kode Item,Nama Item,ASBER 2 (C),BK CIJAMBE ,BK JH1 ,BK JH2 (C),BK5 CIGER ,BK6 ,BK7 ,BK8 BAKSAR ,
002894,CAR CRGR MINIMO MSF02-C TYPE C 12W,1 PCS,2 PCS,1 PCS,1 PCS,2 PCS,2 PCS,3 PCS,2 PCS,
002915,CAR CRGR MINIMO MSF02-M MIKRO 12W,,,,,,,,,
TOTAL,1.00,2.00,1.00,1.00,2.00,2.00,3.00,2.00,
,,,,,Bee Accounting,,,,,,,,
,15/09/2026,,,,,,,,
Kode Item,Nama Item,BK9 BAKSAR ,BKC ,BUNISARI ,CICUKANG ,CIHAURKUK,CIKADUT 2,CIPADUNG 2 ,CIPAGALO ,
002894,CAR CRGR MINIMO MSF02-C TYPE C 12W,2 PCS,2 PCS,1 PCS,1 PCS,0 PCS,2 PCS,3 PCS,3 PCS,
002915,CAR CRGR MINIMO MSF02-M MIKRO 12W,,,2 PCS,,,,,,
TOTAL,2.00,2.00,3.00,1.00,0.00,2.00,3.00,3.00,
Kode Item,Nama Item,CIPOREAT,CISA (C),CK (C),CL 1 ,CL 2 ,CL 3 ,CL 4 ,DM (C),
002894,CAR CRGR MINIMO MSF02-C TYPE C 12W,2 PCS,2 PCS,2 PCS,2 PCS,2 PCS,1 PCS,,2 PCS,
002915,CAR CRGR MINIMO MSF02-M MIKRO 12W,,,,,,,2 PCS,,
TOTAL,2.00,2.00,2.00,2.00,2.00,1.00,2.00,2.00,
Kode Item,Nama Item,Gudang,PC 3 (A),PC 4 (C),PC 5 (C),PD 1 (C),PD 2 (C),PD 3 (C),RK (C),
002894,CAR CRGR MINIMO MSF02-C TYPE C 12W,0 PCS,0 PCS,0 PCS,2 PCS,2 PCS,3 PCS,3 PCS,1 PCS,
002915,CAR CRGR MINIMO MSF02-M MIKRO 12W,0 PCS,,,,,,,,
TOTAL,0.00,0.00,0.00,2.00,2.00,3.00,3.00,1.00,
Kode Item,Nama Item,SA (C),SS (C),TOTAL,,,,,,,
002894,CAR CRGR MINIMO MSF02-C TYPE C 12W,1 PCS,1 PCS,64 PCS,,,,,,,
002915,CAR CRGR MINIMO MSF02-M MIKRO 12W,,,4 PCS,,,,,,,
TOTAL,1.00,1.00,68.00,,,,,,,
,Merk,Model,,,,,,,,,
,MINIMO,CHARGER,,,,,,,,,
Kode Item,Nama Item,ALFA 1 (C),ALFA 2 (C),ALFA 3 (C),ALFA 4 (C),ALFA 5 (C),ALFA 6 (C),ALFA 7 ,ASBER 1 (C),
002524,CHARGER MINIMO CGF02-M (MIKRO) 2.4A SINGLE PORT,0 PCS,3 PCS,2 PCS,0 PCS,0 PCS,0 PCS,1 PCS,0 PCS,
002525,BATOK MINIMO CGP02 TYPE C PD20W SINGLE PORT,3 PCS,1 PCS,2 PCS,1 PCS,2 PCS,0 PCS,2 PCS,2 PCS,
002526,CHARGER MINIMO CGP02-CC TYPE C TO TYPE C PD20W,2 PCS,3 PCS,0 PCS,3 PCS,2 PCS,2 PCS,2 PCS,2 PCS,
002527,CHARGER MINIMO CGP02-CL TYPE C TO LIGHTNING PD20W,2 PCS,2 PCS,1 PCS,1 PCS,1 PCS,2 PCS,0 PCS,1 PCS,
002528,CHARGER MINIMO CGQ02-C TYPE C QC18W,5 PCS,4 PCS,2 PCS,1 PCS,1 PCS,4 PCS,4 PCS,3 PCS,
002770,CHARGER MINIMO CGF02-C TYPE C,,,,,,,,,
TOTAL,12.00,13.00,7.00,6.00,6.00,8.00,9.00,8.00,
,,,,,Bee Accounting,,,,,,,,
,15/09/2026,,,,,,,,
Kode Item,Nama Item,ASBER 2 (C),BK CIJAMBE ,BK JH1 ,BK JH2 (C),BK5 CIGER ,BK6 ,BK7 ,BK8 BAKSAR ,
002524,CHARGER MINIMO CGF02-M (MIKRO) 2.4A SINGLE PORT,0 PCS,3 PCS,0 PCS,0 PCS,0 PCS,2 PCS,0 PCS,2 PCS,
002525,BATOK MINIMO CGP02 TYPE C PD20W SINGLE PORT,1 PCS,,,,2 PCS,2 PCS,2 PCS,2 PCS,
002526,CHARGER MINIMO CGP02-CC TYPE C TO TYPE C PD20W,2 PCS,2 PCS,2 PCS,2 PCS,2 PCS,3 PCS,3 PCS,2 PCS,
002527,CHARGER MINIMO CGP02-CL TYPE C TO LIGHTNING PD20W,2 PCS,3 PCS,0 PCS,2 PCS,2 PCS,3 PCS,1 PCS,2 PCS,
002528,CHARGER MINIMO CGQ02-C TYPE C QC18W,4 PCS,6 PCS,6 PCS,3 PCS,6 PCS,3 PCS,2 PCS,4 PCS,
002770,CHARGER MINIMO CGF02-C TYPE C,,,,,,,,,
TOTAL,9.00,14.00,8.00,7.00,12.00,13.00,8.00,12.00,
Kode Item,Nama Item,BK9 BAKSAR ,BKC ,BUNISARI ,CICUKANG ,CIHAURKUK,CIKADUT 2,CIPADUNG 2 ,CIPAGALO ,
002524,CHARGER MINIMO CGF02-M (MIKRO) 2.4A SINGLE PORT,2 PCS,0 PCS,0 PCS,1 PCS,,1 PCS,1 PCS,1 PCS,
002525,BATOK MINIMO CGP02 TYPE C PD20W SINGLE PORT,2 PCS,,1 PCS,2 PCS,2 PCS,,0 PCS,,
002526,CHARGER MINIMO CGP02-CC TYPE C TO TYPE C PD20W,4 PCS,1 PCS,3 PCS,2 PCS,5 PCS,2 PCS,3 PCS,2 PCS,
002527,CHARGER MINIMO CGP02-CL TYPE C TO LIGHTNING PD20W,2 PCS,2 PCS,3 PCS,2 PCS,3 PCS,3 PCS,0 PCS,2 PCS,
002528,CHARGER MINIMO CGQ02-C TYPE C QC18W,2 PCS,3 PCS,3 PCS,3 PCS,7 PCS,3 PCS,3 PCS,4 PCS,
002770,CHARGER MINIMO CGF02-C TYPE C,,,,,,,,,
TOTAL,12.00,6.00,10.00,10.00,17.00,9.00,7.00,9.00,
Kode Item,Nama Item,CIPOREAT,CISA (C),CK (C),CL 1 ,CL 2 ,CL 3 ,CL 4 ,DM (C),
002524,CHARGER MINIMO CGF02-M (MIKRO) 2.4A SINGLE PORT,1 PCS,0 PCS,0 PCS,3 PCS,0 PCS,2 PCS,3 PCS,0 PCS,
002525,BATOK MINIMO CGP02 TYPE C PD20W SINGLE PORT,,,,2 PCS,1 PCS,2 PCS,2 PCS,2 PCS,
002526,CHARGER MINIMO CGP02-CC TYPE C TO TYPE C PD20W,2 PCS,2 PCS,2 PCS,1 PCS,1 PCS,2 PCS,3 PCS,2 PCS,
002527,CHARGER MINIMO CGP02-CL TYPE C TO LIGHTNING PD20W,1 PCS,2 PCS,1 PCS,2 PCS,0 PCS,0 PCS,,,
002528,CHARGER MINIMO CGQ02-C TYPE C QC18W,3 PCS,5 PCS,6 PCS,5 PCS,1 PCS,8 PCS,1 PCS,4 PCS,
002770,CHARGER MINIMO CGF02-C TYPE C,,,,,,,,,
TOTAL,7.00,9.00,9.00,13.00,3.00,14.00,9.00,8.00,
,,,,Bee Accounting,,,,,,,,
,15/09/2026,,,,,,,
Kode Item,Nama Item,Gudang,PC 3 (A),PC 4 (C),PC 5 (C),PD 1 (C),PD 2 (C),PD 3 (C),RK (C),
002524,CHARGER MINIMO CGF02-M (MIKRO) 2.4A SINGLE PORT,1 PCS,1 PCS,0 PCS,2 PCS,0 PCS,0 PCS,1 PCS,1 PCS,
002525,BATOK MINIMO CGP02 TYPE C PD20W SINGLE PORT,1 PCS,2 PCS,2 PCS,1 PCS,2 PCS,1 PCS,3 PCS,1 PCS,
002526,CHARGER MINIMO CGP02-CC TYPE C TO TYPE C PD20W,8 PCS,1 PCS,2 PCS,2 PCS,2 PCS,1 PCS,2 PCS,2 PCS,
002527,CHARGER MINIMO CGP02-CL TYPE C TO LIGHTNING PD20W,0 PCS,0 PCS,2 PCS,2 PCS,2 PCS,1 PCS,2 PCS,2 PCS,
002528,CHARGER MINIMO CGQ02-C TYPE C QC18W,0 PCS,3 PCS,5 PCS,2 PCS,3 PCS,3 PCS,3 PCS,4 PCS,
002770,CHARGER MINIMO CGF02-C TYPE C,1 PCS,,,,,,,,
TOTAL,11.00,7.00,11.00,9.00,9.00,6.00,11.00,10.00,
Kode Item,Nama Item,SA (C),SS (C),TOTAL,,,,,,,
002524,CHARGER MINIMO CGF02-M (MIKRO) 2.4A SINGLE PORT,3 PCS,0 PCS,37 PCS,,,,,,,
002525,BATOK MINIMO CGP02 TYPE C PD20W SINGLE PORT,2 PCS,2 PCS,55 PCS,,,,,,,
002526,CHARGER MINIMO CGP02-CC TYPE C TO TYPE C PD20W,2 PCS,2 PCS,95 PCS,,,,,,,
002527,CHARGER MINIMO CGP02-CL TYPE C TO LIGHTNING PD20W,0 PCS,2 PCS,61 PCS,,,,,,,
002528,CHARGER MINIMO CGQ02-C TYPE C QC18W,4 PCS,3 PCS,149 PCS,,,,,,,
002770,CHARGER MINIMO CGF02-C TYPE C,,,1 PCS,,,,,,,
TOTAL,11.00,9.00,398.00,,,,,,,
,Merk,Model,,,,,,,,,
,MINIMO,HANDSFREE,,,,,,,,,
Kode Item,Nama Item,ALFA 1 (C),ALFA 2 (C),ALFA 3 (C),ALFA 4 (C),ALFA 5 (C),ALFA 6 (C),ALFA 7 ,ASBER 1 (C),
002529,TWS MINIMO TSS01 SEMI IN-EAR,0 PCS,0 PCS,,0 PCS,0 PCS,0 PCS,1 PCS,0 PCS,
002913,HF MINIMO EGS01 WIRED EARPHONE,3 PCS,5 PCS,6 PCS,5 PCS,4 PCS,,3 PCS,5 PCS,
TOTAL,3.00,5.00,6.00,5.00,4.00,0.00,4.00,5.00,
Kode Item,Nama Item,ASBER 2 (C),BK CIJAMBE ,BK JH1 ,BK JH2 (C),BK5 CIGER ,BK6 ,BK7 ,BK8 BAKSAR ,
002529,TWS MINIMO TSS01 SEMI IN-EAR,2 PCS,1 PCS,,0 PCS,0 PCS,0 PCS,0 PCS,0 PCS,
002913,HF MINIMO EGS01 WIRED EARPHONE,7 PCS,,8 PCS,3 PCS,,,,7 PCS,
TOTAL,9.00,1.00,8.00,3.00,0.00,0.00,0.00,7.00,
,,,,,Bee Accounting,,,,,,,,
,15/09/2026,,,,,,,,
Kode Item,Nama Item,BK9 BAKSAR ,BUNISARI ,CICUKANG ,CIHAURKUK,CIKADUT 2,CIPAGALO ,CIPOREAT,CISA (C),
002529,TWS MINIMO TSS01 SEMI IN-EAR,,0 PCS,,4 PCS,,,,1 PCS,
002913,HF MINIMO EGS01 WIRED EARPHONE,2 PCS,0 PCS,3 PCS,,2 PCS,2 PCS,3 PCS,8 PCS,
TOTAL,2.00,0.00,3.00,4.00,2.00,2.00,3.00,9.00,
Kode Item,Nama Item,CK (C),CL 1 ,CL 2 ,CL 3 ,CL 4 ,DM (C),Gudang,PC 5 (C),
002529,TWS MINIMO TSS01 SEMI IN-EAR,1 PCS,,,,,1 PCS,1 PCS,0 PCS,
002913,HF MINIMO EGS01 WIRED EARPHONE,2 PCS,3 PCS,3 PCS,3 PCS,6 PCS,,0 PCS,1 PCS,
TOTAL,3.00,3.00,3.00,3.00,6.00,1.00,1.00,1.00,
Kode Item,Nama Item,PD 1 (C),PD 2 (C),PD 3 (C),RK (C),SA (C),SS (C),TOTAL,,
002529,TWS MINIMO TSS01 SEMI IN-EAR,,1 PCS,,,1 PCS,0 PCS,14 PCS,,
002913,HF MINIMO EGS01 WIRED EARPHONE,8 PCS,7 PCS,3 PCS,3 PCS,0 PCS,5 PCS,120 PCS,,
TOTAL,8.00,8.00,3.00,3.00,1.00,5.00,134.00,,
,Merk,Model,,,,,,,,,
,MINIMO,KABEL DATA,,,,,,,,,
Kode Item,Nama Item,ALFA 1 (C),ALFA 2 (C),ALFA 3 (C),ALFA 4 (C),ALFA 5 (C),ALFA 6 (C),ALFA 7 ,ASBER 1 (C),
002408,KABEL DATA MINIMO DGM02 MICRO 3A,3 PCS,7 PCS,8 PCS,0 PCS,9 PCS,2 PCS,0 PCS,3 PCS,
002448,KABEL DATA MINIMO DGC-02/DGC-01 TYPE C,0 PCS,2 PCS,0 PCS,0 PCS,0 PCS,3 PCS,1 PCS,0 PCS,
002583,KABEL DATA MINIMO DGF01 4IN1,0 PCS,0 PCS,0 PCS,0 PCS,3 PCS,0 PCS,0 PCS,0 PCS,
002623,KABEL DATA MINIMO DGC03 TYPE C (KABEL TEBAL),0 PCS,5 PCS,5 PCS,0 PCS,1 PCS,5 PCS,0 PCS,0 PCS,
TOTAL,3.00,14.00,13.00,0.00,13.00,10.00,1.00,3.00,
Kode Item,Nama Item,ASBER 2 (C),BK CIJAMBE ,BK JH1 ,BK JH2 (C),BK5 CIGER ,BK6 ,BK7 ,BK8 BAKSAR ,
002408,KABEL DATA MINIMO DGM02 MICRO 3A,7 PCS,0 PCS,5 PCS,1 PCS,6 PCS,4 PCS,5 PCS,3 PCS,
002448,KABEL DATA MINIMO DGC-02/DGC-01 TYPE C,3 PCS,3 PCS,9 PCS,4 PCS,9 PCS,7 PCS,7 PCS,7 PCS,
002583,KABEL DATA MINIMO DGF01 4IN1,1 PCS,0 PCS,0 PCS,0 PCS,0 PCS,0 PCS,0 PCS,0 PCS,
002623,KABEL DATA MINIMO DGC03 TYPE C (KABEL TEBAL),5 PCS,8 PCS,3 PCS,3 PCS,1 PCS,4 PCS,4 PCS,0 PCS,
TOTAL,16.00,11.00,17.00,8.00,16.00,15.00,16.00,10.00,
Kode Item,Nama Item,BK9 BAKSAR ,BKC ,BUNISARI ,CICUKANG ,CIHAURKUK,CIKADUT 2,CIPADUNG 2 ,CIPAGALO ,
002408,KABEL DATA MINIMO DGM02 MICRO 3A,4 PCS,10 PCS,2 PCS,5 PCS,8 PCS,1 PCS,0 PCS,2 PCS,
,,,,,Bee Accounting,,,,,,,,
,15/09/2026,,,,,,,,
Kode Item,Nama Item,BK9 BAKSAR ,BKC ,BUNISARI ,CICUKANG ,CIHAURKUK,CIKADUT 2,CIPADUNG 2 ,CIPAGALO ,
002448,KABEL DATA MINIMO DGC-02/DGC-01 TYPE C,7 PCS,0 PCS,12 PCS,2 PCS,6 PCS,4 PCS,5 PCS,1 PCS,
002583,KABEL DATA MINIMO DGF01 4IN1,,0 PCS,0 PCS,,,2 PCS,,,
002623,KABEL DATA MINIMO DGC03 TYPE C (KABEL TEBAL),2 PCS,8 PCS,11 PCS,0 PCS,,,,,
TOTAL,13.00,18.00,25.00,7.00,14.00,7.00,5.00,3.00,
Kode Item,Nama Item,CIPOREAT,CISA (C),CK (C),CL 1 ,CL 2 ,CL 3 ,CL 4 ,DM (C),
002408,KABEL DATA MINIMO DGM02 MICRO 3A,,7 PCS,4 PCS,6 PCS,9 PCS,1 PCS,10 PCS,0 PCS,
002448,KABEL DATA MINIMO DGC-02/DGC-01 TYPE C,5 PCS,3 PCS,0 PCS,6 PCS,10 PCS,4 PCS,10 PCS,0 PCS,
002583,KABEL DATA MINIMO DGF01 4IN1,,0 PCS,0 PCS,,,,,0 PCS,
002623,KABEL DATA MINIMO DGC03 TYPE C (KABEL TEBAL),0 PCS,0 PCS,0 PCS,4 PCS,2 PCS,,35 PCS,8 PCS,
TOTAL,5.00,10.00,4.00,16.00,21.00,5.00,55.00,8.00,
Kode Item,Nama Item,Gudang,PC 3 (A),PC 4 (C),PC 5 (C),PD 1 (C),PD 2 (C),PD 3 (C),RK (C),
002408,KABEL DATA MINIMO DGM02 MICRO 3A,4 PCS,3 PCS,5 PCS,4 PCS,3 PCS,5 PCS,8 PCS,9 PCS,
002448,KABEL DATA MINIMO DGC-02/DGC-01 TYPE C,0 PCS,0 PCS,5 PCS,6 PCS,3 PCS,0 PCS,7 PCS,14 PCS,
002583,KABEL DATA MINIMO DGF01 4IN1,0 PCS,0 PCS,0 PCS,0 PCS,0 PCS,0 PCS,,0 PCS,
002623,KABEL DATA MINIMO DGC03 TYPE C (KABEL TEBAL),0 PCS,0 PCS,2 PCS,0 PCS,0 PCS,1 PCS,6 PCS,7 PCS,
TOTAL,4.00,3.00,12.00,10.00,6.00,6.00,21.00,30.00,
Kode Item,Nama Item,SA (C),SS (C),TOTAL,,,,,,,
002408,KABEL DATA MINIMO DGM02 MICRO 3A,0 PCS,0 PCS,173 PCS,,,,,,,
002448,KABEL DATA MINIMO DGC-02/DGC-01 TYPE C,9 PCS,4 PCS,178 PCS,,,,,,,
002583,KABEL DATA MINIMO DGF01 4IN1,0 PCS,0 PCS,6 PCS,,,,,,,
002623,KABEL DATA MINIMO DGC03 TYPE C (KABEL TEBAL),2 PCS,1 PCS,133 PCS,,,,,,,
TOTAL,11.00,5.00,490.00,,,,,,,
,Merk,Model,,,,,,,,,
,MINIMO,OTG,,,,,,,,,
Kode Item,Nama Item,BUNISARI ,CL 4 ,Gudang,TOTAL,,,,,,
002914,OTG MINIMO OSJ01-C TYPE C TO JACK,3 PCS,2 PCS,0 PCS,5 PCS,,,,,,
TOTAL,3.00,2.00,0.00,5.00,,,,,,
,,,,,Bee Accounting,,,,,,,,
,15/09/2026,,,,,,,,
,Merk,Model,,,,,,,,,
,OLIKE,CHARGER,,,,,,,,,
Kode Item,Nama Item,ALFA 7 ,BK5 CIGER ,BK6 ,BK8 BAKSAR ,BK9 BAKSAR ,BUNISARI ,CICUKANG ,CIPADUNG 2 ,
002491,CHARGER OLIKE C107M MIKRO 2.4A,4 PCS,4 PCS,3 PCS,0 PCS,3 PCS,,,,
002492,CHARGER OLIKE C107C TYPE C 2.4A,2 PCS,4 PCS,5 PCS,2 PCS,3 PCS,,4 PCS,,
002493,CHARGER OLIKE C107L LIGHTNING 2.4A,3 PCS,4 PCS,3 PCS,5 PCS,2 PCS,5 PCS,,3 PCS,
TOTAL,9.00,12.00,11.00,7.00,8.00,5.00,4.00,3.00,
Kode Item,Nama Item,CISA (C),Gudang,PD 2 (C),PD 3 (C),TOTAL,,,,,
002491,CHARGER OLIKE C107M MIKRO 2.4A,0 PCS,0 PCS,,4 PCS,18 PCS,,,,,
002492,CHARGER OLIKE C107C TYPE C 2.4A,0 PCS,0 PCS,,5 PCS,25 PCS,,,,,
002493,CHARGER OLIKE C107L LIGHTNING 2.4A,1 PCS,0 PCS,3 PCS,2 PCS,31 PCS,,,,,
TOTAL,1.00,0.00,3.00,11.00,74.00,,,,,
,Merk,Model,,,,,,,,,
,OLIKE,HANDSFREE,,,,,,,,,
Kode Item,Nama Item,ALFA 1 (C),ALFA 2 (C),ALFA 3 (C),ALFA 4 (C),ALFA 5 (C),ALFA 6 (C),ALFA 7 ,ASBER 1 (C),
001015,HF OLIKE E10,0 PCS,0 PCS,0 PCS,0 PCS,1 PCS,0 PCS,,5 PCS,
002490,HF OLIKE E20S,,,,,,,0 PCS,,
TOTAL,0.00,0.00,0.00,0.00,1.00,0.00,0.00,5.00,
Kode Item,Nama Item,ASBER 2 (C),BK CIJAMBE ,BK JH1 ,BK JH2 (C),BK5 CIGER ,BK6 ,BK8 BAKSAR ,BK9 BAKSAR ,
001015,HF OLIKE E10,2 PCS,1 PCS,0 PCS,0 PCS,,,,,
002490,HF OLIKE E20S,,,,,3 PCS,4 PCS,0 PCS,0 PCS,
TOTAL,2.00,1.00,0.00,0.00,3.00,4.00,0.00,0.00,
Kode Item,Nama Item,BKC ,BUNISARI ,CISA (C),CK (C),DM (C),Gudang,PC 3 (A),PC 5 (C),
001015,HF OLIKE E10,0 PCS,0 PCS,0 PCS,0 PCS,0 PCS,0 PCS,1 PCS,0 PCS,
002490,HF OLIKE E20S,,,,,,0 PCS,,,
TOTAL,0.00,0.00,0.00,0.00,0.00,0.00,1.00,0.00,
Kode Item,Nama Item,PD 1 (C),PD 2 (C),PD 3 (C),RK (C),SS (C),TOTAL,,,
001015,HF OLIKE E10,0 PCS,3 PCS,,0 PCS,0 PCS,13 PCS,,,
002490,HF OLIKE E20S,,,7 PCS,,,14 PCS,,,
TOTAL,0.00,3.00,7.00,0.00,0.00,27.00,,,
,,,,,Bee Accounting,,,,,,,,
,15/09/2026,,,,,,,,
,Merk,Model,,,,,,,,,
,OLIKE,KABEL DATA,,,,,,,,,
Kode Item,Nama Item,ALFA 1 (C),ALFA 2 (C),ALFA 3 (C),ALFA 4 (C),ALFA 5 (C),ALFA 6 (C),ALFA 7 ,ASBER 1 (C),
001044,KABEL DATA OLIKE D301C TYPE C,0 PCS,0 PCS,0 PCS,3 PCS,2 PCS,1 PCS,0 PCS,5 PCS,
002549,KABEL DATA OLIKE D306M MIKRO,,,,,,,0 PCS,,
TOTAL,0.00,0.00,0.00,3.00,2.00,1.00,0.00,5.00,
Kode Item,Nama Item,ASBER 2 (C),BK CIJAMBE ,BK JH1 ,BK JH2 (C),BK8 BAKSAR ,BUNISARI ,CISA (C),CK (C),
001044,KABEL DATA OLIKE D301C TYPE C,6 PCS,4 PCS,2 PCS,0 PCS,0 PCS,0 PCS,0 PCS,0 PCS,
002549,KABEL DATA OLIKE D306M MIKRO,,,,,0 PCS,,,,
TOTAL,6.00,4.00,2.00,0.00,0.00,0.00,0.00,0.00,
Kode Item,Nama Item,DM (C),Gudang,PC 3 (A),PC 4 (C),PC 5 (C),PD 1 (C),PD 2 (C),RK (C),
001044,KABEL DATA OLIKE D301C TYPE C,0 PCS,0 PCS,0 PCS,0 PCS,1 PCS,0 PCS,0 PCS,0 PCS,
002549,KABEL DATA OLIKE D306M MIKRO,,0 PCS,,,,,,,
TOTAL,0.00,0.00,0.00,0.00,1.00,0.00,0.00,0.00,
Kode Item,Nama Item,SA (C),SS (C),TOTAL,,,,,,,
001044,KABEL DATA OLIKE D301C TYPE C,2 PCS,0 PCS,26 PCS,,,,,,,
002549,KABEL DATA OLIKE D306M MIKRO,,,0 PCS,,,,,,,
TOTAL,2.00,0.00,26.00,,,,,,,
,Merk,Model,,,,,,,,,
,OPPO,TEMPERED GLASS,,,,,,,,,
Kode Item,Nama Item,ALFA 1 (C),ALFA 2 (C),ALFA 3 (C),ALFA 4 (C),ALFA 5 (C),ALFA 6 (C),ASBER 1 (C),ASBER 2 (C),
002359,TGS OPPO A5S/A7/A11K/A12,2 PCS,1 PCS,1 PCS,1 PCS,2 PCS,2 PCS,1 PCS,1 PCS,
002360,TGS OPPO A15/A15S/A16/A16K,1 PCS,1 PCS,0 PCS,0 PCS,1 PCS,0 PCS,0 PCS,1 PCS,
TOTAL,3.00,2.00,1.00,1.00,3.00,2.00,1.00,2.00,
Kode Item,Nama Item,BK CIJAMBE ,BK JH1 ,BK JH2 (C),BK6 ,BK7 ,BKC ,BUNISARI ,CICUKANG ,
002359,TGS OPPO A5S/A7/A11K/A12,2 PCS,0 PCS,1 PCS,1 PCS,0 PCS,0 PCS,1 PCS,1 PCS,
002360,TGS OPPO A15/A15S/A16/A16K,2 PCS,0 PCS,1 PCS,,0 PCS,1 PCS,0 PCS,1 PCS,
TOTAL,4.00,0.00,2.00,1.00,0.00,1.00,1.00,2.00,
,,,,,Bee Accounting,,,,,,,,
,15/09/2026,,,,,,,,
Kode Item,Nama Item,CIPAGALO ,CISA (C),CK (C),CL 1 ,CL 2 ,CL 3 ,DM (C),Gudang,
002359,TGS OPPO A5S/A7/A11K/A12,0 PCS,0 PCS,1 PCS,1 PCS,1 PCS,1 PCS,2 PCS,0 PCS,
002360,TGS OPPO A15/A15S/A16/A16K,0 PCS,0 PCS,0 PCS,1 PCS,1 PCS,1 PCS,2 PCS,0 PCS,
TOTAL,0.00,0.00,1.00,2.00,2.00,2.00,4.00,0.00,
Kode Item,Nama Item,PC 3 (A),PC 4 (C),PC 5 (C),PD 1 (C),PD 2 (C),RK (C),SA (C),SS (C),
002359,TGS OPPO A5S/A7/A11K/A12,1 PCS,2 PCS,0 PCS,1 PCS,2 PCS,1 PCS,0 PCS,1 PCS,
002360,TGS OPPO A15/A15S/A16/A16K,0 PCS,0 PCS,1 PCS,1 PCS,1 PCS,1 PCS,1 PCS,1 PCS,
TOTAL,1.00,2.00,1.00,2.00,3.00,2.00,1.00,2.00,
Kode Item,Nama Item,TOTAL,,,,,,,,,
002359,TGS OPPO A5S/A7/A11K/A12,31 PCS,,,,,,,,,
002360,TGS OPPO A15/A15S/A16/A16K,20 PCS,,,,,,,,,
TOTAL,51.00,,,,,,,,,
,Merk,Model,,,,,,,,,
,RAPA,CHARGER,,,,,,,,,
Kode Item,Nama Item,ALFA 1 (C),ALFA 2 (C),ALFA 3 (C),ALFA 4 (C),ALFA 5 (C),ALFA 6 (C),ALFA 7 ,ASBER 1 (C),
002893,BATOK RAPA CH1060 POWER II C TO C (PD20W),3 PCS,0 PCS,3 PCS,3 PCS,3 PCS,2 PCS,3 PCS,2 PCS,
002912,BATOK RAPA CH7013 POWER ION 45W C TO C BLUE,,1 PCS,1 PCS,,,,1 PCS,,
TOTAL,3.00,1.00,4.00,3.00,3.00,2.00,4.00,2.00,
Kode Item,Nama Item,ASBER 2 (C),BK CIJAMBE ,BK JH1 ,BK JH2 (C),BK5 CIGER ,BK6 ,BK7 ,BK8 BAKSAR ,
002893,BATOK RAPA CH1060 POWER II C TO C (PD20W),3 PCS,1 PCS,2 PCS,2 PCS,2 PCS,2 PCS,2 PCS,1 PCS,
002912,BATOK RAPA CH7013 POWER ION 45W C TO C BLUE,,,,,,,,,
TOTAL,3.00,1.00,2.00,2.00,2.00,2.00,2.00,1.00,
Kode Item,Nama Item,BK9 BAKSAR ,BKC ,BUNISARI ,CICUKANG ,CIHAURKUK,CIKADUT 2,CIPADUNG 2 ,CIPAGALO ,
002893,BATOK RAPA CH1060 POWER II C TO C (PD20W),2 PCS,1 PCS,2 PCS,2 PCS,2 PCS,2 PCS,3 PCS,2 PCS,
002912,BATOK RAPA CH7013 POWER ION 45W C TO C BLUE,,,1 PCS,,,,,,
TOTAL,2.00,1.00,3.00,2.00,2.00,2.00,3.00,2.00,
Kode Item,Nama Item,CIPOREAT,CISA (C),CK (C),CL 1 ,CL 2 ,CL 3 ,DM (C),Gudang,
002893,BATOK RAPA CH1060 POWER II C TO C (PD20W),2 PCS,3 PCS,2 PCS,2 PCS,2 PCS,2 PCS,2 PCS,0 PCS,
,,,,,Bee Accounting,,,,,,,,
,15/09/2026,,,,,,,,
Kode Item,Nama Item,CIPOREAT,CISA (C),CK (C),CL 1 ,CL 2 ,CL 3 ,DM (C),Gudang,
002912,BATOK RAPA CH7013 POWER ION 45W C TO C BLUE,,,,,,,,0 PCS,
TOTAL,2.00,3.00,2.00,2.00,2.00,2.00,2.00,0.00,
Kode Item,Nama Item,PC 3 (A),PC 4 (C),PC 5 (C),PD 1 (C),PD 2 (C),PD 3 (C),RK (C),SA (C),
002893,BATOK RAPA CH1060 POWER II C TO C (PD20W),1 PCS,2 PCS,3 PCS,3 PCS,2 PCS,3 PCS,1 PCS,3 PCS,
002912,BATOK RAPA CH7013 POWER ION 45W C TO C BLUE,,,1 PCS,,,,,,
TOTAL,1.00,2.00,4.00,3.00,2.00,3.00,1.00,3.00,
Kode Item,Nama Item,SS (C),TOTAL,,,,,,,,
002893,BATOK RAPA CH1060 POWER II C TO C (PD20W),3 PCS,86 PCS,,,,,,,,
002912,BATOK RAPA CH7013 POWER ION 45W C TO C BLUE,,5 PCS,,,,,,,,
TOTAL,3.00,91.00,,,,,,,,
,Merk,Model,,,,,,,,,
,RAPA,KABEL DATA,,,,,,,,,
Kode Item,Nama Item,ALFA 1 (C),ALFA 2 (C),ALFA 3 (C),ALFA 4 (C),ALFA 5 (C),ALFA 6 (C),ALFA 7 ,BK CIJAMBE ,
002530,KABEL DATA RAPA LINE-X A TO LIGHTNING,1 PCS,,0 PCS,,3 PCS,2 PCS,0 PCS,1 PCS,
002531,KABEL DATA RAPA LINE-X A TO MICRO,2 PCS,0 PCS,0 PCS,0 PCS,3 PCS,3 PCS,0 PCS,2 PCS,
002532,KABEL DATA RAPA LINE-X A TO TYPE C,2 PCS,0 PCS,0 PCS,0 PCS,1 PCS,0 PCS,0 PCS,0 PCS,
TOTAL,5.00,0.00,0.00,0.00,7.00,5.00,0.00,3.00,
Kode Item,Nama Item,BK JH2 (C),BK5 CIGER ,BK6 ,BK8 BAKSAR ,BKC ,BUNISARI ,Gudang,PC 3 (A),
002530,KABEL DATA RAPA LINE-X A TO LIGHTNING,2 PCS,0 PCS,0 PCS,0 PCS,0 PCS,0 PCS,0 PCS,,
002531,KABEL DATA RAPA LINE-X A TO MICRO,2 PCS,0 PCS,1 PCS,0 PCS,0 PCS,0 PCS,0 PCS,0 PCS,
002532,KABEL DATA RAPA LINE-X A TO TYPE C,2 PCS,0 PCS,1 PCS,0 PCS,0 PCS,0 PCS,0 PCS,,
TOTAL,6.00,0.00,2.00,0.00,0.00,0.00,0.00,0.00,
Kode Item,Nama Item,PC 4 (C),PC 5 (C),PD 2 (C),RK (C),SA (C),SS (C),TOTAL,,
002530,KABEL DATA RAPA LINE-X A TO LIGHTNING,0 PCS,0 PCS,0 PCS,,0 PCS,,9 PCS,,
002531,KABEL DATA RAPA LINE-X A TO MICRO,1 PCS,0 PCS,0 PCS,0 PCS,0 PCS,1 PCS,15 PCS,,
,,,,,Bee Accounting,,,,,,,,
,15/09/2026,,,,,,,,
Kode Item,Nama Item,PC 4 (C),PC 5 (C),PD 2 (C),RK (C),SA (C),SS (C),TOTAL,,
002532,KABEL DATA RAPA LINE-X A TO TYPE C,0 PCS,0 PCS,0 PCS,3 PCS,0 PCS,0 PCS,9 PCS,,
TOTAL,1.00,0.00,0.00,3.00,0.00,1.00,33.00,,
,Merk,Model,,,,,,,,,
,REXI,BATOK,,,,,,,,,
Kode Item,Nama Item,ALFA 1 (C),ALFA 2 (C),ALFA 3 (C),ALFA 4 (C),ALFA 5 (C),ALFA 6 (C),ALFA 7 ,ASBER 1 (C),
001114,BATOK CHARGER REXI BE24 2.4A,0 PCS,2 PCS,3 PCS,0 PCS,0 PCS,3 PCS,0 PCS,0 PCS,
001115,BATOK CHARGER REXI BF15 1.5A,0 PCS,1 PCS,1 PCS,0 PCS,0 PCS,0 PCS,0 PCS,0 PCS,
001117,BATOK CHARGER REXI CM30 3A 18W,0 PCS,1 PCS,2 PCS,0 PCS,0 PCS,,,0 PCS,
002261,BATOK CHARGER REXI BE21 2.1A,,,1 PCS,,,3 PCS,,,
TOTAL,0.00,4.00,7.00,0.00,0.00,6.00,0.00,0.00,
Kode Item,Nama Item,ASBER 2 (C),BK CIJAMBE ,BK JH1 ,BK JH2 (C),BK5 CIGER ,BK6 ,BK7 ,BK8 BAKSAR ,
001114,BATOK CHARGER REXI BE24 2.4A,1 PCS,3 PCS,0 PCS,0 PCS,3 PCS,1 PCS,0 PCS,1 PCS,
001115,BATOK CHARGER REXI BF15 1.5A,0 PCS,1 PCS,0 PCS,0 PCS,0 PCS,0 PCS,0 PCS,3 PCS,
001117,BATOK CHARGER REXI CM30 3A 18W,,,,,,,0 PCS,,
002261,BATOK CHARGER REXI BE21 2.1A,,,,,,,,,
TOTAL,1.00,4.00,0.00,0.00,3.00,1.00,0.00,4.00,
Kode Item,Nama Item,BK9 BAKSAR ,BKC ,BUNISARI ,CISA (C),CK (C),DM (C),Gudang,PC 3 (A),
001114,BATOK CHARGER REXI BE24 2.4A,0 PCS,0 PCS,0 PCS,0 PCS,4 PCS,0 PCS,1 PCS,0 PCS,
001115,BATOK CHARGER REXI BF15 1.5A,0 PCS,0 PCS,0 PCS,0 PCS,2 PCS,0 PCS,1 PCS,1 PCS,
001117,BATOK CHARGER REXI CM30 3A 18W,,,0 PCS,,0 PCS,0 PCS,0 PCS,,
002261,BATOK CHARGER REXI BE21 2.1A,,0 PCS,,0 PCS,,,0 PCS,,
TOTAL,0.00,0.00,0.00,0.00,6.00,0.00,2.00,1.00,
Kode Item,Nama Item,PC 4 (C),PC 5 (C),PD 1 (C),PD 2 (C),PD 3 (C),RK (C),SA (C),SS (C),
001114,BATOK CHARGER REXI BE24 2.4A,3 PCS,2 PCS,1 PCS,7 PCS,0 PCS,0 PCS,0 PCS,0 PCS,
001115,BATOK CHARGER REXI BF15 1.5A,2 PCS,0 PCS,1 PCS,0 PCS,,0 PCS,0 PCS,0 PCS,
001117,BATOK CHARGER REXI CM30 3A 18W,0 PCS,0 PCS,0 PCS,,,,,0 PCS,
002261,BATOK CHARGER REXI BE21 2.1A,0 PCS,,,1 PCS,,0 PCS,,,
TOTAL,5.00,2.00,2.00,8.00,0.00,0.00,0.00,0.00,
,,,,,Bee Accounting,,,,,,,,
,15/09/2026,,,,,,,,
Kode Item,Nama Item,TOTAL,,,,,,,,,
001114,BATOK CHARGER REXI BE24 2.4A,35 PCS,,,,,,,,,
001115,BATOK CHARGER REXI BF15 1.5A,13 PCS,,,,,,,,,
001117,BATOK CHARGER REXI CM30 3A 18W,3 PCS,,,,,,,,,
002261,BATOK CHARGER REXI BE21 2.1A,5 PCS,,,,,,,,,
TOTAL,56.00,,,,,,,,,
,Merk,Model,,,,,,,,,
,REXI,CHARGER,,,,,,,,,
Kode Item,Nama Item,ALFA 1 (C),ALFA 2 (C),ALFA 3 (C),ALFA 4 (C),ALFA 5 (C),ALFA 6 (C),ALFA 7 ,ASBER 1 (C),
001055,CHARGER REXI CH24-CS TYPE C,2 PCS,1 PCS,0 PCS,0 PCS,0 PCS,3 PCS,1 PCS,0 PCS,
001086,CHARGER REXI BC24-MS DUAL USB,2 PCS,1 PCS,3 PCS,2 PCS,0 PCS,2 PCS,,1 PCS,
001087,CHARGER REXI CH24-LS SINGLE USB LIGHTNING,1 PCS,6 PCS,4 PCS,4 PCS,1 PCS,4 PCS,4 PCS,1 PCS,
001088,CHARGER REXI CH24-MS SINGLE USB MICRO 2.4A,0 PCS,2 PCS,0 PCS,1 PCS,0 PCS,0 PCS,1 PCS,0 PCS,
001118,CHARGER REXI CQ15-M MIKRO,0 PCS,0 PCS,0 PCS,0 PCS,0 PCS,0 PCS,,0 PCS,
TOTAL,5.00,10.00,7.00,7.00,1.00,9.00,6.00,2.00,
Kode Item,Nama Item,ASBER 2 (C),BK CIJAMBE ,BK JH1 ,BK JH2 (C),BK5 CIGER ,BK6 ,BK7 ,BK8 BAKSAR ,
001055,CHARGER REXI CH24-CS TYPE C,0 PCS,1 PCS,0 PCS,0 PCS,0 PCS,0 PCS,0 PCS,1 PCS,
001086,CHARGER REXI BC24-MS DUAL USB,1 PCS,0 PCS,0 PCS,0 PCS,,,0 PCS,,
001087,CHARGER REXI CH24-LS SINGLE USB LIGHTNING,3 PCS,3 PCS,4 PCS,4 PCS,4 PCS,10 PCS,3 PCS,3 PCS,
001088,CHARGER REXI CH24-MS SINGLE USB MICRO 2.4A,0 PCS,1 PCS,1 PCS,0 PCS,0 PCS,1 PCS,0 PCS,0 PCS,
001118,CHARGER REXI CQ15-M MIKRO,0 PCS,0 PCS,0 PCS,0 PCS,,,0 PCS,,
TOTAL,4.00,5.00,5.00,4.00,4.00,11.00,3.00,4.00,
Kode Item,Nama Item,BK9 BAKSAR ,BKC ,BUNISARI ,CICUKANG ,CIPADUNG 2 ,CISA (C),CK (C),DM (C),
001055,CHARGER REXI CH24-CS TYPE C,2 PCS,0 PCS,2 PCS,,,0 PCS,0 PCS,1 PCS,
001086,CHARGER REXI BC24-MS DUAL USB,,1 PCS,0 PCS,,,0 PCS,0 PCS,3 PCS,
001087,CHARGER REXI CH24-LS SINGLE USB LIGHTNING,4 PCS,1 PCS,5 PCS,2 PCS,2 PCS,0 PCS,2 PCS,0 PCS,
001088,CHARGER REXI CH24-MS SINGLE USB MICRO 2.4A,0 PCS,1 PCS,0 PCS,,,0 PCS,1 PCS,1 PCS,
001118,CHARGER REXI CQ15-M MIKRO,,0 PCS,0 PCS,,,0 PCS,0 PCS,0 PCS,
TOTAL,6.00,3.00,7.00,2.00,2.00,0.00,3.00,5.00,
,,,,,Bee Accounting,,,,,,,,
,15/09/2026,,,,,,,,
Kode Item,Nama Item,Gudang,PC 3 (A),PC 4 (C),PC 5 (C),PD 1 (C),PD 2 (C),PD 3 (C),RK (C),
001055,CHARGER REXI CH24-CS TYPE C,0 PCS,0 PCS,0 PCS,2 PCS,1 PCS,0 PCS,0 PCS,0 PCS,
001086,CHARGER REXI BC24-MS DUAL USB,0 PCS,0 PCS,0 PCS,1 PCS,2 PCS,0 PCS,,1 PCS,
001087,CHARGER REXI CH24-LS SINGLE USB LIGHTNING,2 PCS,1 PCS,2 PCS,1 PCS,3 PCS,3 PCS,5 PCS,0 PCS,
001088,CHARGER REXI CH24-MS SINGLE USB MICRO 2.4A,1 PCS,0 PCS,0 PCS,1 PCS,0 PCS,0 PCS,5 PCS,0 PCS,
001118,CHARGER REXI CQ15-M MIKRO,0 PCS,0 PCS,1 PCS,0 PCS,1 PCS,0 PCS,,0 PCS,
TOTAL,3.00,1.00,3.00,5.00,7.00,3.00,10.00,1.00,
Kode Item,Nama Item,SA (C),SS (C),TOTAL,,,,,,,
001055,CHARGER REXI CH24-CS TYPE C,0 PCS,3 PCS,20 PCS,,,,,,,
001086,CHARGER REXI BC24-MS DUAL USB,2 PCS,3 PCS,25 PCS,,,,,,,
001087,CHARGER REXI CH24-LS SINGLE USB LIGHTNING,3 PCS,6 PCS,101 PCS,,,,,,,
001088,CHARGER REXI CH24-MS SINGLE USB MICRO 2.4A,0 PCS,0 PCS,17 PCS,,,,,,,
001118,CHARGER REXI CQ15-M MIKRO,0 PCS,2 PCS,4 PCS,,,,,,,
TOTAL,5.00,14.00,167.00,,,,,,,
,Merk,Model,,,,,,,,,
,REXI,HANDSFREE,,,,,,,,,
Kode Item,Nama Item,ALFA 1 (C),ALFA 2 (C),ALFA 3 (C),ALFA 4 (C),ALFA 5 (C),ALFA 6 (C),ALFA 7 ,ASBER 1 (C),
001018,HF REXI AI01-P,2 PCS,4 PCS,0 PCS,0 PCS,0 PCS,12 PCS,0 PCS,0 PCS,
001019,HF REXI AI05-KX,2 PCS,3 PCS,4 PCS,2 PCS,1 PCS,4 PCS,,1 PCS,
001020,HF REXI AI08-K WIRED EARPHONE,1 PCS,5 PCS,6 PCS,0 PCS,1 PCS,2 PCS,,1 PCS,
001023,ACC HF REXI AS12-K WIRED EARPHONE,,,,,,,,,
001025,HF REXI EI01 WHITE,0 PCS,,2 PCS,,,,,,
001027,HF REXI ES02 WIRED EARPHONE,0 PCS,1 PCS,3 PCS,,0 PCS,,,0 PCS,
002020,HF REXI AI16-K,0 PCS,0 PCS,0 PCS,0 PCS,0 PCS,0 PCS,,0 PCS,
002282,HF REXI EI05,0 PCS,0 PCS,0 PCS,0 PCS,0 PCS,0 PCS,,0 PCS,
002287,HF REXI ES03,0 PCS,14 PCS,5 PCS,4 PCS,6 PCS,11 PCS,0 PCS,9 PCS,
002523,TWS REXI WA10,0 PCS,0 PCS,0 PCS,0 PCS,0 PCS,0 PCS,0 PCS,0 PCS,
002740,HF REXI ASR2-K,7 PCS,4 PCS,10 PCS,3 PCS,8 PCS,7 PCS,7 PCS,9 PCS,
002743,TWS REXI WA10,,2 PCS,,,,,0 PCS,,
002768,HF REXI AI12,,,,,,,,,
002769,HF REXI AS11-K,,,,,,,,,
,,,,,Bee Accounting,,,,,,,,
,15/09/2026,,,,,,,,
Kode Item,Nama Item,ALFA 1 (C),ALFA 2 (C),ALFA 3 (C),ALFA 4 (C),ALFA 5 (C),ALFA 6 (C),ALFA 7 ,ASBER 1 (C),
TOTAL,12.00,33.00,30.00,9.00,16.00,36.00,7.00,20.00,
Kode Item,Nama Item,ASBER 2 (C),BK CIJAMBE ,BK JH1 ,BK JH2 (C),BK5 CIGER ,BK6 ,BK7 ,BK8 BAKSAR ,
001018,HF REXI AI01-P,0 PCS,4 PCS,0 PCS,0 PCS,2 PCS,4 PCS,9 PCS,3 PCS,
001019,HF REXI AI05-KX,0 PCS,5 PCS,5 PCS,1 PCS,,,0 PCS,,
001020,HF REXI AI08-K WIRED EARPHONE,0 PCS,5 PCS,5 PCS,4 PCS,,,1 PCS,,
001023,ACC HF REXI AS12-K WIRED EARPHONE,,,,,9 PCS,10 PCS,,,
001025,HF REXI EI01 WHITE,,,,,,,,,
001027,HF REXI ES02 WIRED EARPHONE,0 PCS,,,0 PCS,,,,,
002020,HF REXI AI16-K,0 PCS,2 PCS,2 PCS,0 PCS,,,0 PCS,,
002282,HF REXI EI05,0 PCS,0 PCS,0 PCS,0 PCS,,,0 PCS,,
002287,HF REXI ES03,4 PCS,1 PCS,6 PCS,5 PCS,0 PCS,6 PCS,2 PCS,7 PCS,
002523,TWS REXI WA10,0 PCS,0 PCS,1 PCS,0 PCS,0 PCS,0 PCS,0 PCS,0 PCS,
002740,HF REXI ASR2-K,10 PCS,3 PCS,9 PCS,10 PCS,7 PCS,9 PCS,5 PCS,12 PCS,
002743,TWS REXI WA10,,,,,,,,,
002768,HF REXI AI12,,,,,,,,,
002769,HF REXI AS11-K,,,,,,,,,
TOTAL,14.00,20.00,28.00,20.00,18.00,29.00,17.00,22.00,
Kode Item,Nama Item,BK9 BAKSAR ,BKC ,BUNISARI ,CICUKANG ,CIHAURKUK,CIKADUT 2,CIPADUNG 2 ,CIPAGALO ,
001018,HF REXI AI01-P,3 PCS,0 PCS,0 PCS,2 PCS,9 PCS,0 PCS,2 PCS,0 PCS,
001019,HF REXI AI05-KX,,,5 PCS,,1 PCS,,,,
001020,HF REXI AI08-K WIRED EARPHONE,,4 PCS,3 PCS,,,,,,
001023,ACC HF REXI AS12-K WIRED EARPHONE,,,,,,,,,
001025,HF REXI EI01 WHITE,,,,,3 PCS,,,,
001027,HF REXI ES02 WIRED EARPHONE,,,1 PCS,,,,,,
002020,HF REXI AI16-K,,,0 PCS,,,,,,
002282,HF REXI EI05,,,0 PCS,,0 PCS,,,,
002287,HF REXI ES03,0 PCS,5 PCS,0 PCS,15 PCS,7 PCS,5 PCS,0 PCS,4 PCS,
002523,TWS REXI WA10,,0 PCS,0 PCS,0 PCS,1 PCS,,,,
002740,HF REXI ASR2-K,4 PCS,4 PCS,3 PCS,11 PCS,4 PCS,4 PCS,5 PCS,6 PCS,
002743,TWS REXI WA10,,,1 PCS,2 PCS,,,,,
002768,HF REXI AI12,,,,,2 PCS,,,,
,,,,Bee Accounting,,,,,,,,
,15/09/2026,,,,,,,
Kode Item,Nama Item,BK9 BAKSAR ,BKC ,BUNISARI ,CICUKANG ,CIHAURKUK,CIKADUT 2,CIPADUNG 2 ,CIPAGALO ,
002769,HF REXI AS11-K,,,,,0 PCS,,,,
TOTAL,7.00,13.00,13.00,30.00,27.00,9.00,7.00,10.00,
Kode Item,Nama Item,CIPOREAT,CISA (C),CK (C),CL 1 ,CL 2 ,CL 3 ,CL 4 ,DM (C),
001018,HF REXI AI01-P,4 PCS,0 PCS,0 PCS,6 PCS,2 PCS,3 PCS,,0 PCS,
001019,HF REXI AI05-KX,,6 PCS,2 PCS,5 PCS,,,,4 PCS,
001020,HF REXI AI08-K WIRED EARPHONE,,0 PCS,4 PCS,5 PCS,,,,6 PCS,
001023,ACC HF REXI AS12-K WIRED EARPHONE,,,,,,,,0 PCS,
001025,HF REXI EI01 WHITE,,,,,,,,1 PCS,
001027,HF REXI ES02 WIRED EARPHONE,,,0 PCS,,,,,0 PCS,
002020,HF REXI AI16-K,,0 PCS,0 PCS,5 PCS,,,,0 PCS,
002282,HF REXI EI05,,0 PCS,0 PCS,,,,,0 PCS,
002287,HF REXI ES03,2 PCS,2 PCS,0 PCS,7 PCS,0 PCS,0 PCS,,0 PCS,
002523,TWS REXI WA10,,0 PCS,0 PCS,,,,,0 PCS,
002740,HF REXI ASR2-K,9 PCS,11 PCS,4 PCS,4 PCS,3 PCS,5 PCS,3 PCS,9 PCS,
002743,TWS REXI WA10,,,,,,,,,
002768,HF REXI AI12,,,,,,,,,
002769,HF REXI AS11-K,,,,,,,,,
TOTAL,15.00,19.00,10.00,32.00,5.00,8.00,3.00,20.00,
Kode Item,Nama Item,Gudang,PC 3 (A),PC 4 (C),PC 5 (C),PD 1 (C),PD 2 (C),PD 3 (C),RK (C),
001018,HF REXI AI01-P,1 PCS,1 PCS,1 PCS,0 PCS,0 PCS,0 PCS,4 PCS,2 PCS,
001019,HF REXI AI05-KX,0 PCS,5 PCS,3 PCS,4 PCS,6 PCS,6 PCS,,2 PCS,
001020,HF REXI AI08-K WIRED EARPHONE,0 PCS,7 PCS,3 PCS,3 PCS,3 PCS,5 PCS,,0 PCS,
001023,ACC HF REXI AS12-K WIRED EARPHONE,0 PCS,,,,,,,,
001025,HF REXI EI01 WHITE,0 PCS,,,,2 PCS,,,3 PCS,
001027,HF REXI ES02 WIRED EARPHONE,1 PCS,0 PCS,0 PCS,0 PCS,2 PCS,1 PCS,,0 PCS,
002020,HF REXI AI16-K,0 PCS,0 PCS,4 PCS,0 PCS,0 PCS,0 PCS,,0 PCS,
002282,HF REXI EI05,0 PCS,0 PCS,0 PCS,0 PCS,0 PCS,0 PCS,,0 PCS,
002287,HF REXI ES03,1 PCS,0 PCS,3 PCS,0 PCS,5 PCS,0 PCS,4 PCS,4 PCS,
002523,TWS REXI WA10,0 PCS,0 PCS,0 PCS,0 PCS,0 PCS,0 PCS,,0 PCS,
002740,HF REXI ASR2-K,0 PCS,11 PCS,10 PCS,8 PCS,7 PCS,9 PCS,7 PCS,6 PCS,
002743,TWS REXI WA10,0 PCS,,,,,,,,
,,,,Bee Accounting,,,,,,,,
,15/09/2026,,,,,,,
Kode Item,Nama Item,Gudang,PC 3 (A),PC 4 (C),PC 5 (C),PD 1 (C),PD 2 (C),PD 3 (C),RK (C),
002768,HF REXI AI12,0 PCS,,,,,,,,
002769,HF REXI AS11-K,0 PCS,,,,,,,,
TOTAL,3.00,24.00,24.00,15.00,25.00,21.00,15.00,17.00,
Kode Item,Nama Item,SA (C),SS (C),TOTAL,,,,,,,
001018,HF REXI AI01-P,0 PCS,0 PCS,80 PCS,,,,,,,
001019,HF REXI AI05-KX,3 PCS,4 PCS,84 PCS,,,,,,,
001020,HF REXI AI08-K WIRED EARPHONE,4 PCS,0 PCS,78 PCS,,,,,,,
001023,ACC HF REXI AS12-K WIRED EARPHONE,,,19 PCS,,,,,,,
001025,HF REXI EI01 WHITE,,,11 PCS,,,,,,,
001027,HF REXI ES02 WIRED EARPHONE,0 PCS,0 PCS,9 PCS,,,,,,,
002020,HF REXI AI16-K,0 PCS,0 PCS,13 PCS,,,,,,,
002282,HF REXI EI05,0 PCS,0 PCS,0 PCS,,,,,,,
002287,HF REXI ES03,0 PCS,0 PCS,144 PCS,,,,,,,
002523,TWS REXI WA10,0 PCS,0 PCS,2 PCS,,,,,,,
002740,HF REXI ASR2-K,5 PCS,10 PCS,282 PCS,,,,,,,
002743,TWS REXI WA10,,,5 PCS,,,,,,,
002768,HF REXI AI12,,,2 PCS,,,,,,,
002769,HF REXI AS11-K,,,0 PCS,,,,,,,
TOTAL,12.00,14.00,729.00,,,,,,,
,Merk,Model,,,,,,,,,
,REXI,KABEL DATA,,,,,,,,,
Kode Item,Nama Item,ALFA 1 (C),ALFA 2 (C),ALFA 3 (C),ALFA 4 (C),ALFA 5 (C),ALFA 6 (C),ALFA 7 ,ASBER 1 (C),
001039,KABEL DATA REXI TA20-L LIGHTING,0 PCS,6 PCS,7 PCS,3 PCS,0 PCS,5 PCS,,4 PCS,
001046,KABEL DATA REXI TK20-L IPHONE TOPLES,,,,0 PCS,,,,2 PCS,
001047,KABEL DATA REXI TL20-M MIKRO TOPLES,0 PCS,9 PCS,0 PCS,0 PCS,2 PCS,2 PCS,0 PCS,0 PCS,
001048,KABEL DATA REXI TB20-MS MIKRO,0 PCS,4 PCS,0 PCS,2 PCS,4 PCS,,,4 PCS,
001049,KABEL DATA REXI TE20-M MIKRO 2.4A,0 PCS,2 PCS,2 PCS,,0 PCS,,,5 PCS,
001050,KABEL DATA REXI TJ20-MX MIKRO,1 PCS,5 PCS,4 PCS,0 PCS,5 PCS,,,1 PCS,
001051,KABEL DATA REXI TA20-C KABEL TYPE C,0 PCS,,0 PCS,0 PCS,,0 PCS,,0 PCS,
,,,,,Bee Accounting,,,,,,,,
,15/09/2026,,,,,,,,
Kode Item,Nama Item,ALFA 1 (C),ALFA 2 (C),ALFA 3 (C),ALFA 4 (C),ALFA 5 (C),ALFA 6 (C),ALFA 7 ,ASBER 1 (C),
001052,KABEL DATA REXI TA20-M KABEL TOPLES M 2.4A,,,,,,1 PCS,,,
001053,KABEL DATA REXI TC20-M FLAT MICRO,0 PCS,,1 PCS,,0 PCS,3 PCS,,0 PCS,
001054,KABEL DATA REXI TD20-M DATA CABLE MICRO,1 PCS,4 PCS,2 PCS,2 PCS,3 PCS,3 PCS,,2 PCS,
001056,KABEL DATA REXI KC01-CX 2.4A TYPE C,1 PCS,0 PCS,,1 PCS,2 PCS,,1 PCS,0 PCS,
001057,KABEL DATA REXI TE20-C 3A TYPE C,0 PCS,0 PCS,6 PCS,0 PCS,5 PCS,3 PCS,,0 PCS,
001058,KABEL DATA REXI TJ20-C TYPE C,2 PCS,,0 PCS,0 PCS,,,,,
001059,KABEL DATA REXI TK20-C TYPE C TOPLES,0 PCS,0 PCS,0 PCS,0 PCS,0 PCS,3 PCS,,3 PCS,
001074,KABEL DATA REXI KD01-T TRIPLE,0 PCS,1 PCS,3 PCS,0 PCS,2 PCS,,,0 PCS,
001089,KABEL DATA REXI KA01-M FLAT 2.4A MIKRO,1 PCS,6 PCS,2 PCS,0 PCS,1 PCS,,,1 PCS,
001093,KABEL DATA REXI KC01-LX LIGHTNING,4 PCS,7 PCS,4 PCS,4 PCS,3 PCS,,,3 PCS,
001094,KABEL DATA REXI KC01-MX MICRO,0 PCS,0 PCS,3 PCS,2 PCS,0 PCS,,,,
001430,KABEL DATA REXI TJ20-C TYPE C,0 PCS,5 PCS,,1 PCS,4 PCS,,,0 PCS,
001828,KABEL DATA REXI TJ20-LX IPHONE,1 PCS,1 PCS,,3 PCS,2 PCS,,,3 PCS,
001829,KABEL DATA REXI TC20-CX TYPE C,0 PCS,,0 PCS,,,,,3 PCS,
002209,KABEL DATA REXI KM01-MIKRO,,,,,,,,,
002210,KABEL DATA REXI TN20-M MIKRO,4 PCS,5 PCS,1 PCS,0 PCS,0 PCS,0 PCS,,9 PCS,
002211,KABEL DATA REXI KI01-C TYPE C,,3 PCS,,,,,,,
002499,KABEL DATA REXI TN20-C TYPE C,0 PCS,1 PCS,3 PCS,2 PCS,5 PCS,1 PCS,0 PCS,8 PCS,
002500,KABEL DATA REXI TL20-L IPHONE,7 PCS,4 PCS,1 PCS,,3 PCS,,,,
002629,KABEL DATA REXI TL20-C TYPE C 3A,5 PCS,9 PCS,4 PCS,8 PCS,12 PCS,5 PCS,5 PCS,5 PCS,
002739,KABEL DATA REXI KA02-C KABEL TYPE-C 200CM FLAT 3A,1 PCS,4 PCS,,0 PCS,,,,,
002741,KABEL DATA REXI KG01-C TYPE C,4 PCS,4 PCS,,2 PCS,5 PCS,,0 PCS,0 PCS,
002742,KABEL DATA REXI KJ01-CCX KABEL C TO C,5 PCS,4 PCS,5 PCS,4 PCS,5 PCS,3 PCS,3 PCS,5 PCS,
TOTAL,37.00,84.00,48.00,34.00,63.00,29.00,9.00,58.00,
Kode Item,Nama Item,ASBER 2 (C),BK CIJAMBE ,BK JH1 ,BK JH2 (C),BK5 CIGER ,BK6 ,BK7 ,BK8 BAKSAR ,
001039,KABEL DATA REXI TA20-L LIGHTING,0 PCS,0 PCS,2 PCS,1 PCS,,,0 PCS,,
,,,,Bee Accounting,,,,,,,,
,15/09/2026,,,,,,,
Kode Item,Nama Item,ASBER 2 (C),BK CIJAMBE ,BK JH1 ,BK JH2 (C),BK5 CIGER ,BK6 ,BK7 ,BK8 BAKSAR ,
001046,KABEL DATA REXI TK20-L IPHONE TOPLES,,,,,,,,,
001047,KABEL DATA REXI TL20-M MIKRO TOPLES,2 PCS,0 PCS,5 PCS,0 PCS,0 PCS,6 PCS,4 PCS,4 PCS,
001048,KABEL DATA REXI TB20-MS MIKRO,,,,,,,0 PCS,,
001049,KABEL DATA REXI TE20-M MIKRO 2.4A,0 PCS,,,0 PCS,,,,,
001050,KABEL DATA REXI TJ20-MX MIKRO,7 PCS,,,,,,0 PCS,,
001051,KABEL DATA REXI TA20-C KABEL TYPE C,,,,,,,,,
001052,KABEL DATA REXI TA20-M KABEL TOPLES M 2.4A,,,1 PCS,0 PCS,,,,,
001053,KABEL DATA REXI TC20-M FLAT MICRO,0 PCS,,,0 PCS,,,,,
001054,KABEL DATA REXI TD20-M DATA CABLE MICRO,0 PCS,,,,,,,,
001056,KABEL DATA REXI KC01-CX 2.4A TYPE C,0 PCS,,,,,,2 PCS,,
001057,KABEL DATA REXI TE20-C 3A TYPE C,0 PCS,0 PCS,0 PCS,0 PCS,,,0 PCS,,
001058,KABEL DATA REXI TJ20-C TYPE C,0 PCS,,,,,,1 PCS,,
001059,KABEL DATA REXI TK20-C TYPE C TOPLES,0 PCS,0 PCS,1 PCS,0 PCS,,,0 PCS,,
001074,KABEL DATA REXI KD01-T TRIPLE,2 PCS,,,,,,,,
001089,KABEL DATA REXI KA01-M FLAT 2.4A MIKRO,0 PCS,,,,,,,,
001093,KABEL DATA REXI KC01-LX LIGHTNING,3 PCS,,,,,,2 PCS,,
001094,KABEL DATA REXI KC01-MX MICRO,0 PCS,,,,,,1 PCS,,
001430,KABEL DATA REXI TJ20-C TYPE C,0 PCS,,,,,,,,
001828,KABEL DATA REXI TJ20-LX IPHONE,,,,,,,,,
001829,KABEL DATA REXI TC20-CX TYPE C,,,,,,,,,
002209,KABEL DATA REXI KM01-MIKRO,,5 PCS,,,,,,,
002210,KABEL DATA REXI TN20-M MIKRO,0 PCS,1 PCS,0 PCS,1 PCS,,,0 PCS,,
002211,KABEL DATA REXI KI01-C TYPE C,,10 PCS,,,,,,,
002499,KABEL DATA REXI TN20-C TYPE C,2 PCS,,5 PCS,1 PCS,19 PCS,0 PCS,1 PCS,0 PCS,
002500,KABEL DATA REXI TL20-L IPHONE,,,,,0 PCS,8 PCS,2 PCS,,
002629,KABEL DATA REXI TL20-C TYPE C 3A,12 PCS,12 PCS,11 PCS,11 PCS,3 PCS,6 PCS,13 PCS,13 PCS,
,,,,Bee Accounting,,,,,,,,
,15/09/2026,,,,,,,
Kode Item,Nama Item,ASBER 2 (C),BK CIJAMBE ,BK JH1 ,BK JH2 (C),BK5 CIGER ,BK6 ,BK7 ,BK8 BAKSAR ,
002739,KABEL DATA REXI KA02-C KABEL TYPE-C 200CM FLAT 3A,,,,,,,0 PCS,,
002741,KABEL DATA REXI KG01-C TYPE C,5 PCS,,,,,,,2 PCS,
002742,KABEL DATA REXI KJ01-CCX KABEL C TO C,5 PCS,5 PCS,5 PCS,4 PCS,5 PCS,5 PCS,5 PCS,5 PCS,
TOTAL,38.00,33.00,30.00,18.00,27.00,25.00,31.00,24.00,
Kode Item,Nama Item,BK9 BAKSAR ,BKC ,BUNISARI ,CICUKANG ,CIHAURKUK,CIKADUT 2,CIPADUNG 2 ,CIPAGALO ,
001039,KABEL DATA REXI TA20-L LIGHTING,,,3 PCS,,,,,,
001046,KABEL DATA REXI TK20-L IPHONE TOPLES,,0 PCS,0 PCS,,,,,,
001047,KABEL DATA REXI TL20-M MIKRO TOPLES,3 PCS,0 PCS,0 PCS,1 PCS,,9 PCS,0 PCS,5 PCS,
001048,KABEL DATA REXI TB20-MS MIKRO,,,2 PCS,,,,,,
001049,KABEL DATA REXI TE20-M MIKRO 2.4A,,,0 PCS,,,,,,
001050,KABEL DATA REXI TJ20-MX MIKRO,,,2 PCS,,,,,,
001051,KABEL DATA REXI TA20-C KABEL TYPE C,,,1 PCS,,,,,,
001052,KABEL DATA REXI TA20-M KABEL TOPLES M 2.4A,,,,,,,,,
001053,KABEL DATA REXI TC20-M FLAT MICRO,,,0 PCS,,,,,,
001054,KABEL DATA REXI TD20-M DATA CABLE MICRO,,,1 PCS,,,,,,
001056,KABEL DATA REXI KC01-CX 2.4A TYPE C,,,3 PCS,,,,,,
001057,KABEL DATA REXI TE20-C 3A TYPE C,,,0 PCS,,,,,,
001058,KABEL DATA REXI TJ20-C TYPE C,,,,,,,,,
001059,KABEL DATA REXI TK20-C TYPE C TOPLES,,0 PCS,0 PCS,,,,,,
001074,KABEL DATA REXI KD01-T TRIPLE,,,1 PCS,,,,,,
001089,KABEL DATA REXI KA01-M FLAT 2.4A MIKRO,,,0 PCS,,,,,,
001093,KABEL DATA REXI KC01-LX LIGHTNING,,,3 PCS,,,,,,
001094,KABEL DATA REXI KC01-MX MICRO,,,2 PCS,,,,,,
001430,KABEL DATA REXI TJ20-C TYPE C,,,0 PCS,,,,,,
,,,,Bee Accounting,,,,,,,,
,15/09/2026,,,,,,,
Kode Item,Nama Item,BK9 BAKSAR ,BKC ,BUNISARI ,CICUKANG ,CIHAURKUK,CIKADUT 2,CIPADUNG 2 ,CIPAGALO ,
001828,KABEL DATA REXI TJ20-LX IPHONE,,,0 PCS,,,,,,
001829,KABEL DATA REXI TC20-CX TYPE C,,,3 PCS,,,,,,
002209,KABEL DATA REXI KM01-MIKRO,,,,,,,,,
002210,KABEL DATA REXI TN20-M MIKRO,,8 PCS,0 PCS,,,,,,
002211,KABEL DATA REXI KI01-C TYPE C,,,,,,,,,
002499,KABEL DATA REXI TN20-C TYPE C,,0 PCS,1 PCS,,,,,,
002500,KABEL DATA REXI TL20-L IPHONE,,2 PCS,20 PCS,20 PCS,,,,,
002629,KABEL DATA REXI TL20-C TYPE C 3A,13 PCS,7 PCS,19 PCS,8 PCS,5 PCS,15 PCS,5 PCS,9 PCS,
002739,KABEL DATA REXI KA02-C KABEL TYPE-C 200CM FLAT 3A,,,2 PCS,3 PCS,,,,,
002741,KABEL DATA REXI KG01-C TYPE C,,4 PCS,3 PCS,4 PCS,,,1 PCS,,
002742,KABEL DATA REXI KJ01-CCX KABEL C TO C,5 PCS,2 PCS,3 PCS,2 PCS,,4 PCS,0 PCS,5 PCS,
TOTAL,21.00,23.00,69.00,38.00,5.00,28.00,6.00,19.00,
Kode Item,Nama Item,CIPOREAT,CISA (C),CK (C),CL 1 ,CL 2 ,CL 3 ,CL 4 ,DM (C),
001039,KABEL DATA REXI TA20-L LIGHTING,,0 PCS,0 PCS,,,,,4 PCS,
001046,KABEL DATA REXI TK20-L IPHONE TOPLES,,,,,,,,0 PCS,
001047,KABEL DATA REXI TL20-M MIKRO TOPLES,,0 PCS,0 PCS,1 PCS,2 PCS,7 PCS,,2 PCS,
001048,KABEL DATA REXI TB20-MS MIKRO,,0 PCS,1 PCS,5 PCS,,,,0 PCS,
001049,KABEL DATA REXI TE20-M MIKRO 2.4A,,,0 PCS,,,,,0 PCS,
001050,KABEL DATA REXI TJ20-MX MIKRO,,0 PCS,2 PCS,5 PCS,,,,0 PCS,
001051,KABEL DATA REXI TA20-C KABEL TYPE C,,,,,,,,0 PCS,
001052,KABEL DATA REXI TA20-M KABEL TOPLES M 2.4A,,,,,,,,0 PCS,
001053,KABEL DATA REXI TC20-M FLAT MICRO,,0 PCS,0 PCS,,,,,0 PCS,
001054,KABEL DATA REXI TD20-M DATA CABLE MICRO,,0 PCS,2 PCS,,,,,0 PCS,
001056,KABEL DATA REXI KC01-CX 2.4A TYPE C,,,1 PCS,,,,,0 PCS,
001057,KABEL DATA REXI TE20-C 3A TYPE C,,0 PCS,0 PCS,,,,,0 PCS,
,,,,Bee Accounting,,,,,,,,
,15/09/2026,,,,,,,
Kode Item,Nama Item,CIPOREAT,CISA (C),CK (C),CL 1 ,CL 2 ,CL 3 ,CL 4 ,DM (C),
001058,KABEL DATA REXI TJ20-C TYPE C,,,,,,,,0 PCS,
001059,KABEL DATA REXI TK20-C TYPE C TOPLES,,0 PCS,0 PCS,,,,,0 PCS,
001074,KABEL DATA REXI KD01-T TRIPLE,,,2 PCS,,,,,3 PCS,
001089,KABEL DATA REXI KA01-M FLAT 2.4A MIKRO,,0 PCS,2 PCS,5 PCS,,,,4 PCS,
001093,KABEL DATA REXI KC01-LX LIGHTNING,,4 PCS,5 PCS,,,,,4 PCS,
001094,KABEL DATA REXI KC01-MX MICRO,,,4 PCS,,,,,5 PCS,
001430,KABEL DATA REXI TJ20-C TYPE C,,,0 PCS,,,,,0 PCS,
001828,KABEL DATA REXI TJ20-LX IPHONE,,,,,,,,0 PCS,
001829,KABEL DATA REXI TC20-CX TYPE C,,0 PCS,,,,,,0 PCS,
002209,KABEL DATA REXI KM01-MIKRO,,,,,,,,,
002210,KABEL DATA REXI TN20-M MIKRO,,0 PCS,0 PCS,,,,,0 PCS,
002211,KABEL DATA REXI KI01-C TYPE C,,,2 PCS,0 PCS,,,,,
002499,KABEL DATA REXI TN20-C TYPE C,,1 PCS,3 PCS,,,,,0 PCS,
002500,KABEL DATA REXI TL20-L IPHONE,,,,,,,,,
002629,KABEL DATA REXI TL20-C TYPE C 3A,5 PCS,6 PCS,12 PCS,8 PCS,14 PCS,7 PCS,5 PCS,5 PCS,
002739,KABEL DATA REXI KA02-C KABEL TYPE-C 200CM FLAT 3A,,0 PCS,,,,,,,
002741,KABEL DATA REXI KG01-C TYPE C,,,,,3 PCS,,,,
002742,KABEL DATA REXI KJ01-CCX KABEL C TO C,5 PCS,0 PCS,5 PCS,10 PCS,5 PCS,4 PCS,,5 PCS,
TOTAL,10.00,11.00,41.00,34.00,24.00,18.00,5.00,32.00,
Kode Item,Nama Item,Gudang,PC 3 (A),PC 4 (C),PC 5 (C),PD 1 (C),PD 2 (C),PD 3 (C),RK (C),
001039,KABEL DATA REXI TA20-L LIGHTING,0 PCS,2 PCS,0 PCS,0 PCS,4 PCS,0 PCS,,2 PCS,
001046,KABEL DATA REXI TK20-L IPHONE TOPLES,0 PCS,0 PCS,2 PCS,,2 PCS,,,,
001047,KABEL DATA REXI TL20-M MIKRO TOPLES,1 PCS,6 PCS,7 PCS,0 PCS,2 PCS,0 PCS,0 PCS,6 PCS,
001048,KABEL DATA REXI TB20-MS MIKRO,0 PCS,,3 PCS,1 PCS,5 PCS,,,0 PCS,
001049,KABEL DATA REXI TE20-M MIKRO 2.4A,0 PCS,,0 PCS,0 PCS,1 PCS,,,0 PCS,
001050,KABEL DATA REXI TJ20-MX MIKRO,0 PCS,,,1 PCS,1 PCS,,,0 PCS,
,,,,Bee Accounting,,,,,,,,
,15/09/2026,,,,,,,
Kode Item,Nama Item,Gudang,PC 3 (A),PC 4 (C),PC 5 (C),PD 1 (C),PD 2 (C),PD 3 (C),RK (C),
001051,KABEL DATA REXI TA20-C KABEL TYPE C,0 PCS,,,,,,,,
001052,KABEL DATA REXI TA20-M KABEL TOPLES M 2.4A,0 PCS,2 PCS,,,,,,,
001053,KABEL DATA REXI TC20-M FLAT MICRO,0 PCS,1 PCS,,0 PCS,5 PCS,,,0 PCS,
001054,KABEL DATA REXI TD20-M DATA CABLE MICRO,0 PCS,,4 PCS,2 PCS,2 PCS,1 PCS,,,
001056,KABEL DATA REXI KC01-CX 2.4A TYPE C,0 PCS,,1 PCS,1 PCS,0 PCS,1 PCS,,0 PCS,
001057,KABEL DATA REXI TE20-C 3A TYPE C,0 PCS,0 PCS,0 PCS,0 PCS,1 PCS,3 PCS,,,
001058,KABEL DATA REXI TJ20-C TYPE C,0 PCS,0 PCS,,1 PCS,,,,0 PCS,
001059,KABEL DATA REXI TK20-C TYPE C TOPLES,0 PCS,2 PCS,0 PCS,0 PCS,0 PCS,0 PCS,,0 PCS,
001074,KABEL DATA REXI KD01-T TRIPLE,0 PCS,0 PCS,1 PCS,2 PCS,2 PCS,,,0 PCS,
001089,KABEL DATA REXI KA01-M FLAT 2.4A MIKRO,0 PCS,,1 PCS,,0 PCS,,,,
001093,KABEL DATA REXI KC01-LX LIGHTNING,0 PCS,,2 PCS,3 PCS,3 PCS,5 PCS,,5 PCS,
001094,KABEL DATA REXI KC01-MX MICRO,0 PCS,,1 PCS,0 PCS,0 PCS,0 PCS,,2 PCS,
001430,KABEL DATA REXI TJ20-C TYPE C,0 PCS,0 PCS,,2 PCS,6 PCS,0 PCS,,0 PCS,
001828,KABEL DATA REXI TJ20-LX IPHONE,0 PCS,1 PCS,1 PCS,0 PCS,,,,,
001829,KABEL DATA REXI TC20-CX TYPE C,0 PCS,1 PCS,0 PCS,0 PCS,,,,,
002209,KABEL DATA REXI KM01-MIKRO,0 PCS,,,,,,,,
002210,KABEL DATA REXI TN20-M MIKRO,0 PCS,0 PCS,0 PCS,0 PCS,3 PCS,5 PCS,,3 PCS,
002211,KABEL DATA REXI KI01-C TYPE C,0 PCS,,,,,,,,
002499,KABEL DATA REXI TN20-C TYPE C,0 PCS,0 PCS,,0 PCS,0 PCS,4 PCS,,4 PCS,
002500,KABEL DATA REXI TL20-L IPHONE,0 PCS,0 PCS,,0 PCS,,16 PCS,,4 PCS,
002629,KABEL DATA REXI TL20-C TYPE C 3A,1 PCS,5 PCS,8 PCS,3 PCS,9 PCS,10 PCS,9 PCS,10 PCS,
002739,KABEL DATA REXI KA02-C KABEL TYPE-C 200CM FLAT 3A,0 PCS,,,0 PCS,,0 PCS,,,
002741,KABEL DATA REXI KG01-C TYPE C,0 PCS,,,5 PCS,,0 PCS,,,
002742,KABEL DATA REXI KJ01-CCX KABEL C TO C,0 PCS,4 PCS,5 PCS,5 PCS,5 PCS,1 PCS,5 PCS,4 PCS,
TOTAL,2.00,24.00,36.00,26.00,51.00,46.00,14.00,40.00,
,,,,Bee Accounting,,,,,,,,
,15/09/2026,,,,,,,
Kode Item,Nama Item,SA (C),SS (C),TOTAL,,
001039,KABEL DATA REXI TA20-L LIGHTING,0 PCS,2 PCS,45 PCS,,
001046,KABEL DATA REXI TK20-L IPHONE TOPLES,0 PCS,,6 PCS,,
001047,KABEL DATA REXI TL20-M MIKRO TOPLES,1 PCS,2 PCS,89 PCS,,
001048,KABEL DATA REXI TB20-MS MIKRO,,5 PCS,36 PCS,,
001049,KABEL DATA REXI TE20-M MIKRO 2.4A,1 PCS,,11 PCS,,
001050,KABEL DATA REXI TJ20-MX MIKRO,,4 PCS,38 PCS,,
001051,KABEL DATA REXI TA20-C KABEL TYPE C,,,1 PCS,,
001052,KABEL DATA REXI TA20-M KABEL TOPLES M 2.4A,,,4 PCS,,
001053,KABEL DATA REXI TC20-M FLAT MICRO,1 PCS,,11 PCS,,
001054,KABEL DATA REXI TD20-M DATA CABLE MICRO,,4 PCS,33 PCS,,
001056,KABEL DATA REXI KC01-CX 2.4A TYPE C,0 PCS,0 PCS,14 PCS,,
001057,KABEL DATA REXI TE20-C 3A TYPE C,0 PCS,,18 PCS,,
001058,KABEL DATA REXI TJ20-C TYPE C,0 PCS,0 PCS,4 PCS,,
001059,KABEL DATA REXI TK20-C TYPE C TOPLES,0 PCS,0 PCS,9 PCS,,
001074,KABEL DATA REXI KD01-T TRIPLE,1 PCS,3 PCS,23 PCS,,
001089,KABEL DATA REXI KA01-M FLAT 2.4A MIKRO,,0 PCS,23 PCS,,
001093,KABEL DATA REXI KC01-LX LIGHTNING,,3 PCS,67 PCS,,
001094,KABEL DATA REXI KC01-MX MICRO,0 PCS,0 PCS,20 PCS,,
001430,KABEL DATA REXI TJ20-C TYPE C,0 PCS,,18 PCS,,
001828,KABEL DATA REXI TJ20-LX IPHONE,,,12 PCS,,
001829,KABEL DATA REXI TC20-CX TYPE C,,,7 PCS,,
002209,KABEL DATA REXI KM01-MIKRO,,,5 PCS,,
002210,KABEL DATA REXI TN20-M MIKRO,1 PCS,2 PCS,43 PCS,,
002211,KABEL DATA REXI KI01-C TYPE C,,,15 PCS,,
002499,KABEL DATA REXI TN20-C TYPE C,0 PCS,2 PCS,63 PCS,,
002500,KABEL DATA REXI TL20-L IPHONE,,,87 PCS,,
,,,,Bee Accounting,,,
,15/09/2026,,,,
Kode Item,Nama Item,SA (C),SS (C),TOTAL,,,,,,,
002629,KABEL DATA REXI TL20-C TYPE C 3A,15 PCS,9 PCS,356 PCS,,,,,,,
002739,KABEL DATA REXI KA02-C KABEL TYPE-C 200CM FLAT 3A,0 PCS,2 PCS,12 PCS,,,,,,,
002741,KABEL DATA REXI KG01-C TYPE C,3 PCS,,45 PCS,,,,,,,
002742,KABEL DATA REXI KJ01-CCX KABEL C TO C,3 PCS,5 PCS,165 PCS,,,,,,,
TOTAL,26.00,43.00,"1,280.00",,,,,,,
,Merk,Model,,,,,,,,,
,ROBOT,CHARGER,,,,,,,,,
Kode Item,Nama Item,ALFA 1 (C),ALFA 2 (C),ALFA 3 (C),ALFA 4 (C),ALFA 5 (C),ALFA 6 (C),ALFA 7 ,ASBER 1 (C),
002871,CHARGER ROBOT RT-K9S MICRO 2.4A,5 PCS,4 PCS,4 PCS,7 PCS,3 PCS,2 PCS,5 PCS,5 PCS,
002872,CHARGER ROBOT RT-K8B TYPE-C 2.4A 12W,2 PCS,4 PCS,2 PCS,2 PCS,1 PCS,1 PCS,0 PCS,3 PCS,
002873,CHARGER ROBOT RT A20C C TO C20W,1 PCS,2 PCS,6 PCS,3 PCS,1 PCS,1 PCS,3 PCS,4 PCS,
002881,CHARGER ROBOT RT-A20L C TO L (IPHONE) 20W,4 PCS,5 PCS,11 PCS,5 PCS,6 PCS,6 PCS,6 PCS,2 PCS,
TOTAL,12.00,15.00,23.00,17.00,11.00,10.00,14.00,14.00,
Kode Item,Nama Item,ASBER 2 (C),BK CIJAMBE ,BK JH1 ,BK JH2 (C),BK5 CIGER ,BK6 ,BK7 ,BK8 BAKSAR ,
002871,CHARGER ROBOT RT-K9S MICRO 2.4A,7 PCS,3 PCS,7 PCS,7 PCS,3 PCS,2 PCS,3 PCS,2 PCS,
002872,CHARGER ROBOT RT-K8B TYPE-C 2.4A 12W,1 PCS,2 PCS,0 PCS,1 PCS,2 PCS,2 PCS,3 PCS,4 PCS,
002873,CHARGER ROBOT RT A20C C TO C20W,6 PCS,5 PCS,3 PCS,2 PCS,3 PCS,3 PCS,6 PCS,1 PCS,
002881,CHARGER ROBOT RT-A20L C TO L (IPHONE) 20W,6 PCS,6 PCS,1 PCS,6 PCS,11 PCS,2 PCS,4 PCS,2 PCS,
TOTAL,20.00,16.00,11.00,16.00,19.00,9.00,16.00,9.00,
Kode Item,Nama Item,BK9 BAKSAR ,BKC ,BUNISARI ,CICUKANG ,CIHAURKUK,CIKADUT 2,CIPADUNG 2 ,CIPAGALO ,
002871,CHARGER ROBOT RT-K9S MICRO 2.4A,5 PCS,5 PCS,1 PCS,4 PCS,3 PCS,3 PCS,3 PCS,1 PCS,
002872,CHARGER ROBOT RT-K8B TYPE-C 2.4A 12W,3 PCS,0 PCS,2 PCS,2 PCS,4 PCS,4 PCS,0 PCS,1 PCS,
002873,CHARGER ROBOT RT A20C C TO C20W,1 PCS,2 PCS,6 PCS,1 PCS,1 PCS,5 PCS,5 PCS,1 PCS,
002881,CHARGER ROBOT RT-A20L C TO L (IPHONE) 20W,1 PCS,6 PCS,5 PCS,6 PCS,1 PCS,1 PCS,3 PCS,6 PCS,
TOTAL,10.00,13.00,14.00,13.00,9.00,13.00,11.00,9.00,
,,,,,Bee Accounting,,,,,,,,
,15/09/2026,,,,,,,,
Kode Item,Nama Item,CIPOREAT,CISA (C),CK (C),CL 1 ,CL 2 ,CL 3 ,CL 4 ,DM (C),
002871,CHARGER ROBOT RT-K9S MICRO 2.4A,2 PCS,1 PCS,2 PCS,2 PCS,4 PCS,2 PCS,3 PCS,6 PCS,
002872,CHARGER ROBOT RT-K8B TYPE-C 2.4A 12W,1 PCS,2 PCS,5 PCS,2 PCS,0 PCS,2 PCS,,3 PCS,
002873,CHARGER ROBOT RT A20C C TO C20W,2 PCS,3 PCS,3 PCS,1 PCS,2 PCS,1 PCS,2 PCS,5 PCS,
002881,CHARGER ROBOT RT-A20L C TO L (IPHONE) 20W,0 PCS,5 PCS,1 PCS,5 PCS,6 PCS,5 PCS,3 PCS,1 PCS,
TOTAL,5.00,11.00,11.00,10.00,12.00,10.00,8.00,15.00,
Kode Item,Nama Item,Gudang,PC 3 (A),PC 4 (C),PC 5 (C),PD 1 (C),PD 2 (C),PD 3 (C),RK (C),
002871,CHARGER ROBOT RT-K9S MICRO 2.4A,0 PCS,2 PCS,2 PCS,1 PCS,1 PCS,4 PCS,2 PCS,6 PCS,
002872,CHARGER ROBOT RT-K8B TYPE-C 2.4A 12W,0 PCS,3 PCS,2 PCS,3 PCS,2 PCS,4 PCS,2 PCS,1 PCS,
002873,CHARGER ROBOT RT A20C C TO C20W,0 PCS,1 PCS,2 PCS,6 PCS,1 PCS,6 PCS,2 PCS,5 PCS,
002881,CHARGER ROBOT RT-A20L C TO L (IPHONE) 20W,0 PCS,6 PCS,1 PCS,6 PCS,6 PCS,5 PCS,1 PCS,0 PCS,
TOTAL,0.00,12.00,7.00,16.00,10.00,19.00,7.00,12.00,
Kode Item,Nama Item,SA (C),SS (C),TOTAL,,,,,,,
002871,CHARGER ROBOT RT-K9S MICRO 2.4A,5 PCS,2 PCS,141 PCS,,,,,,,
002872,CHARGER ROBOT RT-K8B TYPE-C 2.4A 12W,2 PCS,2 PCS,82 PCS,,,,,,,
002873,CHARGER ROBOT RT A20C C TO C20W,6 PCS,1 PCS,121 PCS,,,,,,,
002881,CHARGER ROBOT RT-A20L C TO L (IPHONE) 20W,3 PCS,1 PCS,167 PCS,,,,,,,
TOTAL,16.00,6.00,511.00,,,,,,,
,Merk,Model,,,,,,,,,
,ROBOT,HANDSFREE,,,,,,,,,
Kode Item,Nama Item,ALFA 1 (C),ALFA 2 (C),ALFA 3 (C),ALFA 4 (C),ALFA 5 (C),ALFA 6 (C),ALFA 7 ,ASBER 1 (C),
001001,HF ALL TYPE/L29,5 PCS,8 PCS,10 PCS,0 PCS,3 PCS,0 PCS,0 PCS,0 PCS,
001028,HF ROBOT RE101S HITAM,5 PCS,6 PCS,2 PCS,3 PCS,4 PCS,7 PCS,5 PCS,7 PCS,
001420,HF ROBOT RE20,2 PCS,7 PCS,10 PCS,9 PCS,5 PCS,4 PCS,5 PCS,5 PCS,
002280,HF JB-01 NEW DAFU,5 PCS,5 PCS,0 PCS,0 PCS,0 PCS,0 PCS,0 PCS,0 PCS,
002775,HF REDSKULL RSEW 01,0 PCS,3 PCS,0 PCS,7 PCS,,,2 PCS,,
002776,HF REDSKULL RSEW 02,0 PCS,,2 PCS,,3 PCS,,,,
002870,HF ROBOT REC10E TYPE C,11 PCS,6 PCS,7 PCS,13 PCS,5 PCS,6 PCS,4 PCS,3 PCS,
,,,,,Bee Accounting,,,,,,,,
,15/09/2026,,,,,,,,
Kode Item,Nama Item,ALFA 1 (C),ALFA 2 (C),ALFA 3 (C),ALFA 4 (C),ALFA 5 (C),ALFA 6 (C),ALFA 7 ,ASBER 1 (C),
002877,HF ROBOT RE101S PUTIH,,,,,,,5 PCS,6 PCS,
002879,TWS ROBOT ENCO BUDS 4 (WHITE),0 PCS,0 PCS,1 PCS,0 PCS,,0 PCS,1 PCS,0 PCS,
002880,TWS ROBOT ENCO BUDS 4 (PURPLE),,1 PCS,1 PCS,1 PCS,0 PCS,,1 PCS,1 PCS,
002884,TWS ROBOT AIRBUDS T70E (WHITE),1 PCS,1 PCS,,0 PCS,1 PCS,,,,
002886,TWS ROBOT AIRBUDS T70E (GREEN),,0 PCS,0 PCS,,,1 PCS,,0 PCS,
002890,TWS ROBOT AIRBUDS T70E (PINK),1 PCS,,,,,,1 PCS,,
002895,TWS ROBOT AIRBUDS T70E HITAM,,,,,,,1 PCS,,
002943,HF ROBOT RE20E PUTIH,10 PCS,8 PCS,10 PCS,10 PCS,5 PCS,9 PCS,5 PCS,10 PCS,
002944,HF ROBOT RE20E HITAM,9 PCS,7 PCS,10 PCS,9 PCS,4 PCS,10 PCS,8 PCS,8 PCS,
TOTAL,49.00,52.00,53.00,52.00,30.00,37.00,38.00,40.00,
Kode Item,Nama Item,ASBER 2 (C),BK CIJAMBE ,BK JH1 ,BK JH2 (C),BK5 CIGER ,BK6 ,BK7 ,BK8 BAKSAR ,
001001,HF ALL TYPE/L29,0 PCS,4 PCS,0 PCS,7 PCS,0 PCS,2 PCS,7 PCS,6 PCS,
001028,HF ROBOT RE101S HITAM,9 PCS,3 PCS,7 PCS,6 PCS,13 PCS,10 PCS,5 PCS,4 PCS,
001420,HF ROBOT RE20,8 PCS,5 PCS,5 PCS,3 PCS,8 PCS,5 PCS,4 PCS,8 PCS,
002280,HF JB-01 NEW DAFU,0 PCS,1 PCS,0 PCS,1 PCS,0 PCS,0 PCS,0 PCS,3 PCS,
002775,HF REDSKULL RSEW 01,4 PCS,,,,,,,,
002776,HF REDSKULL RSEW 02,3 PCS,,,,,,,,
002870,HF ROBOT REC10E TYPE C,7 PCS,4 PCS,7 PCS,5 PCS,7 PCS,7 PCS,5 PCS,5 PCS,
002877,HF ROBOT RE101S PUTIH,7 PCS,,,,9 PCS,7 PCS,,,
002879,TWS ROBOT ENCO BUDS 4 (WHITE),,,1 PCS,,0 PCS,0 PCS,,1 PCS,
002880,TWS ROBOT ENCO BUDS 4 (PURPLE),2 PCS,1 PCS,,0 PCS,,,1 PCS,,
002884,TWS ROBOT AIRBUDS T70E (WHITE),,,,,,,,,
002886,TWS ROBOT AIRBUDS T70E (GREEN),,1 PCS,,,1 PCS,,0 PCS,1 PCS,
002890,TWS ROBOT AIRBUDS T70E (PINK),1 PCS,,0 PCS,1 PCS,,1 PCS,,,
002895,TWS ROBOT AIRBUDS T70E HITAM,,,,,,1 PCS,,,
002943,HF ROBOT RE20E PUTIH,9 PCS,10 PCS,5 PCS,10 PCS,10 PCS,5 PCS,9 PCS,10 PCS,
002944,HF ROBOT RE20E HITAM,10 PCS,10 PCS,5 PCS,9 PCS,10 PCS,5 PCS,9 PCS,10 PCS,
TOTAL,60.00,39.00,30.00,42.00,58.00,43.00,40.00,48.00,
,,,,Bee Accounting,,,,,,,,
,15/09/2026,,,,,,,
Kode Item,Nama Item,BK9 BAKSAR ,BKC ,BUNISARI ,CICUKANG ,CIHAURKUK,CIKADUT 2,CIPADUNG 2 ,CIPAGALO ,
001001,HF ALL TYPE/L29,9 PCS,3 PCS,6 PCS,1 PCS,2 PCS,0 PCS,0 PCS,,
001028,HF ROBOT RE101S HITAM,5 PCS,6 PCS,6 PCS,10 PCS,7 PCS,6 PCS,3 PCS,2 PCS,
001420,HF ROBOT RE20,5 PCS,6 PCS,5 PCS,8 PCS,13 PCS,8 PCS,14 PCS,6 PCS,
002280,HF JB-01 NEW DAFU,2 PCS,0 PCS,2 PCS,0 PCS,,,,0 PCS,
002775,HF REDSKULL RSEW 01,,,5 PCS,1 PCS,,,,,
002776,HF REDSKULL RSEW 02,,,,,,,,,
002870,HF ROBOT REC10E TYPE C,6 PCS,10 PCS,9 PCS,10 PCS,13 PCS,7 PCS,8 PCS,8 PCS,
002877,HF ROBOT RE101S PUTIH,,4 PCS,,7 PCS,7 PCS,,,,
002879,TWS ROBOT ENCO BUDS 4 (WHITE),0 PCS,0 PCS,,,1 PCS,2 PCS,,1 PCS,
002880,TWS ROBOT ENCO BUDS 4 (PURPLE),0 PCS,0 PCS,0 PCS,0 PCS,,,1 PCS,1 PCS,
002884,TWS ROBOT AIRBUDS T70E (WHITE),,0 PCS,,,,,2 PCS,,
002886,TWS ROBOT AIRBUDS T70E (GREEN),,,1 PCS,,1 PCS,,,,
002890,TWS ROBOT AIRBUDS T70E (PINK),1 PCS,,,1 PCS,,0 PCS,,,
002895,TWS ROBOT AIRBUDS T70E HITAM,,,5 PCS,,,,,,
002943,HF ROBOT RE20E PUTIH,10 PCS,10 PCS,9 PCS,10 PCS,5 PCS,4 PCS,6 PCS,4 PCS,
002944,HF ROBOT RE20E HITAM,10 PCS,9 PCS,7 PCS,9 PCS,4 PCS,4 PCS,10 PCS,5 PCS,
TOTAL,48.00,48.00,55.00,57.00,53.00,31.00,44.00,27.00,
Kode Item,Nama Item,CIPOREAT,CISA (C),CK (C),CL 1 ,CL 2 ,CL 3 ,CL 4 ,DM (C),
001001,HF ALL TYPE/L29,0 PCS,0 PCS,0 PCS,1 PCS,2 PCS,3 PCS,4 PCS,2 PCS,
001028,HF ROBOT RE101S HITAM,3 PCS,4 PCS,5 PCS,3 PCS,6 PCS,8 PCS,6 PCS,5 PCS,
001420,HF ROBOT RE20,14 PCS,5 PCS,7 PCS,8 PCS,6 PCS,13 PCS,4 PCS,4 PCS,
002280,HF JB-01 NEW DAFU,,0 PCS,0 PCS,0 PCS,,,,2 PCS,
002775,HF REDSKULL RSEW 01,,,,,3 PCS,,,,
002776,HF REDSKULL RSEW 02,,0 PCS,,,,,,,
002870,HF ROBOT REC10E TYPE C,7 PCS,9 PCS,11 PCS,6 PCS,6 PCS,6 PCS,7 PCS,7 PCS,
002877,HF ROBOT RE101S PUTIH,,1 PCS,,,,,11 PCS,,
002879,TWS ROBOT ENCO BUDS 4 (WHITE),1 PCS,,1 PCS,,,1 PCS,,,
002880,TWS ROBOT ENCO BUDS 4 (PURPLE),,1 PCS,,1 PCS,1 PCS,,,1 PCS,
002884,TWS ROBOT AIRBUDS T70E (WHITE),,1 PCS,,1 PCS,,,,,
,,,,Bee Accounting,,,,,,,,
,15/09/2026,,,,,,,
Kode Item,Nama Item,CIPOREAT,CISA (C),CK (C),CL 1 ,CL 2 ,CL 3 ,CL 4 ,DM (C),
002886,TWS ROBOT AIRBUDS T70E (GREEN),,,,,,,,,
002890,TWS ROBOT AIRBUDS T70E (PINK),,,,,,,,,
002895,TWS ROBOT AIRBUDS T70E HITAM,,,1 PCS,,,,,,
002943,HF ROBOT RE20E PUTIH,5 PCS,4 PCS,5 PCS,4 PCS,5 PCS,5 PCS,0 PCS,,
002944,HF ROBOT RE20E HITAM,4 PCS,5 PCS,,5 PCS,5 PCS,5 PCS,2 PCS,5 PCS,
TOTAL,34.00,30.00,30.00,29.00,34.00,41.00,34.00,26.00,
Kode Item,Nama Item,Gudang,PC 3 (A),PC 4 (C),PC 5 (C),PD 1 (C),PD 2 (C),PD 3 (C),RK (C),
001001,HF ALL TYPE/L29,0 PCS,1 PCS,6 PCS,3 PCS,5 PCS,3 PCS,9 PCS,7 PCS,
001028,HF ROBOT RE101S HITAM,0 PCS,8 PCS,4 PCS,7 PCS,6 PCS,8 PCS,5 PCS,6 PCS,
001420,HF ROBOT RE20,0 PCS,4 PCS,8 PCS,5 PCS,3 PCS,5 PCS,3 PCS,5 PCS,
002280,HF JB-01 NEW DAFU,0 PCS,0 PCS,2 PCS,4 PCS,0 PCS,0 PCS,1 PCS,0 PCS,
002775,HF REDSKULL RSEW 01,0 PCS,,,0 PCS,,,,,
002776,HF REDSKULL RSEW 02,0 PCS,,,1 PCS,,1 PCS,,2 PCS,
002870,HF ROBOT REC10E TYPE C,0 PCS,5 PCS,7 PCS,10 PCS,7 PCS,12 PCS,7 PCS,8 PCS,
002877,HF ROBOT RE101S PUTIH,1 PCS,7 PCS,,7 PCS,,7 PCS,,,
002879,TWS ROBOT ENCO BUDS 4 (WHITE),0 PCS,0 PCS,,0 PCS,1 PCS,1 PCS,0 PCS,0 PCS,
002880,TWS ROBOT ENCO BUDS 4 (PURPLE),0 PCS,,1 PCS,,,0 PCS,,,
002884,TWS ROBOT AIRBUDS T70E (WHITE),0 PCS,,,1 PCS,1 PCS,0 PCS,,,
002886,TWS ROBOT AIRBUDS T70E (GREEN),0 PCS,,,,,,,,
002890,TWS ROBOT AIRBUDS T70E (PINK),0 PCS,,,,,,,,
002895,TWS ROBOT AIRBUDS T70E HITAM,0 PCS,1 PCS,,,,,,6 PCS,
002943,HF ROBOT RE20E PUTIH,0 PCS,4 PCS,,6 PCS,,8 PCS,5 PCS,,
002944,HF ROBOT RE20E HITAM,0 PCS,,4 PCS,5 PCS,4 PCS,1 PCS,,2 PCS,
TOTAL,1.00,30.00,32.00,49.00,27.00,46.00,30.00,36.00,
Kode Item,Nama Item,SA (C),SS (C),TOTAL,,,,,,,
001001,HF ALL TYPE/L29,6 PCS,5 PCS,130 PCS,,,,,,,
001028,HF ROBOT RE101S HITAM,5 PCS,9 PCS,239 PCS,,,,,,,
001420,HF ROBOT RE20,5 PCS,6 PCS,263 PCS,,,,,,,
002280,HF JB-01 NEW DAFU,0 PCS,3 PCS,31 PCS,,,,,,,
,,,,Bee Accounting,,,,,,,,
,15/09/2026,,,,,,,
Kode Item,Nama Item,SA (C),SS (C),TOTAL,,,,,,,
002775,HF REDSKULL RSEW 01,,,25 PCS,,,,,,,
002776,HF REDSKULL RSEW 02,0 PCS,,12 PCS,,,,,,,
002870,HF ROBOT REC10E TYPE C,5 PCS,7 PCS,300 PCS,,,,,,,
002877,HF ROBOT RE101S PUTIH,,7 PCS,93 PCS,,,,,,,
002879,TWS ROBOT ENCO BUDS 4 (WHITE),1 PCS,1 PCS,15 PCS,,,,,,,
002880,TWS ROBOT ENCO BUDS 4 (PURPLE),0 PCS,,16 PCS,,,,,,,
002884,TWS ROBOT AIRBUDS T70E (WHITE),,1 PCS,10 PCS,,,,,,,
002886,TWS ROBOT AIRBUDS T70E (GREEN),,,6 PCS,,,,,,,
002890,TWS ROBOT AIRBUDS T70E (PINK),0 PCS,,7 PCS,,,,,,,
002895,TWS ROBOT AIRBUDS T70E HITAM,,,15 PCS,,,,,,,
002943,HF ROBOT RE20E PUTIH,5 PCS,,249 PCS,,,,,,,
002944,HF ROBOT RE20E HITAM,,4 PCS,242 PCS,,,,,,,
TOTAL,27.00,43.00,"1,653.00",,,,,,,
,Merk,Model,,,,,,,,,
,ROBOT,KABEL DATA,,,,,,,,,
Kode Item,Nama Item,ALFA 1 (C),ALFA 2 (C),ALFA 3 (C),ALFA 4 (C),ALFA 5 (C),ALFA 6 (C),ALFA 7 ,ASBER 1 (C),
001061,KABEL DATA ROBOT RGL100 IPHONE,13 PCS,23 PCS,18 PCS,8 PCS,16 PCS,5 PCS,8 PCS,9 PCS,
001062,KABEL DATA ROBOT RBM100 MIKRO,21 PCS,25 PCS,24 PCS,26 PCS,6 PCS,5 PCS,21 PCS,25 PCS,
001063,KABEL DATA ROBOT RGC100 TYPE C,6 PCS,17 PCS,16 PCS,14 PCS,7 PCS,7 PCS,6 PCS,21 PCS,
002715,KABEL DATA ROBOT RGCC100 C TO C,7 PCS,7 PCS,7 PCS,5 PCS,9 PCS,7 PCS,13 PCS,13 PCS,
TOTAL,47.00,72.00,65.00,53.00,38.00,24.00,48.00,68.00,
Kode Item,Nama Item,ASBER 2 (C),BK CIJAMBE ,BK JH1 ,BK JH2 (C),BK5 CIGER ,BK6 ,BK7 ,BK8 BAKSAR ,
001061,KABEL DATA ROBOT RGL100 IPHONE,21 PCS,13 PCS,24 PCS,17 PCS,9 PCS,5 PCS,22 PCS,10 PCS,
001062,KABEL DATA ROBOT RBM100 MIKRO,9 PCS,24 PCS,7 PCS,5 PCS,5 PCS,23 PCS,7 PCS,24 PCS,
001063,KABEL DATA ROBOT RGC100 TYPE C,13 PCS,8 PCS,4 PCS,6 PCS,12 PCS,7 PCS,21 PCS,12 PCS,
002715,KABEL DATA ROBOT RGCC100 C TO C,12 PCS,9 PCS,8 PCS,5 PCS,9 PCS,8 PCS,9 PCS,5 PCS,
TOTAL,55.00,54.00,43.00,33.00,35.00,43.00,59.00,51.00,
,,,,,Bee Accounting,,,,,,,,
,15/09/2026,,,,,,,,
Kode Item,Nama Item,BK9 BAKSAR ,BKC ,BUNISARI ,CICUKANG ,CIHAURKUK,CIKADUT 2,CIPADUNG 2 ,CIPAGALO ,
001061,KABEL DATA ROBOT RGL100 IPHONE,7 PCS,12 PCS,7 PCS,22 PCS,9 PCS,11 PCS,23 PCS,12 PCS,
001062,KABEL DATA ROBOT RBM100 MIKRO,23 PCS,23 PCS,21 PCS,8 PCS,5 PCS,7 PCS,9 PCS,7 PCS,
001063,KABEL DATA ROBOT RGC100 TYPE C,5 PCS,12 PCS,5 PCS,7 PCS,17 PCS,8 PCS,11 PCS,11 PCS,
002715,KABEL DATA ROBOT RGCC100 C TO C,8 PCS,5 PCS,20 PCS,8 PCS,16 PCS,10 PCS,7 PCS,10 PCS,
TOTAL,43.00,52.00,53.00,45.00,47.00,36.00,50.00,40.00,
Kode Item,Nama Item,CIPOREAT,CISA (C),CK (C),CL 1 ,CL 2 ,CL 3 ,CL 4 ,DM (C),
001061,KABEL DATA ROBOT RGL100 IPHONE,11 PCS,8 PCS,8 PCS,9 PCS,23 PCS,6 PCS,13 PCS,4 PCS,
001062,KABEL DATA ROBOT RBM100 MIKRO,5 PCS,23 PCS,4 PCS,5 PCS,10 PCS,5 PCS,10 PCS,24 PCS,
001063,KABEL DATA ROBOT RGC100 TYPE C,4 PCS,10 PCS,15 PCS,5 PCS,8 PCS,12 PCS,9 PCS,24 PCS,
002715,KABEL DATA ROBOT RGCC100 C TO C,14 PCS,9 PCS,14 PCS,8 PCS,10 PCS,5 PCS,8 PCS,17 PCS,
TOTAL,34.00,50.00,41.00,27.00,51.00,28.00,40.00,69.00,
Kode Item,Nama Item,Gudang,PC 3 (A),PC 4 (C),PC 5 (C),PD 1 (C),PD 2 (C),PD 3 (C),RK (C),
001061,KABEL DATA ROBOT RGL100 IPHONE,0 PCS,4 PCS,4 PCS,11 PCS,9 PCS,7 PCS,9 PCS,15 PCS,
001062,KABEL DATA ROBOT RBM100 MIKRO,0 PCS,20 PCS,22 PCS,21 PCS,7 PCS,22 PCS,12 PCS,23 PCS,
001063,KABEL DATA ROBOT RGC100 TYPE C,7 PCS,10 PCS,5 PCS,21 PCS,9 PCS,24 PCS,4 PCS,8 PCS,
002715,KABEL DATA ROBOT RGCC100 C TO C,0 PCS,10 PCS,13 PCS,11 PCS,21 PCS,20 PCS,9 PCS,10 PCS,
TOTAL,7.00,44.00,44.00,64.00,46.00,73.00,34.00,56.00,
Kode Item,Nama Item,SA (C),SS (C),TOTAL,,,,,,,
001061,KABEL DATA ROBOT RGL100 IPHONE,9 PCS,6 PCS,480 PCS,,,,,,,
001062,KABEL DATA ROBOT RBM100 MIKRO,23 PCS,4 PCS,600 PCS,,,,,,,
001063,KABEL DATA ROBOT RGC100 TYPE C,24 PCS,10 PCS,462 PCS,,,,,,,
002715,KABEL DATA ROBOT RGCC100 C TO C,10 PCS,17 PCS,423 PCS,,,,,,,
TOTAL,66.00,37.00,"1,965.00",,,,,,,
,Merk,Model,,,,,,,,,
,ROBOT,POWERBANK,,,,,,,,,
,,,,,Bee Accounting,,,,,,,,
,15/09/2026,,,,,,,,
Kode Item,Nama Item,ALFA 1 (C),ALFA 2 (C),ALFA 3 (C),ALFA 4 (C),ALFA 5 (C),ALFA 6 (C),ALFA 7 ,ASBER 1 (C),
002875,POWERBANK ROBOT RT102 10000MAH,1 PCS,1 PCS,1 PCS,1 PCS,1 PCS,1 PCS,1 PCS,1 PCS,
TOTAL,1.00,1.00,1.00,1.00,1.00,1.00,1.00,1.00,
Kode Item,Nama Item,ASBER 2 (C),BK CIJAMBE ,BK JH1 ,BK JH2 (C),BK5 CIGER ,BK6 ,BK7 ,BK8 BAKSAR ,
002875,POWERBANK ROBOT RT102 10000MAH,1 PCS,1 PCS,1 PCS,1 PCS,1 PCS,1 PCS,1 PCS,1 PCS,
TOTAL,1.00,1.00,1.00,1.00,1.00,1.00,1.00,1.00,
Kode Item,Nama Item,BK9 BAKSAR ,BKC ,BUNISARI ,CICUKANG ,CIHAURKUK,CIKADUT 2,CIPADUNG 2 ,CIPAGALO ,
002875,POWERBANK ROBOT RT102 10000MAH,1 PCS,1 PCS,1 PCS,1 PCS,1 PCS,1 PCS,1 PCS,1 PCS,
TOTAL,1.00,1.00,1.00,1.00,1.00,1.00,1.00,1.00,
Kode Item,Nama Item,CIPOREAT,CISA (C),CK (C),CL 1 ,CL 2 ,CL 3 ,CL 4 ,DM (C),
002875,POWERBANK ROBOT RT102 10000MAH,1 PCS,1 PCS,1 PCS,1 PCS,1 PCS,0 PCS,1 PCS,1 PCS,
TOTAL,1.00,1.00,1.00,1.00,1.00,0.00,1.00,1.00,
Kode Item,Nama Item,Gudang,PC 3 (A),PC 4 (C),PC 5 (C),PD 1 (C),PD 2 (C),PD 3 (C),RK (C),
002875,POWERBANK ROBOT RT102 10000MAH,0 PCS,1 PCS,0 PCS,1 PCS,1 PCS,1 PCS,1 PCS,2 PCS,
TOTAL,0.00,1.00,0.00,1.00,1.00,1.00,1.00,2.00,
Kode Item,Nama Item,SA (C),SS (C),TOTAL,,,,,,,
002875,POWERBANK ROBOT RT102 10000MAH,1 PCS,1 PCS,40 PCS,,,,,,,
TOTAL,1.00,1.00,40.00,,,,,,,
,Merk,Model,,,,,,,,,
,ROBOT,< kosong >,,,,,,,,,
Kode Item,Nama Item,ALFA 1 (C),ALFA 2 (C),ALFA 3 (C),ALFA 4 (C),ALFA 5 (C),ALFA 6 (C),ALFA 7 ,ASBER 1 (C),
002716,KABEL DATA ROBOT RGCL100 C TO L(IPHONE),17 PCS,5 PCS,9 PCS,5 PCS,9 PCS,6 PCS,21 PCS,20 PCS,
002902,CHARGER ROBOT RT-G20C TYPE C TO C,3 PCS,4 PCS,3 PCS,4 PCS,3 PCS,4 PCS,1 PCS,3 PCS,
002904,BATOK ROBOT RT-K8S 2.4A,9 PCS,10 PCS,7 PCS,10 PCS,10 PCS,8 PCS,11 PCS,7 PCS,
TOTAL,29.00,19.00,19.00,19.00,22.00,18.00,33.00,30.00,
Kode Item,Nama Item,ASBER 2 (C),BK CIJAMBE ,BK JH1 ,BK JH2 (C),BK5 CIGER ,BK6 ,BK7 ,BK8 BAKSAR ,
002716,KABEL DATA ROBOT RGCL100 C TO L(IPHONE),7 PCS,7 PCS,4 PCS,12 PCS,4 PCS,9 PCS,7 PCS,6 PCS,
,,,,,Bee Accounting,,,,,,,,
,15/09/2026,,,,,,,,
Kode Item,Nama Item,ASBER 2 (C),BK CIJAMBE ,BK JH1 ,BK JH2 (C),BK5 CIGER ,BK6 ,BK7 ,BK8 BAKSAR ,
002902,CHARGER ROBOT RT-G20C TYPE C TO C,4 PCS,1 PCS,1 PCS,1 PCS,3 PCS,1 PCS,4 PCS,3 PCS,
002904,BATOK ROBOT RT-K8S 2.4A,6 PCS,9 PCS,5 PCS,9 PCS,4 PCS,3 PCS,3 PCS,10 PCS,
TOTAL,17.00,17.00,10.00,22.00,11.00,13.00,14.00,19.00,
Kode Item,Nama Item,BK9 BAKSAR ,BKC ,BUNISARI ,CICUKANG ,CIHAURKUK,CIKADUT 2,CIPADUNG 2 ,CIPAGALO ,
002716,KABEL DATA ROBOT RGCL100 C TO L(IPHONE),12 PCS,5 PCS,22 PCS,5 PCS,4 PCS,9 PCS,6 PCS,4 PCS,
002902,CHARGER ROBOT RT-G20C TYPE C TO C,1 PCS,2 PCS,5 PCS,4 PCS,1 PCS,4 PCS,1 PCS,4 PCS,
002904,BATOK ROBOT RT-K8S 2.4A,9 PCS,10 PCS,2 PCS,9 PCS,10 PCS,13 PCS,6 PCS,13 PCS,
TOTAL,22.00,17.00,29.00,18.00,15.00,26.00,13.00,21.00,
Kode Item,Nama Item,CIPOREAT,CISA (C),CK (C),CL 1 ,CL 2 ,CL 3 ,CL 4 ,DM (C),
002716,KABEL DATA ROBOT RGCL100 C TO L(IPHONE),8 PCS,21 PCS,7 PCS,8 PCS,14 PCS,6 PCS,5 PCS,8 PCS,
002902,CHARGER ROBOT RT-G20C TYPE C TO C,1 PCS,4 PCS,4 PCS,4 PCS,0 PCS,1 PCS,2 PCS,4 PCS,
002904,BATOK ROBOT RT-K8S 2.4A,4 PCS,5 PCS,10 PCS,3 PCS,6 PCS,7 PCS,4 PCS,4 PCS,
TOTAL,13.00,30.00,21.00,15.00,20.00,14.00,11.00,16.00,
Kode Item,Nama Item,Gudang,PC 3 (A),PC 4 (C),PC 5 (C),PD 1 (C),PD 2 (C),PD 3 (C),RK (C),
002716,KABEL DATA ROBOT RGCL100 C TO L(IPHONE),0 PCS,8 PCS,5 PCS,12 PCS,8 PCS,8 PCS,8 PCS,11 PCS,
002902,CHARGER ROBOT RT-G20C TYPE C TO C,0 PCS,4 PCS,1 PCS,4 PCS,1 PCS,1 PCS,1 PCS,5 PCS,
002904,BATOK ROBOT RT-K8S 2.4A,0 PCS,8 PCS,4 PCS,3 PCS,7 PCS,10 PCS,9 PCS,6 PCS,
TOTAL,0.00,20.00,10.00,19.00,16.00,19.00,18.00,22.00,
Kode Item,Nama Item,SA (C),SS (C),TOTAL,,,,,,,
002716,KABEL DATA ROBOT RGCL100 C TO L(IPHONE),5 PCS,7 PCS,364 PCS,,,,,,,
002902,CHARGER ROBOT RT-G20C TYPE C TO C,3 PCS,1 PCS,106 PCS,,,,,,,
002904,BATOK ROBOT RT-K8S 2.4A,7 PCS,5 PCS,295 PCS,,,,,,,
TOTAL,15.00,13.00,765.00,,,,,,,
,Merk,Model,,,,,,,,,
,SAMSUNG,TEMPERED GLASS,,,,,,,,,
,,,,,Bee Accounting,,,,,,,,
,15/09/2026,,,,,,,,
Kode Item,Nama Item,ALFA 1 (C),ALFA 2 (C),ALFA 3 (C),ALFA 4 (C),ALFA 5 (C),ALFA 6 (C),ALFA 7 ,ASBER 1 (C),
002354,TGS SAMSUNG A04,0 PCS,0 PCS,0 PCS,0 PCS,1 PCS,1 PCS,0 PCS,1 PCS,
002355,TGS SAMSUNG A10S/M10S,2 PCS,2 PCS,2 PCS,0 PCS,2 PCS,2 PCS,,1 PCS,
002356,TGS SAMSUNG A12/M12,2 PCS,0 PCS,2 PCS,0 PCS,2 PCS,2 PCS,0 PCS,1 PCS,
002357,TGS SAMSUNG A13 5G,0 PCS,1 PCS,0 PCS,0 PCS,1 PCS,1 PCS,,1 PCS,
002358,TGS SAMSUNG A52 4G/5G,2 PCS,2 PCS,2 PCS,1 PCS,2 PCS,2 PCS,1 PCS,2 PCS,
TOTAL,6.00,5.00,6.00,1.00,8.00,8.00,1.00,6.00,
Kode Item,Nama Item,ASBER 2 (C),BK CIJAMBE ,BK JH1 ,BK JH2 (C),BK6 ,BK7 ,BKC ,BUNISARI ,
002354,TGS SAMSUNG A04,0 PCS,2 PCS,0 PCS,2 PCS,0 PCS,1 PCS,1 PCS,2 PCS,
002355,TGS SAMSUNG A10S/M10S,2 PCS,2 PCS,1 PCS,2 PCS,1 PCS,1 PCS,2 PCS,1 PCS,
002356,TGS SAMSUNG A12/M12,0 PCS,2 PCS,1 PCS,2 PCS,,1 PCS,1 PCS,0 PCS,
002357,TGS SAMSUNG A13 5G,1 PCS,2 PCS,1 PCS,2 PCS,1 PCS,1 PCS,0 PCS,1 PCS,
002358,TGS SAMSUNG A52 4G/5G,2 PCS,2 PCS,1 PCS,2 PCS,1 PCS,1 PCS,2 PCS,0 PCS,
TOTAL,5.00,10.00,4.00,10.00,3.00,5.00,6.00,4.00,
Kode Item,Nama Item,CICUKANG ,CIKADUT 2,CIPAGALO ,CISA (C),CK (C),CL 1 ,CL 2 ,CL 3 ,
002354,TGS SAMSUNG A04,1 PCS,,,0 PCS,1 PCS,1 PCS,,1 PCS,
002355,TGS SAMSUNG A10S/M10S,1 PCS,1 PCS,1 PCS,1 PCS,2 PCS,1 PCS,1 PCS,,
002356,TGS SAMSUNG A12/M12,0 PCS,1 PCS,,2 PCS,1 PCS,1 PCS,1 PCS,1 PCS,
002357,TGS SAMSUNG A13 5G,,1 PCS,1 PCS,0 PCS,2 PCS,1 PCS,1 PCS,1 PCS,
002358,TGS SAMSUNG A52 4G/5G,1 PCS,1 PCS,,2 PCS,1 PCS,1 PCS,1 PCS,1 PCS,
TOTAL,3.00,4.00,2.00,5.00,7.00,5.00,4.00,4.00,
Kode Item,Nama Item,DM (C),Gudang,PC 3 (A),PC 4 (C),PC 5 (C),PD 1 (C),PD 2 (C),RK (C),
002354,TGS SAMSUNG A04,1 PCS,0 PCS,1 PCS,2 PCS,1 PCS,1 PCS,2 PCS,1 PCS,
002355,TGS SAMSUNG A10S/M10S,2 PCS,0 PCS,2 PCS,2 PCS,1 PCS,1 PCS,2 PCS,0 PCS,
002356,TGS SAMSUNG A12/M12,2 PCS,0 PCS,1 PCS,1 PCS,1 PCS,0 PCS,1 PCS,1 PCS,
002357,TGS SAMSUNG A13 5G,1 PCS,0 PCS,2 PCS,2 PCS,1 PCS,0 PCS,2 PCS,1 PCS,
002358,TGS SAMSUNG A52 4G/5G,2 PCS,0 PCS,2 PCS,2 PCS,1 PCS,0 PCS,2 PCS,1 PCS,
TOTAL,8.00,0.00,8.00,9.00,5.00,2.00,9.00,4.00,
Kode Item,Nama Item,SA (C),SS (C),TOTAL,,,,,,,
002354,TGS SAMSUNG A04,1 PCS,1 PCS,26 PCS,,,,,,,
002355,TGS SAMSUNG A10S/M10S,1 PCS,1 PCS,43 PCS,,,,,,,
002356,TGS SAMSUNG A12/M12,0 PCS,1 PCS,31 PCS,,,,,,,
002357,TGS SAMSUNG A13 5G,0 PCS,1 PCS,30 PCS,,,,,,,
,,,,Bee Accounting,,,,,,,,
,15/09/2026,,,,,,,
Kode Item,Nama Item,SA (C),SS (C),TOTAL,,,,,,,
002358,TGS SAMSUNG A52 4G/5G,1 PCS,1 PCS,45 PCS,,,,,,,
TOTAL,3.00,5.00,175.00,,,,,,,
,Merk,Model,,,,,,,,,
,UFONE,BATOK,,,,,,,,,
Kode Item,Nama Item,ALFA 1 (C),ALFA 2 (C),ALFA 3 (C),ALFA 4 (C),ALFA 5 (C),ALFA 6 (C),ALFA 7 ,ASBER 1 (C),
002592,BATOK UFONE GC01 2.4A,4 PCS,4 PCS,5 PCS,9 PCS,7 PCS,3 PCS,4 PCS,5 PCS,
002655,BATOK UFONE TC01 1.5A,0 PCS,5 PCS,0 PCS,0 PCS,0 PCS,3 PCS,0 PCS,0 PCS,
002765,BATOK CH002 1.5A POCOSTAR / UFONE,0 PCS,0 PCS,0 PCS,0 PCS,0 PCS,1 PCS,0 PCS,0 PCS,
002846,BATOK UFONE GC02 3A,7 PCS,4 PCS,5 PCS,7 PCS,9 PCS,,6 PCS,,
002923,BATOK UI ME PC09 USB TYPE C PD30W,0 PCS,3 PCS,3 PCS,0 PCS,0 PCS,,2 PCS,2 PCS,
TOTAL,11.00,16.00,13.00,16.00,16.00,7.00,12.00,7.00,
Kode Item,Nama Item,ASBER 2 (C),BK CIJAMBE ,BK JH1 ,BK JH2 (C),BK5 CIGER ,BK6 ,BK7 ,BK8 BAKSAR ,
002592,BATOK UFONE GC01 2.4A,3 PCS,3 PCS,4 PCS,8 PCS,4 PCS,3 PCS,5 PCS,4 PCS,
002655,BATOK UFONE TC01 1.5A,0 PCS,6 PCS,0 PCS,0 PCS,4 PCS,,0 PCS,1 PCS,
002765,BATOK CH002 1.5A POCOSTAR / UFONE,0 PCS,3 PCS,0 PCS,0 PCS,0 PCS,0 PCS,5 PCS,0 PCS,
002846,BATOK UFONE GC02 3A,5 PCS,,4 PCS,,,,4 PCS,7 PCS,
002923,BATOK UI ME PC09 USB TYPE C PD30W,2 PCS,,,,,,2 PCS,2 PCS,
TOTAL,10.00,12.00,8.00,8.00,8.00,3.00,16.00,14.00,
Kode Item,Nama Item,BK9 BAKSAR ,BKC ,BUNISARI ,CICUKANG ,CIHAURKUK,CIKADUT 2,CIPADUNG 2 ,CIPAGALO ,
002592,BATOK UFONE GC01 2.4A,2 PCS,10 PCS,5 PCS,3 PCS,4 PCS,5 PCS,6 PCS,2 PCS,
002655,BATOK UFONE TC01 1.5A,0 PCS,6 PCS,0 PCS,0 PCS,,0 PCS,0 PCS,0 PCS,
002765,BATOK CH002 1.5A POCOSTAR / UFONE,0 PCS,0 PCS,0 PCS,0 PCS,,3 PCS,0 PCS,0 PCS,
002846,BATOK UFONE GC02 3A,5 PCS,10 PCS,6 PCS,7 PCS,,,8 PCS,8 PCS,
002923,BATOK UI ME PC09 USB TYPE C PD30W,1 PCS,2 PCS,5 PCS,,,,3 PCS,,
TOTAL,8.00,28.00,16.00,10.00,4.00,8.00,17.00,10.00,
Kode Item,Nama Item,CIPOREAT,CISA (C),CK (C),CL 1 ,CL 2 ,CL 3 ,CL 4 ,DM (C),
002592,BATOK UFONE GC01 2.4A,,4 PCS,6 PCS,4 PCS,9 PCS,5 PCS,,6 PCS,
002655,BATOK UFONE TC01 1.5A,0 PCS,0 PCS,0 PCS,0 PCS,0 PCS,3 PCS,,3 PCS,
002765,BATOK CH002 1.5A POCOSTAR / UFONE,2 PCS,0 PCS,0 PCS,3 PCS,2 PCS,4 PCS,,2 PCS,
,,,,,Bee Accounting,,,,,,,,
,15/09/2026,,,,,,,,
Kode Item,Nama Item,CIPOREAT,CISA (C),CK (C),CL 1 ,CL 2 ,CL 3 ,CL 4 ,DM (C),
002846,BATOK UFONE GC02 3A,9 PCS,5 PCS,7 PCS,,8 PCS,,10 PCS,,
002923,BATOK UI ME PC09 USB TYPE C PD30W,,2 PCS,2 PCS,,2 PCS,,3 PCS,2 PCS,
TOTAL,11.00,11.00,15.00,7.00,21.00,12.00,13.00,13.00,
Kode Item,Nama Item,Gudang,PC 3 (A),PC 4 (C),PC 5 (C),PD 1 (C),PD 2 (C),PD 3 (C),RK (C),
002592,BATOK UFONE GC01 2.4A,1 PCS,8 PCS,3 PCS,6 PCS,5 PCS,7 PCS,5 PCS,7 PCS,
002655,BATOK UFONE TC01 1.5A,1 PCS,0 PCS,0 PCS,0 PCS,5 PCS,3 PCS,4 PCS,0 PCS,
002765,BATOK CH002 1.5A POCOSTAR / UFONE,0 PCS,0 PCS,5 PCS,0 PCS,5 PCS,8 PCS,0 PCS,0 PCS,
002846,BATOK UFONE GC02 3A,0 PCS,4 PCS,5 PCS,7 PCS,7 PCS,8 PCS,,3 PCS,
002923,BATOK UI ME PC09 USB TYPE C PD30W,0 PCS,2 PCS,,3 PCS,2 PCS,3 PCS,,3 PCS,
TOTAL,2.00,14.00,13.00,16.00,24.00,29.00,9.00,13.00,
Kode Item,Nama Item,SA (C),SS (C),TOTAL,,,,,,,
002592,BATOK UFONE GC01 2.4A,5 PCS,6 PCS,199 PCS,,,,,,,
002655,BATOK UFONE TC01 1.5A,1 PCS,0 PCS,45 PCS,,,,,,,
002765,BATOK CH002 1.5A POCOSTAR / UFONE,0 PCS,0 PCS,43 PCS,,,,,,,
002846,BATOK UFONE GC02 3A,4 PCS,5 PCS,184 PCS,,,,,,,
002923,BATOK UI ME PC09 USB TYPE C PD30W,0 PCS,2 PCS,53 PCS,,,,,,,
TOTAL,10.00,13.00,524.00,,,,,,,
,Merk,Model,,,,,,,,,
,UFONE,CAR CHARGER,,,,,,,,,
Kode Item,Nama Item,ALFA 1 (C),ALFA 2 (C),ALFA 3 (C),ALFA 4 (C),ALFA 5 (C),ALFA 6 (C),ALFA 7 ,ASBER 1 (C),
002589,CAR CHARGER UFONE CM01-C PD30+18W,0 PCS,0 PCS,0 PCS,2 PCS,2 PCS,0 PCS,0 PCS,2 PCS,
002686,CAR CHARGER UFONE CM01-M 2.4A,,,,,,,0 PCS,,
TOTAL,0.00,0.00,0.00,2.00,2.00,0.00,0.00,2.00,
Kode Item,Nama Item,ASBER 2 (C),BK CIJAMBE ,BK JH1 ,BK JH2 (C),BK5 CIGER ,BK6 ,BK7 ,BK8 BAKSAR ,
002589,CAR CHARGER UFONE CM01-C PD30+18W,0 PCS,2 PCS,0 PCS,1 PCS,0 PCS,2 PCS,1 PCS,0 PCS,
002686,CAR CHARGER UFONE CM01-M 2.4A,,,,,,,,,
TOTAL,0.00,2.00,0.00,1.00,0.00,2.00,1.00,0.00,
,,,,,Bee Accounting,,,,,,,,
,15/09/2026,,,,,,,,
Kode Item,Nama Item,BK9 BAKSAR ,BKC ,BUNISARI ,CICUKANG ,CIPADUNG 2 ,CIPAGALO ,CISA (C),CL 1 ,
002589,CAR CHARGER UFONE CM01-C PD30+18W,1 PCS,0 PCS,2 PCS,1 PCS,2 PCS,2 PCS,0 PCS,2 PCS,
002686,CAR CHARGER UFONE CM01-M 2.4A,,,,,,,,,
TOTAL,1.00,0.00,2.00,1.00,2.00,2.00,0.00,2.00,
Kode Item,Nama Item,DM (C),Gudang,PC 3 (A),PC 4 (C),PC 5 (C),PD 1 (C),PD 2 (C),PD 3 (C),
002589,CAR CHARGER UFONE CM01-C PD30+18W,0 PCS,1 PCS,0 PCS,3 PCS,1 PCS,2 PCS,0 PCS,2 PCS,
002686,CAR CHARGER UFONE CM01-M 2.4A,,0 PCS,,,,,,,
TOTAL,0.00,1.00,0.00,3.00,1.00,2.00,0.00,2.00,
Kode Item,Nama Item,SA (C),SS (C),TOTAL,,,,,,,
002589,CAR CHARGER UFONE CM01-C PD30+18W,0 PCS,1 PCS,32 PCS,,,,,,,
002686,CAR CHARGER UFONE CM01-M 2.4A,,,0 PCS,,,,,,,
TOTAL,0.00,1.00,32.00,,,,,,,
,Merk,Model,,,,,,,,,
,UFONE,CHARGER,,,,,,,,,
Kode Item,Nama Item,ALFA 1 (C),ALFA 2 (C),ALFA 3 (C),ALFA 4 (C),ALFA 5 (C),ALFA 6 (C),ALFA 7 ,ASBER 1 (C),
002597,CHARGER UFONE CP02-M 2.4A TRAVEL CHARGER SET,2 PCS,9 PCS,6 PCS,10 PCS,4 PCS,6 PCS,2 PCS,6 PCS,
002626,CHARGER UFONE CP02-C 2.4A TYPE C,6 PCS,18 PCS,10 PCS,12 PCS,9 PCS,7 PCS,8 PCS,9 PCS,
002627,CHARGER UI ME PC01-CC SET C TO C PD 20W,0 PCS,0 PCS,0 PCS,1 PCS,0 PCS,0 PCS,0 PCS,1 PCS,
002628,CHARGER UI ME PC01-CL SET C TO L PD 20W MFI,1 PCS,1 PCS,0 PCS,1 PCS,1 PCS,0 PCS,0 PCS,0 PCS,
002771,BATOK UI ME PC08 USB TYPE C POWER GAN PD20W,1 PCS,2 PCS,3 PCS,,3 PCS,,4 PCS,,
002922,CHARGER UFONE CP03-C TYPE C 18W,5 PCS,4 PCS,3 PCS,5 PCS,5 PCS,,5 PCS,2 PCS,
002958,CHARGER UI ME PC09-CC GAN 30W PRO,2 PCS,,,2 PCS,2 PCS,,,,
TOTAL,17.00,34.00,22.00,31.00,24.00,13.00,19.00,18.00,
Kode Item,Nama Item,ASBER 2 (C),BK CIJAMBE ,BK JH1 ,BK JH2 (C),BK5 CIGER ,BK6 ,BK7 ,BK8 BAKSAR ,
002597,CHARGER UFONE CP02-M 2.4A TRAVEL CHARGER SET,8 PCS,6 PCS,8 PCS,5 PCS,7 PCS,4 PCS,8 PCS,7 PCS,
002626,CHARGER UFONE CP02-C 2.4A TYPE C,5 PCS,9 PCS,7 PCS,6 PCS,6 PCS,9 PCS,6 PCS,5 PCS,
,,,,,Bee Accounting,,,,,,,,
,15/09/2026,,,,,,,,
Kode Item,Nama Item,ASBER 2 (C),BK CIJAMBE ,BK JH1 ,BK JH2 (C),BK5 CIGER ,BK6 ,BK7 ,BK8 BAKSAR ,
002627,CHARGER UI ME PC01-CC SET C TO C PD 20W,0 PCS,1 PCS,0 PCS,0 PCS,1 PCS,1 PCS,1 PCS,0 PCS,
002628,CHARGER UI ME PC01-CL SET C TO L PD 20W MFI,1 PCS,1 PCS,1 PCS,1 PCS,1 PCS,0 PCS,1 PCS,1 PCS,
002771,BATOK UI ME PC08 USB TYPE C POWER GAN PD20W,,,,,,,,,
002922,CHARGER UFONE CP03-C TYPE C 18W,2 PCS,,,,2 PCS,,2 PCS,2 PCS,
002958,CHARGER UI ME PC09-CC GAN 30W PRO,,,,,,,,,
TOTAL,16.00,17.00,16.00,12.00,17.00,14.00,18.00,15.00,
Kode Item,Nama Item,BK9 BAKSAR ,BKC ,BUNISARI ,CICUKANG ,CIHAURKUK,CIKADUT 2,CIPADUNG 2 ,CIPAGALO ,
002597,CHARGER UFONE CP02-M 2.4A TRAVEL CHARGER SET,3 PCS,5 PCS,11 PCS,6 PCS,7 PCS,5 PCS,11 PCS,5 PCS,
002626,CHARGER UFONE CP02-C 2.4A TYPE C,6 PCS,6 PCS,6 PCS,4 PCS,30 PCS,5 PCS,4 PCS,6 PCS,
002627,CHARGER UI ME PC01-CC SET C TO C PD 20W,0 PCS,0 PCS,0 PCS,0 PCS,,,0 PCS,1 PCS,
002628,CHARGER UI ME PC01-CL SET C TO L PD 20W MFI,0 PCS,1 PCS,1 PCS,1 PCS,,1 PCS,0 PCS,1 PCS,
002771,BATOK UI ME PC08 USB TYPE C POWER GAN PD20W,,,4 PCS,1 PCS,,,5 PCS,,
002922,CHARGER UFONE CP03-C TYPE C 18W,,,5 PCS,2 PCS,,,2 PCS,,
002958,CHARGER UI ME PC09-CC GAN 30W PRO,,,,,,,2 PCS,,
TOTAL,9.00,12.00,27.00,14.00,37.00,11.00,24.00,13.00,
Kode Item,Nama Item,CIPOREAT,CISA (C),CK (C),CL 1 ,CL 2 ,CL 3 ,CL 4 ,DM (C),
002597,CHARGER UFONE CP02-M 2.4A TRAVEL CHARGER SET,3 PCS,3 PCS,12 PCS,8 PCS,8 PCS,6 PCS,10 PCS,6 PCS,
002626,CHARGER UFONE CP02-C 2.4A TYPE C,7 PCS,12 PCS,8 PCS,7 PCS,5 PCS,5 PCS,10 PCS,5 PCS,
002627,CHARGER UI ME PC01-CC SET C TO C PD 20W,,0 PCS,1 PCS,1 PCS,0 PCS,,,0 PCS,
002628,CHARGER UI ME PC01-CL SET C TO L PD 20W MFI,0 PCS,0 PCS,0 PCS,1 PCS,2 PCS,,,0 PCS,
002771,BATOK UI ME PC08 USB TYPE C POWER GAN PD20W,,,,,3 PCS,,3 PCS,,
002922,CHARGER UFONE CP03-C TYPE C 18W,,,2 PCS,,2 PCS,,5 PCS,5 PCS,
002958,CHARGER UI ME PC09-CC GAN 30W PRO,,,,,,,,,
TOTAL,10.00,15.00,23.00,17.00,20.00,11.00,28.00,16.00,
,,,,Bee Accounting,,,,,,,,
,15/09/2026,,,,,,,
Kode Item,Nama Item,Gudang,PC 3 (A),PC 4 (C),PC 5 (C),PD 1 (C),PD 2 (C),PD 3 (C),RK (C),
002597,CHARGER UFONE CP02-M 2.4A TRAVEL CHARGER SET,0 PCS,7 PCS,6 PCS,11 PCS,6 PCS,3 PCS,9 PCS,8 PCS,
002626,CHARGER UFONE CP02-C 2.4A TYPE C,0 PCS,2 PCS,9 PCS,6 PCS,5 PCS,12 PCS,8 PCS,12 PCS,
002627,CHARGER UI ME PC01-CC SET C TO C PD 20W,0 PCS,0 PCS,1 PCS,1 PCS,0 PCS,0 PCS,1 PCS,0 PCS,
002628,CHARGER UI ME PC01-CL SET C TO L PD 20W MFI,0 PCS,1 PCS,1 PCS,0 PCS,1 PCS,1 PCS,1 PCS,1 PCS,
002771,BATOK UI ME PC08 USB TYPE C POWER GAN PD20W,0 PCS,,,4 PCS,,4 PCS,,3 PCS,
002922,CHARGER UFONE CP03-C TYPE C 18W,0 PCS,2 PCS,,5 PCS,,2 PCS,,5 PCS,
002958,CHARGER UI ME PC09-CC GAN 30W PRO,0 PCS,,,,,,,,
TOTAL,0.00,12.00,17.00,27.00,12.00,22.00,19.00,29.00,
Kode Item,Nama Item,SA (C),SS (C),TOTAL,,,,,,,
002597,CHARGER UFONE CP02-M 2.4A TRAVEL CHARGER SET,12 PCS,6 PCS,275 PCS,,,,,,,
002626,CHARGER UFONE CP02-C 2.4A TYPE C,8 PCS,7 PCS,327 PCS,,,,,,,
002627,CHARGER UI ME PC01-CC SET C TO C PD 20W,0 PCS,0 PCS,12 PCS,,,,,,,
002628,CHARGER UI ME PC01-CL SET C TO L PD 20W MFI,0 PCS,1 PCS,26 PCS,,,,,,,
002771,BATOK UI ME PC08 USB TYPE C POWER GAN PD20W,,,40 PCS,,,,,,,
002922,CHARGER UFONE CP03-C TYPE C 18W,5 PCS,5 PCS,84 PCS,,,,,,,
002958,CHARGER UI ME PC09-CC GAN 30W PRO,2 PCS,,10 PCS,,,,,,,
TOTAL,27.00,19.00,774.00,,,,,,,
,Merk,Model,,,,,,,,,
,UFONE,HANDSFREE,,,,,,,,,
Kode Item,Nama Item,ALFA 1 (C),ALFA 2 (C),ALFA 3 (C),ALFA 4 (C),ALFA 5 (C),ALFA 6 (C),ALFA 7 ,ASBER 1 (C),
002593,HF UFONE WI01 BOX PUTIH,10 PCS,13 PCS,5 PCS,11 PCS,6 PCS,8 PCS,8 PCS,6 PCS,
002594,HF UFONE WI02 BOX HITAM,10 PCS,9 PCS,15 PCS,9 PCS,8 PCS,11 PCS,17 PCS,6 PCS,
002619,HF UFONE WI03 GLOSSY IN-EAR EARPHONE,2 PCS,5 PCS,5 PCS,5 PCS,5 PCS,,12 PCS,5 PCS,
002625,HF UFONE WG01 IN EAR EARPHONE,7 PCS,2 PCS,10 PCS,4 PCS,19 PCS,9 PCS,9 PCS,15 PCS,
002682,TWS UFONE EB04,,,3 PCS,,,,,2 PCS,
002717,TWS UFONE EB01 SEMI IN-EAR,0 PCS,0 PCS,0 PCS,0 PCS,1 PCS,1 PCS,0 PCS,0 PCS,
,,,,,Bee Accounting,,,,,,,,
,15/09/2026,,,,,,,,
Kode Item,Nama Item,ALFA 1 (C),ALFA 2 (C),ALFA 3 (C),ALFA 4 (C),ALFA 5 (C),ALFA 6 (C),ALFA 7 ,ASBER 1 (C),
002719,HF UFONE WI04-C TYPE C IN EAR EARPHONE,6 PCS,10 PCS,7 PCS,8 PCS,8 PCS,7 PCS,8 PCS,7 PCS,
002919,TWS UFONE EB05 SEMI IN EAR,3 PCS,3 PCS,2 PCS,,,,1 PCS,,
002924,HF UFONE WS01 SEMI IN EAR,,10 PCS,10 PCS,20 PCS,10 PCS,,,,
TOTAL,38.00,52.00,57.00,57.00,57.00,36.00,55.00,41.00,
Kode Item,Nama Item,ASBER 2 (C),BK CIJAMBE ,BK JH1 ,BK JH2 (C),BK5 CIGER ,BK6 ,BK7 ,BK8 BAKSAR ,
002593,HF UFONE WI01 BOX PUTIH,4 PCS,5 PCS,9 PCS,24 PCS,6 PCS,7 PCS,7 PCS,15 PCS,
002594,HF UFONE WI02 BOX HITAM,7 PCS,,,,4 PCS,7 PCS,7 PCS,11 PCS,
002619,HF UFONE WI03 GLOSSY IN-EAR EARPHONE,8 PCS,,,,4 PCS,,,10 PCS,
002625,HF UFONE WG01 IN EAR EARPHONE,13 PCS,10 PCS,12 PCS,10 PCS,8 PCS,10 PCS,6 PCS,7 PCS,
002682,TWS UFONE EB04,0 PCS,,,,,,,,
002717,TWS UFONE EB01 SEMI IN-EAR,0 PCS,2 PCS,0 PCS,0 PCS,2 PCS,0 PCS,0 PCS,0 PCS,
002719,HF UFONE WI04-C TYPE C IN EAR EARPHONE,10 PCS,8 PCS,6 PCS,8 PCS,10 PCS,8 PCS,9 PCS,8 PCS,
002919,TWS UFONE EB05 SEMI IN EAR,,,,,,,,,
002924,HF UFONE WS01 SEMI IN EAR,,,,,,,,,
TOTAL,42.00,25.00,27.00,42.00,34.00,32.00,29.00,51.00,
Kode Item,Nama Item,BK9 BAKSAR ,BKC ,BUNISARI ,CICUKANG ,CIHAURKUK,CIKADUT 2,CIPADUNG 2 ,CIPAGALO ,
002593,HF UFONE WI01 BOX PUTIH,22 PCS,7 PCS,7 PCS,13 PCS,7 PCS,5 PCS,6 PCS,5 PCS,
002594,HF UFONE WI02 BOX HITAM,10 PCS,4 PCS,7 PCS,12 PCS,4 PCS,24 PCS,9 PCS,8 PCS,
002619,HF UFONE WI03 GLOSSY IN-EAR EARPHONE,8 PCS,,5 PCS,5 PCS,10 PCS,,,8 PCS,
002625,HF UFONE WG01 IN EAR EARPHONE,4 PCS,11 PCS,12 PCS,7 PCS,10 PCS,,7 PCS,4 PCS,
002682,TWS UFONE EB04,2 PCS,,2 PCS,4 PCS,,4 PCS,,,
002717,TWS UFONE EB01 SEMI IN-EAR,0 PCS,0 PCS,0 PCS,0 PCS,,,1 PCS,0 PCS,
002719,HF UFONE WI04-C TYPE C IN EAR EARPHONE,6 PCS,4 PCS,5 PCS,6 PCS,10 PCS,5 PCS,9 PCS,7 PCS,
002919,TWS UFONE EB05 SEMI IN EAR,,,2 PCS,,,,3 PCS,,
002924,HF UFONE WS01 SEMI IN EAR,,,5 PCS,,,,5 PCS,,
TOTAL,52.00,26.00,45.00,47.00,41.00,38.00,40.00,32.00,
Kode Item,Nama Item,CIPOREAT,CISA (C),CK (C),CL 1 ,CL 2 ,CL 3 ,CL 4 ,DM (C),
002593,HF UFONE WI01 BOX PUTIH,22 PCS,11 PCS,8 PCS,24 PCS,4 PCS,6 PCS,30 PCS,6 PCS,
002594,HF UFONE WI02 BOX HITAM,4 PCS,6 PCS,10 PCS,5 PCS,4 PCS,,18 PCS,12 PCS,
,,,,Bee Accounting,,,,,,,,
,15/09/2026,,,,,,,
Kode Item,Nama Item,CIPOREAT,CISA (C),CK (C),CL 1 ,CL 2 ,CL 3 ,CL 4 ,DM (C),
002619,HF UFONE WI03 GLOSSY IN-EAR EARPHONE,5 PCS,,,9 PCS,5 PCS,,10 PCS,,
002625,HF UFONE WG01 IN EAR EARPHONE,13 PCS,0 PCS,2 PCS,4 PCS,11 PCS,8 PCS,20 PCS,3 PCS,
002682,TWS UFONE EB04,,,,,2 PCS,,,,
002717,TWS UFONE EB01 SEMI IN-EAR,0 PCS,0 PCS,0 PCS,0 PCS,,,,1 PCS,
002719,HF UFONE WI04-C TYPE C IN EAR EARPHONE,6 PCS,10 PCS,5 PCS,4 PCS,5 PCS,5 PCS,9 PCS,3 PCS,
002919,TWS UFONE EB05 SEMI IN EAR,,1 PCS,,,,,3 PCS,,
002924,HF UFONE WS01 SEMI IN EAR,,,,,,,,,
TOTAL,50.00,28.00,25.00,46.00,31.00,19.00,90.00,25.00,
Kode Item,Nama Item,GUDANG ,Gudang,PC 3 (A),PC 4 (C),PC 5 (C),PD 1 (C),PD 2 (C),PD 3 (C),
002593,HF UFONE WI01 BOX PUTIH,0 PCS,1 PCS,8 PCS,7 PCS,4 PCS,7 PCS,5 PCS,9 PCS,
002594,HF UFONE WI02 BOX HITAM,,1 PCS,5 PCS,5 PCS,17 PCS,7 PCS,6 PCS,,
002619,HF UFONE WI03 GLOSSY IN-EAR EARPHONE,,0 PCS,,,9 PCS,,4 PCS,6 PCS,
002625,HF UFONE WG01 IN EAR EARPHONE,,0 PCS,7 PCS,11 PCS,3 PCS,15 PCS,8 PCS,15 PCS,
002682,TWS UFONE EB04,,0 PCS,,,,,3 PCS,,
002717,TWS UFONE EB01 SEMI IN-EAR,,1 PCS,0 PCS,1 PCS,0 PCS,0 PCS,0 PCS,1 PCS,
002719,HF UFONE WI04-C TYPE C IN EAR EARPHONE,,0 PCS,5 PCS,4 PCS,12 PCS,2 PCS,3 PCS,3 PCS,
002919,TWS UFONE EB05 SEMI IN EAR,,0 PCS,,,,,,,
002924,HF UFONE WS01 SEMI IN EAR,,0 PCS,,,10 PCS,,8 PCS,,
TOTAL,0.00,3.00,25.00,28.00,55.00,31.00,37.00,34.00,
Kode Item,Nama Item,PETSHOP,RK (C),SA (C),SS (C),TOTAL,,,,,
002593,HF UFONE WI01 BOX PUTIH,0 PCS,10 PCS,2 PCS,6 PCS,386 PCS,,,,,
002594,HF UFONE WI02 BOX HITAM,,10 PCS,10 PCS,4 PCS,323 PCS,,,,,
002619,HF UFONE WI03 GLOSSY IN-EAR EARPHONE,,3 PCS,3 PCS,,151 PCS,,,,,
002625,HF UFONE WG01 IN EAR EARPHONE,,11 PCS,9 PCS,9 PCS,355 PCS,,,,,
002682,TWS UFONE EB04,,,,,22 PCS,,,,,
002717,TWS UFONE EB01 SEMI IN-EAR,,0 PCS,0 PCS,1 PCS,12 PCS,,,,,
002719,HF UFONE WI04-C TYPE C IN EAR EARPHONE,,4 PCS,4 PCS,7 PCS,271 PCS,,,,,
002919,TWS UFONE EB05 SEMI IN EAR,,,,,18 PCS,,,,,
002924,HF UFONE WS01 SEMI IN EAR,,,,,78 PCS,,,,,
,,,,Bee Accounting,,,,,,,,
,15/09/2026,,,,,,,
Kode Item,Nama Item,PETSHOP,RK (C),SA (C),SS (C),TOTAL,,,,,
TOTAL,0.00,38.00,28.00,27.00,"1,616.00",,,,,
,Merk,Model,,,,,,,,,
,UFONE,HOLDER HP,,,,,,,,,
Kode Item,Nama Item,ALFA 1 (C),ALFA 2 (C),ALFA 3 (C),ALFA 4 (C),ALFA 5 (C),ALFA 6 (C),ALFA 7 ,ASBER 1 (C),
002952,CAR HOLDER UFONE CH02-BLACK,3 PCS,2 PCS,2 PCS,2 PCS,2 PCS,2 PCS,3 PCS,2 PCS,
TOTAL,3.00,2.00,2.00,2.00,2.00,2.00,3.00,2.00,
Kode Item,Nama Item,ASBER 2 (C),BK CIJAMBE ,BK JH1 ,BK JH2 (C),BK5 CIGER ,BK6 ,BK7 ,BK8 BAKSAR ,
002952,CAR HOLDER UFONE CH02-BLACK,2 PCS,2 PCS,2 PCS,2 PCS,2 PCS,2 PCS,3 PCS,2 PCS,
TOTAL,2.00,2.00,2.00,2.00,2.00,2.00,3.00,2.00,
Kode Item,Nama Item,BK9 BAKSAR ,BKC ,BUNISARI ,CICUKANG ,CIHAURKUK,CIKADUT 2,CIPADUNG 2 ,CIPAGALO ,
002952,CAR HOLDER UFONE CH02-BLACK,2 PCS,3 PCS,2 PCS,2 PCS,2 PCS,2 PCS,2 PCS,2 PCS,
TOTAL,2.00,3.00,2.00,2.00,2.00,2.00,2.00,2.00,
Kode Item,Nama Item,CIPOREAT,CISA (C),CK (C),CL 1 ,CL 2 ,CL 3 ,CL 4 ,DM (C),
002952,CAR HOLDER UFONE CH02-BLACK,2 PCS,2 PCS,2 PCS,2 PCS,2 PCS,2 PCS,2 PCS,2 PCS,
TOTAL,2.00,2.00,2.00,2.00,2.00,2.00,2.00,2.00,
Kode Item,Nama Item,Gudang,PC 3 (A),PC 4 (C),PC 5 (C),PD 1 (C),PD 2 (C),PD 3 (C),RK (C),
002952,CAR HOLDER UFONE CH02-BLACK,0 PCS,2 PCS,2 PCS,3 PCS,2 PCS,3 PCS,2 PCS,3 PCS,
TOTAL,0.00,2.00,2.00,3.00,2.00,3.00,2.00,3.00,
Kode Item,Nama Item,SA (C),SS (C),TOTAL,,,,,,,
002952,CAR HOLDER UFONE CH02-BLACK,3 PCS,2 PCS,90 PCS,,,,,,,
TOTAL,3.00,2.00,90.00,,,,,,,
,Merk,Model,,,,,,,,,
,UFONE,KABEL DATA,,,,,,,,,
Kode Item,Nama Item,ALFA 1 (C),ALFA 2 (C),ALFA 3 (C),ALFA 4 (C),ALFA 5 (C),ALFA 6 (C),ALFA 7 ,ASBER 1 (C),
002590,KABEL DATA UFONE TG01-C TYPE C 3A TOPLES,0 PCS,0 PCS,6 PCS,0 PCS,0 PCS,6 PCS,0 PCS,0 PCS,
,,,,,Bee Accounting,,,,,,,,
,15/09/2026,,,,,,,,
Kode Item,Nama Item,ALFA 1 (C),ALFA 2 (C),ALFA 3 (C),ALFA 4 (C),ALFA 5 (C),ALFA 6 (C),ALFA 7 ,ASBER 1 (C),
002591,KABEL DATA UFONE CB01-CL TYPE C TO LIGHTNING 27W,0 PCS,0 PCS,0 PCS,0 PCS,0 PCS,0 PCS,0 PCS,0 PCS,
002603,KABEL DATA UFONE DCG01-C FLEX TUBE 3A USB TO C,3 PCS,0 PCS,3 PCS,0 PCS,2 PCS,0 PCS,0 PCS,0 PCS,
002604,KABEL DATA UFONE DCG01-M FLEX TUBE 2.4A USB MIKRO,4 PCS,5 PCS,5 PCS,4 PCS,5 PCS,4 PCS,4 PCS,3 PCS,
002624,KABEL DATA UFONE TB01-M MIKRO 2.4A,3 PCS,14 PCS,9 PCS,0 PCS,15 PCS,20 PCS,0 PCS,20 PCS,
002687,KABEL DATA UFONE CB01-C 3A TYPE C,0 PCS,0 PCS,0 PCS,0 PCS,0 PCS,0 PCS,0 PCS,0 PCS,
002690,KABEL DATA UFONE TB01-L LIGHTNING,9 PCS,20 PCS,20 PCS,12 PCS,10 PCS,8 PCS,15 PCS,9 PCS,
002710,KABEL DATA UFONE CB01-L 2.4A LIGHTNING,3 PCS,1 PCS,2 PCS,2 PCS,3 PCS,5 PCS,6 PCS,8 PCS,
002712,KABEL DATA UFONE CB01-CC 60W C TO C,0 PCS,0 PCS,1 PCS,3 PCS,2 PCS,4 PCS,0 PCS,1 PCS,
002723,KABEL DATA UFONE CB02-CL TYPE C TO LIGHTNING 27W,,4 PCS,4 PCS,0 PCS,5 PCS,0 PCS,0 PCS,,
002729,KABEL DATA UFONE CB02-C TYPE C 3A,,3 PCS,1 PCS,,,0 PCS,3 PCS,,
002734,KABEL DATA UFONE CB02-L LIGHTNING 2.4A,,0 PCS,,0 PCS,,,,1 PCS,
002845,KABEL DATA UFONE CB02-M 2.4A MIKRO,2 PCS,0 PCS,2 PCS,2 PCS,1 PCS,1 PCS,2 PCS,,
002882,KABEL DATA UI ME DCP01-L IPHONE 2.4A (BLUE),2 PCS,2 PCS,1 PCS,2 PCS,2 PCS,2 PCS,2 PCS,2 PCS,
002883,KABEL DATA UI ME DCP01-L IPHONE 2.4A (BLACK),,,,,,,,,
002920,KABEL DATA UFONE DCG01-L FLEX TUBE 2.4A IPHONE,,5 PCS,4 PCS,,,,,,
002921,KABEL DATA UI ME DCP05-CC C TO C FLEX UP 240W,2 PCS,1 PCS,2 PCS,2 PCS,2 PCS,,2 PCS,,
002925,KABEL DATA UFONE TB01-CC C TO C 60W,39 PCS,20 PCS,20 PCS,18 PCS,20 PCS,20 PCS,20 PCS,20 PCS,
002926,KABEL DATA UFONE TB01-CL C TO LIGHTNING 27W,,,,,,,,,
002927,KABEL DATA UFONE TB01-C TYPE C 3A,,20 PCS,20 PCS,,,,15 PCS,,
002953,KABEL DATA UI ME DCG01-CC 60W C TO C,12 PCS,10 PCS,15 PCS,10 PCS,10 PCS,10 PCS,10 PCS,10 PCS,
002955,KABEL DATA UI ME DCG01-CL C TO LIGHTNING,7 PCS,7 PCS,7 PCS,7 PCS,7 PCS,7 PCS,7 PCS,7 PCS,
002956,KABEL DATA UI ME DCP07-CC 100W C TO C (STARLIGHT),1 PCS,1 PCS,1 PCS,1 PCS,1 PCS,1 PCS,1 PCS,1 PCS,
002957,KABEL DATA UI ME DCP07-CC 100W C TO C (BLACK),1 PCS,1 PCS,1 PCS,1 PCS,1 PCS,1 PCS,1 PCS,1 PCS,
TOTAL,88.00,114.00,124.00,64.00,86.00,89.00,88.00,83.00,
,,,,Bee Accounting,,,,,,,,
,15/09/2026,,,,,,,
Kode Item,Nama Item,ASBER 2 (C),BK CIJAMBE ,BK JH1 ,BK JH2 (C),BK5 CIGER ,BK6 ,BK7 ,BK8 BAKSAR ,
002590,KABEL DATA UFONE TG01-C TYPE C 3A TOPLES,4 PCS,6 PCS,3 PCS,1 PCS,6 PCS,0 PCS,0 PCS,2 PCS,
002591,KABEL DATA UFONE CB01-CL TYPE C TO LIGHTNING 27W,2 PCS,0 PCS,0 PCS,0 PCS,0 PCS,0 PCS,0 PCS,0 PCS,
002603,KABEL DATA UFONE DCG01-C FLEX TUBE 3A USB TO C,13 PCS,7 PCS,7 PCS,4 PCS,0 PCS,7 PCS,0 PCS,8 PCS,
002604,KABEL DATA UFONE DCG01-M FLEX TUBE 2.4A USB MIKRO,5 PCS,,,,0 PCS,5 PCS,2 PCS,4 PCS,
002624,KABEL DATA UFONE TB01-M MIKRO 2.4A,16 PCS,,5 PCS,19 PCS,21 PCS,10 PCS,15 PCS,12 PCS,
002687,KABEL DATA UFONE CB01-C 3A TYPE C,0 PCS,2 PCS,2 PCS,2 PCS,0 PCS,2 PCS,0 PCS,0 PCS,
002690,KABEL DATA UFONE TB01-L LIGHTNING,9 PCS,20 PCS,20 PCS,20 PCS,20 PCS,10 PCS,9 PCS,20 PCS,
002710,KABEL DATA UFONE CB01-L 2.4A LIGHTNING,2 PCS,2 PCS,2 PCS,3 PCS,3 PCS,3 PCS,3 PCS,2 PCS,
002712,KABEL DATA UFONE CB01-CC 60W C TO C,2 PCS,5 PCS,5 PCS,4 PCS,2 PCS,3 PCS,0 PCS,2 PCS,
002723,KABEL DATA UFONE CB02-CL TYPE C TO LIGHTNING 27W,,2 PCS,1 PCS,,0 PCS,,0 PCS,2 PCS,
002729,KABEL DATA UFONE CB02-C TYPE C 3A,2 PCS,,,,,,,,
002734,KABEL DATA UFONE CB02-L LIGHTNING 2.4A,,,,,,,,,
002845,KABEL DATA UFONE CB02-M 2.4A MIKRO,,,,,,,1 PCS,,
002882,KABEL DATA UI ME DCP01-L IPHONE 2.4A (BLUE),2 PCS,,2 PCS,2 PCS,2 PCS,,2 PCS,2 PCS,
002883,KABEL DATA UI ME DCP01-L IPHONE 2.4A (BLACK),,2 PCS,,,,2 PCS,,,
002920,KABEL DATA UFONE DCG01-L FLEX TUBE 2.4A IPHONE,,,,,,,,,
002921,KABEL DATA UI ME DCP05-CC C TO C FLEX UP 240W,2 PCS,,,,,,,2 PCS,
002925,KABEL DATA UFONE TB01-CC C TO C 60W,20 PCS,20 PCS,20 PCS,20 PCS,20 PCS,20 PCS,20 PCS,20 PCS,
002926,KABEL DATA UFONE TB01-CL C TO LIGHTNING 27W,,,,,,,,,
002927,KABEL DATA UFONE TB01-C TYPE C 3A,,,,,,,,,
002953,KABEL DATA UI ME DCG01-CC 60W C TO C,10 PCS,10 PCS,10 PCS,10 PCS,10 PCS,10 PCS,9 PCS,10 PCS,
002955,KABEL DATA UI ME DCG01-CL C TO LIGHTNING,7 PCS,7 PCS,7 PCS,7 PCS,7 PCS,7 PCS,7 PCS,7 PCS,
002956,KABEL DATA UI ME DCP07-CC 100W C TO C (STARLIGHT),1 PCS,1 PCS,1 PCS,1 PCS,1 PCS,1 PCS,1 PCS,1 PCS,
,,,,Bee Accounting,,,,,,,,
,15/09/2026,,,,,,,
Kode Item,Nama Item,ASBER 2 (C),BK CIJAMBE ,BK JH1 ,BK JH2 (C),BK5 CIGER ,BK6 ,BK7 ,BK8 BAKSAR ,
002957,KABEL DATA UI ME DCP07-CC 100W C TO C (BLACK),1 PCS,1 PCS,1 PCS,1 PCS,1 PCS,1 PCS,1 PCS,1 PCS,
TOTAL,98.00,85.00,86.00,94.00,93.00,81.00,70.00,95.00,
Kode Item,Nama Item,BK9 BAKSAR ,BKC ,BUNISARI ,CICUKANG ,CIHAURKUK,CIKADUT 2,CIPADUNG 2 ,CIPAGALO ,
002590,KABEL DATA UFONE TG01-C TYPE C 3A TOPLES,11 PCS,0 PCS,0 PCS,3 PCS,4 PCS,2 PCS,2 PCS,,
002591,KABEL DATA UFONE CB01-CL TYPE C TO LIGHTNING 27W,2 PCS,0 PCS,0 PCS,1 PCS,,,0 PCS,,
002603,KABEL DATA UFONE DCG01-C FLEX TUBE 3A USB TO C,10 PCS,5 PCS,0 PCS,11 PCS,3 PCS,,0 PCS,,
002604,KABEL DATA UFONE DCG01-M FLEX TUBE 2.4A USB MIKRO,4 PCS,8 PCS,0 PCS,6 PCS,4 PCS,5 PCS,4 PCS,7 PCS,
002624,KABEL DATA UFONE TB01-M MIKRO 2.4A,11 PCS,10 PCS,14 PCS,3 PCS,10 PCS,17 PCS,3 PCS,17 PCS,
002687,KABEL DATA UFONE CB01-C 3A TYPE C,0 PCS,0 PCS,0 PCS,1 PCS,,0 PCS,0 PCS,0 PCS,
002690,KABEL DATA UFONE TB01-L LIGHTNING,20 PCS,10 PCS,9 PCS,17 PCS,19 PCS,,20 PCS,19 PCS,
002710,KABEL DATA UFONE CB01-L 2.4A LIGHTNING,3 PCS,3 PCS,4 PCS,3 PCS,5 PCS,4 PCS,6 PCS,5 PCS,
002712,KABEL DATA UFONE CB01-CC 60W C TO C,2 PCS,3 PCS,1 PCS,2 PCS,,0 PCS,0 PCS,2 PCS,
002723,KABEL DATA UFONE CB02-CL TYPE C TO LIGHTNING 27W,,0 PCS,3 PCS,2 PCS,,0 PCS,0 PCS,2 PCS,
002729,KABEL DATA UFONE CB02-C TYPE C 3A,,,2 PCS,,,,3 PCS,,
002734,KABEL DATA UFONE CB02-L LIGHTNING 2.4A,,,,,,,0 PCS,,
002845,KABEL DATA UFONE CB02-M 2.4A MIKRO,,,2 PCS,1 PCS,2 PCS,,1 PCS,,
002882,KABEL DATA UI ME DCP01-L IPHONE 2.4A (BLUE),2 PCS,2 PCS,2 PCS,2 PCS,2 PCS,0 PCS,,,
002883,KABEL DATA UI ME DCP01-L IPHONE 2.4A (BLACK),,,,,,,0 PCS,2 PCS,
002920,KABEL DATA UFONE DCG01-L FLEX TUBE 2.4A IPHONE,,,3 PCS,,,,,,
002921,KABEL DATA UI ME DCP05-CC C TO C FLEX UP 240W,,,2 PCS,2 PCS,,,2 PCS,,
002925,KABEL DATA UFONE TB01-CC C TO C 60W,20 PCS,17 PCS,38 PCS,20 PCS,19 PCS,20 PCS,36 PCS,20 PCS,
002926,KABEL DATA UFONE TB01-CL C TO LIGHTNING 27W,,,18 PCS,,,,,,
002927,KABEL DATA UFONE TB01-C TYPE C 3A,,,17 PCS,,,,,,
,,,,Bee Accounting,,,,,,,,
,15/09/2026,,,,,,,
Kode Item,Nama Item,BK9 BAKSAR ,BKC ,BUNISARI ,CICUKANG ,CIHAURKUK,CIKADUT 2,CIPADUNG 2 ,CIPAGALO ,
002953,KABEL DATA UI ME DCG01-CC 60W C TO C,9 PCS,9 PCS,15 PCS,10 PCS,10 PCS,10 PCS,10 PCS,10 PCS,
002955,KABEL DATA UI ME DCG01-CL C TO LIGHTNING,7 PCS,7 PCS,7 PCS,7 PCS,7 PCS,7 PCS,6 PCS,7 PCS,
002956,KABEL DATA UI ME DCP07-CC 100W C TO C (STARLIGHT),1 PCS,1 PCS,1 PCS,1 PCS,1 PCS,1 PCS,1 PCS,1 PCS,
002957,KABEL DATA UI ME DCP07-CC 100W C TO C (BLACK),1 PCS,1 PCS,1 PCS,1 PCS,1 PCS,1 PCS,1 PCS,1 PCS,
TOTAL,103.00,76.00,139.00,93.00,87.00,67.00,95.00,93.00,
Kode Item,Nama Item,CIPOREAT,CISA (C),CK (C),CL 1 ,CL 2 ,CL 3 ,CL 4 ,DM (C),
002590,KABEL DATA UFONE TG01-C TYPE C 3A TOPLES,6 PCS,2 PCS,1 PCS,8 PCS,7 PCS,9 PCS,,8 PCS,
002591,KABEL DATA UFONE CB01-CL TYPE C TO LIGHTNING 27W,,0 PCS,0 PCS,0 PCS,,,,0 PCS,
002603,KABEL DATA UFONE DCG01-C FLEX TUBE 3A USB TO C,13 PCS,4 PCS,1 PCS,1 PCS,0 PCS,5 PCS,6 PCS,4 PCS,
002604,KABEL DATA UFONE DCG01-M FLEX TUBE 2.4A USB MIKRO,0 PCS,1 PCS,,3 PCS,3 PCS,,5 PCS,5 PCS,
002624,KABEL DATA UFONE TB01-M MIKRO 2.4A,19 PCS,17 PCS,20 PCS,12 PCS,13 PCS,10 PCS,,11 PCS,
002687,KABEL DATA UFONE CB01-C 3A TYPE C,,0 PCS,0 PCS,1 PCS,0 PCS,,,2 PCS,
002690,KABEL DATA UFONE TB01-L LIGHTNING,19 PCS,13 PCS,14 PCS,19 PCS,20 PCS,20 PCS,19 PCS,20 PCS,
002710,KABEL DATA UFONE CB01-L 2.4A LIGHTNING,2 PCS,3 PCS,3 PCS,2 PCS,4 PCS,,4 PCS,2 PCS,
002712,KABEL DATA UFONE CB01-CC 60W C TO C,1 PCS,0 PCS,2 PCS,2 PCS,2 PCS,,,1 PCS,
002723,KABEL DATA UFONE CB02-CL TYPE C TO LIGHTNING 27W,0 PCS,0 PCS,1 PCS,0 PCS,2 PCS,,,,
002729,KABEL DATA UFONE CB02-C TYPE C 3A,,,,,,,,,
002734,KABEL DATA UFONE CB02-L LIGHTNING 2.4A,,0 PCS,,,,,,,
002845,KABEL DATA UFONE CB02-M 2.4A MIKRO,,,,2 PCS,2 PCS,2 PCS,,,
002882,KABEL DATA UI ME DCP01-L IPHONE 2.4A (BLUE),,,2 PCS,2 PCS,2 PCS,1 PCS,,2 PCS,
002883,KABEL DATA UI ME DCP01-L IPHONE 2.4A (BLACK),1 PCS,0 PCS,,,,,,,
002920,KABEL DATA UFONE DCG01-L FLEX TUBE 2.4A IPHONE,,,,,,,5 PCS,,
002921,KABEL DATA UI ME DCP05-CC C TO C FLEX UP 240W,2 PCS,2 PCS,,,2 PCS,,5 PCS,,
,,,,Bee Accounting,,,,,,,,
,15/09/2026,,,,,,,
Kode Item,Nama Item,CIPOREAT,CISA (C),CK (C),CL 1 ,CL 2 ,CL 3 ,CL 4 ,DM (C),
002925,KABEL DATA UFONE TB01-CC C TO C 60W,19 PCS,20 PCS,20 PCS,20 PCS,20 PCS,19 PCS,40 PCS,20 PCS,
002926,KABEL DATA UFONE TB01-CL C TO LIGHTNING 27W,,16 PCS,,,,,18 PCS,,
002927,KABEL DATA UFONE TB01-C TYPE C 3A,,,,,,,20 PCS,,
002953,KABEL DATA UI ME DCG01-CC 60W C TO C,9 PCS,10 PCS,10 PCS,10 PCS,10 PCS,10 PCS,10 PCS,10 PCS,
002955,KABEL DATA UI ME DCG01-CL C TO LIGHTNING,7 PCS,7 PCS,7 PCS,7 PCS,7 PCS,7 PCS,7 PCS,7 PCS,
002956,KABEL DATA UI ME DCP07-CC 100W C TO C (STARLIGHT),1 PCS,1 PCS,1 PCS,1 PCS,1 PCS,1 PCS,1 PCS,1 PCS,
002957,KABEL DATA UI ME DCP07-CC 100W C TO C (BLACK),1 PCS,1 PCS,1 PCS,1 PCS,1 PCS,1 PCS,1 PCS,1 PCS,
TOTAL,100.00,97.00,83.00,91.00,96.00,85.00,141.00,94.00,
Kode Item,Nama Item,Gudang,PC 3 (A),PC 4 (C),PC 5 (C),PD 1 (C),PD 2 (C),PD 3 (C),RK (C),
002590,KABEL DATA UFONE TG01-C TYPE C 3A TOPLES,1 PCS,0 PCS,7 PCS,0 PCS,7 PCS,0 PCS,2 PCS,5 PCS,
002591,KABEL DATA UFONE CB01-CL TYPE C TO LIGHTNING 27W,0 PCS,0 PCS,0 PCS,0 PCS,0 PCS,0 PCS,,0 PCS,
002603,KABEL DATA UFONE DCG01-C FLEX TUBE 3A USB TO C,0 PCS,3 PCS,4 PCS,5 PCS,0 PCS,8 PCS,7 PCS,5 PCS,
002604,KABEL DATA UFONE DCG01-M FLEX TUBE 2.4A USB MIKRO,0 PCS,3 PCS,,2 PCS,2 PCS,3 PCS,5 PCS,5 PCS,
002624,KABEL DATA UFONE TB01-M MIKRO 2.4A,0 PCS,13 PCS,18 PCS,21 PCS,21 PCS,9 PCS,22 PCS,17 PCS,
002687,KABEL DATA UFONE CB01-C 3A TYPE C,0 PCS,0 PCS,2 PCS,1 PCS,0 PCS,0 PCS,0 PCS,0 PCS,
002690,KABEL DATA UFONE TB01-L LIGHTNING,0 PCS,19 PCS,20 PCS,22 PCS,20 PCS,21 PCS,19 PCS,26 PCS,
002710,KABEL DATA UFONE CB01-L 2.4A LIGHTNING,0 PCS,3 PCS,2 PCS,2 PCS,2 PCS,4 PCS,2 PCS,6 PCS,
002712,KABEL DATA UFONE CB01-CC 60W C TO C,0 PCS,0 PCS,2 PCS,1 PCS,2 PCS,0 PCS,0 PCS,0 PCS,
002723,KABEL DATA UFONE CB02-CL TYPE C TO LIGHTNING 27W,2 PCS,0 PCS,2 PCS,1 PCS,0 PCS,0 PCS,3 PCS,0 PCS,
002729,KABEL DATA UFONE CB02-C TYPE C 3A,0 PCS,,,4 PCS,,0 PCS,,,
002734,KABEL DATA UFONE CB02-L LIGHTNING 2.4A,0 PCS,,,2 PCS,1 PCS,,,,
002845,KABEL DATA UFONE CB02-M 2.4A MIKRO,0 PCS,2 PCS,,1 PCS,,,,2 PCS,
002882,KABEL DATA UI ME DCP01-L IPHONE 2.4A (BLUE),0 PCS,2 PCS,2 PCS,2 PCS,1 PCS,2 PCS,2 PCS,0 PCS,
,,,,Bee Accounting,,,,,,,,
,15/09/2026,,,,,,,
Kode Item,Nama Item,Gudang,PC 3 (A),PC 4 (C),PC 5 (C),PD 1 (C),PD 2 (C),PD 3 (C),RK (C),
002883,KABEL DATA UI ME DCP01-L IPHONE 2.4A (BLACK),0 PCS,,,,,,,,
002920,KABEL DATA UFONE DCG01-L FLEX TUBE 2.4A IPHONE,0 PCS,,,,,,,,
002921,KABEL DATA UI ME DCP05-CC C TO C FLEX UP 240W,0 PCS,,,2 PCS,,2 PCS,,,
002925,KABEL DATA UFONE TB01-CC C TO C 60W,0 PCS,20 PCS,20 PCS,20 PCS,20 PCS,36 PCS,20 PCS,20 PCS,
002926,KABEL DATA UFONE TB01-CL C TO LIGHTNING 27W,0 PCS,,,20 PCS,,,,17 PCS,
002927,KABEL DATA UFONE TB01-C TYPE C 3A,0 PCS,,,,,,,,
002953,KABEL DATA UI ME DCG01-CC 60W C TO C,0 PCS,10 PCS,10 PCS,8 PCS,10 PCS,14 PCS,10 PCS,10 PCS,
002955,KABEL DATA UI ME DCG01-CL C TO LIGHTNING,0 PCS,7 PCS,7 PCS,6 PCS,7 PCS,6 PCS,7 PCS,7 PCS,
002956,KABEL DATA UI ME DCP07-CC 100W C TO C (STARLIGHT),0 PCS,1 PCS,1 PCS,1 PCS,1 PCS,1 PCS,1 PCS,1 PCS,
002957,KABEL DATA UI ME DCP07-CC 100W C TO C (BLACK),0 PCS,1 PCS,1 PCS,1 PCS,1 PCS,1 PCS,1 PCS,1 PCS,
TOTAL,3.00,84.00,98.00,122.00,95.00,107.00,101.00,122.00,
Kode Item,Nama Item,SA (C),SS (C),TOTAL,,,,,,,
002590,KABEL DATA UFONE TG01-C TYPE C 3A TOPLES,7 PCS,3 PCS,129 PCS,,,,,,,
002591,KABEL DATA UFONE CB01-CL TYPE C TO LIGHTNING 27W,0 PCS,0 PCS,5 PCS,,,,,,,
002603,KABEL DATA UFONE DCG01-C FLEX TUBE 3A USB TO C,0 PCS,3 PCS,152 PCS,,,,,,,
002604,KABEL DATA UFONE DCG01-M FLEX TUBE 2.4A USB MIKRO,4 PCS,5 PCS,134 PCS,,,,,,,
002624,KABEL DATA UFONE TB01-M MIKRO 2.4A,11 PCS,10 PCS,508 PCS,,,,,,,
002687,KABEL DATA UFONE CB01-C 3A TYPE C,0 PCS,0 PCS,15 PCS,,,,,,,
002690,KABEL DATA UFONE TB01-L LIGHTNING,12 PCS,20 PCS,668 PCS,,,,,,,
002710,KABEL DATA UFONE CB01-L 2.4A LIGHTNING,2 PCS,2 PCS,128 PCS,,,,,,,
002712,KABEL DATA UFONE CB01-CC 60W C TO C,0 PCS,2 PCS,59 PCS,,,,,,,
002723,KABEL DATA UFONE CB02-CL TYPE C TO LIGHTNING 27W,0 PCS,0 PCS,36 PCS,,,,,,,
002729,KABEL DATA UFONE CB02-C TYPE C 3A,0 PCS,0 PCS,18 PCS,,,,,,,
,,,,Bee Accounting,,,,,,,,
,15/09/2026,,,,,,,
Kode Item,Nama Item,SA (C),SS (C),TOTAL,,,,,,,
002734,KABEL DATA UFONE CB02-L LIGHTNING 2.4A,,,4 PCS,,,,,,,
002845,KABEL DATA UFONE CB02-M 2.4A MIKRO,2 PCS,1 PCS,31 PCS,,,,,,,
002882,KABEL DATA UI ME DCP01-L IPHONE 2.4A (BLUE),,1 PCS,58 PCS,,,,,,,
002883,KABEL DATA UI ME DCP01-L IPHONE 2.4A (BLACK),2 PCS,,9 PCS,,,,,,,
002920,KABEL DATA UFONE DCG01-L FLEX TUBE 2.4A IPHONE,,,17 PCS,,,,,,,
002921,KABEL DATA UI ME DCP05-CC C TO C FLEX UP 240W,,,36 PCS,,,,,,,
002925,KABEL DATA UFONE TB01-CC C TO C 60W,20 PCS,20 PCS,901 PCS,,,,,,,
002926,KABEL DATA UFONE TB01-CL C TO LIGHTNING 27W,,,89 PCS,,,,,,,
002927,KABEL DATA UFONE TB01-C TYPE C 3A,,,92 PCS,,,,,,,
002953,KABEL DATA UI ME DCG01-CC 60W C TO C,10 PCS,10 PCS,420 PCS,,,,,,,
002955,KABEL DATA UI ME DCG01-CL C TO LIGHTNING,7 PCS,7 PCS,284 PCS,,,,,,,
002956,KABEL DATA UI ME DCP07-CC 100W C TO C (STARLIGHT),1 PCS,1 PCS,41 PCS,,,,,,,
002957,KABEL DATA UI ME DCP07-CC 100W C TO C (BLACK),1 PCS,1 PCS,41 PCS,,,,,,,
TOTAL,79.00,86.00,"3,875.00",,,,,,,
,Merk,Model,,,,,,,,,
,UFONE,KIPAS ANGIN,,,,,,,,,
Kode Item,Nama Item,ALFA 7 ,BUNISARI ,Gudang,TOTAL,,,,,,
002688,KIPAS ANGIN BRAVHOM BL-FN21 MINI PORTABLE,0 PCS,0 PCS,0 PCS,0 PCS,,,,,,
TOTAL,0.00,0.00,0.00,0.00,,,,,,
,Merk,Model,,,,,,,,,
,UFONE,POWERBANK,,,,,,,,,
Kode Item,Nama Item,ALFA 1 (C),ALFA 2 (C),ALFA 3 (C),ALFA 7 ,BK9 BAKSAR ,BUNISARI ,CIKADUT 2,CIPADUNG 2 ,
002595,"POWER BANK UFONE BP01 10,000 MAH",2 PCS,3 PCS,3 PCS,2 PCS,0 PCS,2 PCS,2 PCS,3 PCS,
002689,POWERBANK MAGSAFE MS0150 UI ME,,,,0 PCS,,1 PCS,,,
TOTAL,2.00,3.00,3.00,2.00,0.00,3.00,2.00,3.00,
,,,,,Bee Accounting,,,,,,,,
,15/09/2026,,,,,,,,
Kode Item,Nama Item,CL 2 ,CL 4 ,Gudang,PD 3 (C),RK (C),TOTAL,,,
002595,"POWER BANK UFONE BP01 10,000 MAH",3 PCS,3 PCS,0 PCS,0 PCS,3 PCS,26 PCS,,,
002689,POWERBANK MAGSAFE MS0150 UI ME,,,0 PCS,,,1 PCS,,,
TOTAL,3.00,3.00,0.00,0.00,3.00,27.00,,,
,Merk,Model,,,,,,,,,
,UFONE,SPEAKER,,,,,,,,,
Kode Item,Nama Item,ALFA 1 (C),ALFA 2 (C),ALFA 3 (C),ALFA 4 (C),ALFA 5 (C),ALFA 6 (C),ALFA 7 ,ASBER 1 (C),
002693,SPEAKER UFONE ICHIKO SZ1213,1 PCS,,,1 PCS,1 PCS,,1 PCS,,
002694,SPEAKER UFONE ICHIKO SZ1214,1 PCS,,,1 PCS,1 PCS,,1 PCS,1 PCS,
002951,SPEAKER DPUS BLUETOOTH PORTABEL 5W SZ-8831 BLACK,3 PCS,3 PCS,3 PCS,3 PCS,3 PCS,3 PCS,3 PCS,3 PCS,
TOTAL,5.00,3.00,3.00,5.00,5.00,3.00,5.00,4.00,
Kode Item,Nama Item,ASBER 2 (C),BK CIJAMBE ,BK JH1 ,BK JH2 (C),BK5 CIGER ,BK6 ,BK7 ,BK8 BAKSAR ,
002693,SPEAKER UFONE ICHIKO SZ1213,1 PCS,,,,,,,,
002694,SPEAKER UFONE ICHIKO SZ1214,1 PCS,,,,,,,,
002951,SPEAKER DPUS BLUETOOTH PORTABEL 5W SZ-8831 BLACK,3 PCS,3 PCS,3 PCS,3 PCS,3 PCS,3 PCS,3 PCS,3 PCS,
TOTAL,5.00,3.00,3.00,3.00,3.00,3.00,3.00,3.00,
Kode Item,Nama Item,BK9 BAKSAR ,BKC ,BUNISARI ,CICUKANG ,CIHAURKUK,CIKADUT 2,CIPADUNG 2 ,CIPAGALO ,
002693,SPEAKER UFONE ICHIKO SZ1213,,,0 PCS,,,,,0 PCS,
002694,SPEAKER UFONE ICHIKO SZ1214,,,0 PCS,,,,,,
002951,SPEAKER DPUS BLUETOOTH PORTABEL 5W SZ-8831 BLACK,2 PCS,2 PCS,3 PCS,2 PCS,2 PCS,2 PCS,2 PCS,2 PCS,
TOTAL,2.00,2.00,3.00,2.00,2.00,2.00,2.00,2.00,
Kode Item,Nama Item,CIPOREAT,CISA (C),CK (C),CL 1 ,CL 2 ,CL 3 ,CL 4 ,DM (C),
002693,SPEAKER UFONE ICHIKO SZ1213,,0 PCS,,,,,,,
002694,SPEAKER UFONE ICHIKO SZ1214,,0 PCS,,,,,,,
002951,SPEAKER DPUS BLUETOOTH PORTABEL 5W SZ-8831 BLACK,2 PCS,2 PCS,2 PCS,2 PCS,2 PCS,2 PCS,2 PCS,2 PCS,
TOTAL,2.00,2.00,2.00,2.00,2.00,2.00,2.00,2.00,
Kode Item,Nama Item,Gudang,PC 3 (A),PC 4 (C),PC 5 (C),PD 1 (C),PD 2 (C),PD 3 (C),RK (C),
002693,SPEAKER UFONE ICHIKO SZ1213,0 PCS,,,1 PCS,,1 PCS,,,
002694,SPEAKER UFONE ICHIKO SZ1214,0 PCS,,,1 PCS,,1 PCS,,,
,,,,,Bee Accounting,,,,,,,,
,15/09/2026,,,,,,,,
Kode Item,Nama Item,Gudang,PC 3 (A),PC 4 (C),PC 5 (C),PD 1 (C),PD 2 (C),PD 3 (C),RK (C),
002951,SPEAKER DPUS BLUETOOTH PORTABEL 5W SZ-8831 BLACK,0 PCS,2 PCS,2 PCS,2 PCS,2 PCS,3 PCS,2 PCS,2 PCS,
TOTAL,0.00,2.00,2.00,4.00,2.00,5.00,2.00,2.00,
Kode Item,Nama Item,SA (C),SS (C),TOTAL,,,,,,,
002693,SPEAKER UFONE ICHIKO SZ1213,,,7 PCS,,,,,,,
002694,SPEAKER UFONE ICHIKO SZ1214,,,8 PCS,,,,,,,
002951,SPEAKER DPUS BLUETOOTH PORTABEL 5W SZ-8831 BLACK,2 PCS,1 PCS,99 PCS,,,,,,,
TOTAL,2.00,1.00,114.00,,,,,,,
,Merk,Model,,,,,,,,,
,UFONE,< kosong >,,,,,,,,,
Kode Item,Nama Item,ALFA 1 (C),ALFA 2 (C),ALFA 3 (C),ALFA 4 (C),ALFA 5 (C),ALFA 6 (C),ALFA 7 ,ASBER 1 (C),
002949,THERICK KOREK/BENSIN E90,98 PCS,35 PCS,93 PCS,50 PCS,50 PCS,45 PCS,92 PCS,45 PCS,
002950,THERICK KOREK/BENSIN F80,100 PCS,40 PCS,94 PCS,45 PCS,48 PCS,47 PCS,95 PCS,44 PCS,
TOTAL,198.00,75.00,187.00,95.00,98.00,92.00,187.00,89.00,
Kode Item,Nama Item,ASBER 2 (C),BK CIJAMBE ,BK JH1 ,BK JH2 (C),BK5 CIGER ,BK6 ,BK7 ,BK8 BAKSAR ,
002949,THERICK KOREK/BENSIN E90,49 PCS,49 PCS,40 PCS,44 PCS,46 PCS,50 PCS,45 PCS,39 PCS,
002950,THERICK KOREK/BENSIN F80,46 PCS,48 PCS,48 PCS,49 PCS,42 PCS,49 PCS,46 PCS,38 PCS,
TOTAL,95.00,97.00,88.00,93.00,88.00,99.00,91.00,77.00,
Kode Item,Nama Item,BK9 BAKSAR ,BKC ,BUNISARI ,CICUKANG ,CIHAURKUK,CIKADUT 2,CIPADUNG 2 ,CIPAGALO ,
002949,THERICK KOREK/BENSIN E90,40 PCS,38 PCS,84 PCS,45 PCS,48 PCS,43 PCS,49 PCS,38 PCS,
002950,THERICK KOREK/BENSIN F80,43 PCS,47 PCS,95 PCS,48 PCS,50 PCS,45 PCS,50 PCS,38 PCS,
TOTAL,83.00,85.00,179.00,93.00,98.00,88.00,99.00,76.00,
Kode Item,Nama Item,CIPOREAT,CISA (C),CK (C),CL 1 ,CL 2 ,CL 3 ,CL 4 ,DM (C),
002949,THERICK KOREK/BENSIN E90,29 PCS,43 PCS,46 PCS,46 PCS,48 PCS,46 PCS,47 PCS,48 PCS,
002950,THERICK KOREK/BENSIN F80,45 PCS,50 PCS,49 PCS,44 PCS,47 PCS,46 PCS,48 PCS,50 PCS,
TOTAL,74.00,93.00,95.00,90.00,95.00,92.00,95.00,98.00,
Kode Item,Nama Item,Gudang,PC 3 (A),PC 4 (C),PC 5 (C),PD 1 (C),PD 2 (C),PD 3 (C),RK (C),
002949,THERICK KOREK/BENSIN E90,0 PCS,46 PCS,50 PCS,42 PCS,50 PCS,90 PCS,50 PCS,94 PCS,
002950,THERICK KOREK/BENSIN F80,0 PCS,41 PCS,49 PCS,50 PCS,42 PCS,94 PCS,35 PCS,97 PCS,
TOTAL,0.00,87.00,99.00,92.00,92.00,184.00,85.00,191.00,
,,,,,Bee Accounting,,,,,,,,
,15/09/2026,,,,,,,,
Kode Item,Nama Item,SA (C),SS (C),TOTAL,,,,,,,
002949,THERICK KOREK/BENSIN E90,50 PCS,39 PCS,2119 PCS,,,,,,,
002950,THERICK KOREK/BENSIN F80,49 PCS,49 PCS,2180 PCS,,,,,,,
TOTAL,99.00,88.00,"4,299.00",,,,,,,
,Merk,Model,,,,,,,,,
,VGEN,MEMORI,,,,,,,,,
Kode Item,Nama Item,ALFA 1 (C),ALFA 2 (C),ALFA 3 (C),ALFA 4 (C),ALFA 5 (C),ALFA 6 (C),ASBER 1 (C),ASBER 2 (C),
002041,MMC VGEN 128GB,0 PCS,0 PCS,0 PCS,0 PCS,0 PCS,0 PCS,0 PCS,0 PCS,
TOTAL,0.00,0.00,0.00,0.00,0.00,0.00,0.00,0.00,
Kode Item,Nama Item,BK JH1 ,BK7 ,BUNISARI ,CICUKANG ,CIPADUNG 2 ,CIPAGALO ,CK (C),DM (C),
002041,MMC VGEN 128GB,0 PCS,0 PCS,0 PCS,0 PCS,0 PCS,0 PCS,0 PCS,0 PCS,
TOTAL,0.00,0.00,0.00,0.00,0.00,0.00,0.00,0.00,
Kode Item,Nama Item,Gudang,PC 3 (A),PC 5 (C),PD 1 (C),PD 2 (C),RK (C),SA (C),SS (C),
002041,MMC VGEN 128GB,2 PCS,0 PCS,0 PCS,0 PCS,0 PCS,0 PCS,0 PCS,0 PCS,
TOTAL,2.00,0.00,0.00,0.00,0.00,0.00,0.00,0.00,
Kode Item,Nama Item,TOTAL,,,,,,,,,
002041,MMC VGEN 128GB,2 PCS,,,,,,,,,
TOTAL,2.00,,,,,,,,,
,Merk,Model,,,,,,,,,
,VIVAN,BATOK,,,,,,,,,
Kode Item,Nama Item,ALFA 1 (C),ALFA 2 (C),ALFA 3 (C),ALFA 4 (C),ALFA 5 (C),ALFA 6 (C),ALFA 7 ,ASBER 1 (C),
002874,BATOK VIVAN POWER ICE 20S 20W TYPE-C,1 PCS,0 PCS,1 PCS,1 PCS,1 PCS,1 PCS,1 PCS,1 PCS,
002896,BATOK VIVAN POWER ICE 20S 20W HITAM,1 PCS,,,,,,,,
002916,BATOK VIVAN POWER ICE20S 20W TYPE C WHITE,3 PCS,5 PCS,,,,,3 PCS,,
TOTAL,5.00,5.00,1.00,1.00,1.00,1.00,4.00,1.00,
Kode Item,Nama Item,ASBER 2 (C),BK CIJAMBE ,BK JH1 ,BK JH2 (C),BK5 CIGER ,BK6 ,BK7 ,BK8 BAKSAR ,
002874,BATOK VIVAN POWER ICE 20S 20W TYPE-C,1 PCS,1 PCS,1 PCS,1 PCS,1 PCS,1 PCS,1 PCS,1 PCS,
002896,BATOK VIVAN POWER ICE 20S 20W HITAM,,,,,,,,,
002916,BATOK VIVAN POWER ICE20S 20W TYPE C WHITE,,,,,,,3 PCS,3 PCS,
,,,,,Bee Accounting,,,,,,,,
,15/09/2026,,,,,,,,
Kode Item,Nama Item,ASBER 2 (C),BK CIJAMBE ,BK JH1 ,BK JH2 (C),BK5 CIGER ,BK6 ,BK7 ,BK8 BAKSAR ,
TOTAL,1.00,1.00,1.00,1.00,1.00,1.00,4.00,4.00,
Kode Item,Nama Item,BK9 BAKSAR ,BKC ,BUNISARI ,CICUKANG ,CIHAURKUK,CIKADUT 2,CIPADUNG 2 ,CIPAGALO ,
002874,BATOK VIVAN POWER ICE 20S 20W TYPE-C,1 PCS,1 PCS,1 PCS,1 PCS,1 PCS,1 PCS,0 PCS,1 PCS,
002896,BATOK VIVAN POWER ICE 20S 20W HITAM,,,,,,,1 PCS,,
002916,BATOK VIVAN POWER ICE20S 20W TYPE C WHITE,,,,,,,5 PCS,,
TOTAL,1.00,1.00,1.00,1.00,1.00,1.00,6.00,1.00,
Kode Item,Nama Item,CIPOREAT,CISA (C),CK (C),CL 1 ,CL 2 ,CL 3 ,CL 4 ,DM (C),
002874,BATOK VIVAN POWER ICE 20S 20W TYPE-C,0 PCS,0 PCS,1 PCS,1 PCS,1 PCS,1 PCS,,1 PCS,
002896,BATOK VIVAN POWER ICE 20S 20W HITAM,,1 PCS,,,,,,,
002916,BATOK VIVAN POWER ICE20S 20W TYPE C WHITE,,2 PCS,,,,,4 PCS,,
TOTAL,0.00,3.00,1.00,1.00,1.00,1.00,4.00,1.00,
Kode Item,Nama Item,Gudang,PC 3 (A),PC 4 (C),PC 5 (C),PD 1 (C),PD 2 (C),PD 3 (C),RK (C),
002874,BATOK VIVAN POWER ICE 20S 20W TYPE-C,0 PCS,1 PCS,1 PCS,0 PCS,1 PCS,1 PCS,1 PCS,1 PCS,
002896,BATOK VIVAN POWER ICE 20S 20W HITAM,0 PCS,,,2 PCS,,,,,
002916,BATOK VIVAN POWER ICE20S 20W TYPE C WHITE,0 PCS,,,3 PCS,,,,3 PCS,
TOTAL,0.00,1.00,1.00,5.00,1.00,1.00,1.00,4.00,
Kode Item,Nama Item,SA (C),SS (C),TOTAL,,,,,,,
002874,BATOK VIVAN POWER ICE 20S 20W TYPE-C,1 PCS,1 PCS,35 PCS,,,,,,,
002896,BATOK VIVAN POWER ICE 20S 20W HITAM,,,5 PCS,,,,,,,
002916,BATOK VIVAN POWER ICE20S 20W TYPE C WHITE,,,34 PCS,,,,,,,
TOTAL,1.00,1.00,74.00,,,,,,,
,Merk,Model,,,,,,,,,
,VIVAN,KABEL DATA,,,,,,,,,
Kode Item,Nama Item,ALFA 1 (C),ALFA 2 (C),ALFA 3 (C),ALFA 4 (C),ALFA 5 (C),ALFA 6 (C),ALFA 7 ,ASBER 1 (C),
001031,KABEL DATA VIVAN CSM100 MIKRO,29 PCS,25 PCS,14 PCS,19 PCS,20 PCS,38 PCS,21 PCS,9 PCS,
,,,,,Bee Accounting,,,,,,,,
,15/09/2026,,,,,,,,
Kode Item,Nama Item,ALFA 1 (C),ALFA 2 (C),ALFA 3 (C),ALFA 4 (C),ALFA 5 (C),ALFA 6 (C),ALFA 7 ,ASBER 1 (C),
001040,KABEL DATA VIVAN CSL100 IPHONE,51 PCS,10 PCS,50 PCS,21 PCS,20 PCS,14 PCS,50 PCS,16 PCS,
001070,KABEL DATA VIVAN CBC100S TYPE C,10 PCS,11 PCS,19 PCS,4 PCS,17 PCS,11 PCS,19 PCS,11 PCS,
002297,KABEL DATA VIVAN CTL100S TUBE IPHONE,4 PCS,5 PCS,4 PCS,3 PCS,0 PCS,3 PCS,5 PCS,0 PCS,
002378,KABEL DATA VIVAN CTC100S C TO C,1 PCS,2 PCS,2 PCS,0 PCS,0 PCS,0 PCS,4 PCS,0 PCS,
002899,KABEL DATA VIVAN C TO C VSCC120S,2 PCS,2 PCS,2 PCS,2 PCS,2 PCS,2 PCS,10 PCS,2 PCS,
002900,KABEL DATA VIVAN C TO C VDCC120,3 PCS,3 PCS,3 PCS,3 PCS,5 PCS,1 PCS,3 PCS,3 PCS,
002901,KABEL DATA VIVAN C TO C VZCC100,6 PCS,6 PCS,6 PCS,1 PCS,6 PCS,1 PCS,6 PCS,6 PCS,
TOTAL,106.00,64.00,100.00,53.00,70.00,70.00,118.00,47.00,
Kode Item,Nama Item,ASBER 2 (C),BK CIJAMBE ,BK JH1 ,BK JH2 (C),BK5 CIGER ,BK6 ,BK7 ,BK8 BAKSAR ,
001031,KABEL DATA VIVAN CSM100 MIKRO,9 PCS,25 PCS,14 PCS,22 PCS,11 PCS,10 PCS,15 PCS,8 PCS,
001040,KABEL DATA VIVAN CSL100 IPHONE,9 PCS,11 PCS,17 PCS,22 PCS,48 PCS,48 PCS,16 PCS,47 PCS,
001070,KABEL DATA VIVAN CBC100S TYPE C,12 PCS,15 PCS,21 PCS,6 PCS,20 PCS,13 PCS,6 PCS,24 PCS,
002297,KABEL DATA VIVAN CTL100S TUBE IPHONE,0 PCS,0 PCS,4 PCS,0 PCS,0 PCS,0 PCS,0 PCS,5 PCS,
002378,KABEL DATA VIVAN CTC100S C TO C,2 PCS,0 PCS,5 PCS,0 PCS,0 PCS,7 PCS,3 PCS,0 PCS,
002899,KABEL DATA VIVAN C TO C VSCC120S,2 PCS,2 PCS,2 PCS,6 PCS,2 PCS,2 PCS,2 PCS,2 PCS,
002900,KABEL DATA VIVAN C TO C VDCC120,3 PCS,1 PCS,1 PCS,1 PCS,8 PCS,1 PCS,3 PCS,3 PCS,
002901,KABEL DATA VIVAN C TO C VZCC100,6 PCS,1 PCS,1 PCS,1 PCS,1 PCS,1 PCS,6 PCS,5 PCS,
TOTAL,43.00,55.00,65.00,58.00,90.00,82.00,51.00,94.00,
Kode Item,Nama Item,BK9 BAKSAR ,BKC ,BUNISARI ,CICUKANG ,CIHAURKUK,CIKADUT 2,CIPADUNG 2 ,CIPAGALO ,
001031,KABEL DATA VIVAN CSM100 MIKRO,21 PCS,23 PCS,24 PCS,28 PCS,8 PCS,7 PCS,20 PCS,21 PCS,
001040,KABEL DATA VIVAN CSL100 IPHONE,12 PCS,12 PCS,10 PCS,8 PCS,26 PCS,40 PCS,21 PCS,18 PCS,
001070,KABEL DATA VIVAN CBC100S TYPE C,21 PCS,26 PCS,13 PCS,8 PCS,24 PCS,5 PCS,21 PCS,8 PCS,
002297,KABEL DATA VIVAN CTL100S TUBE IPHONE,,0 PCS,2 PCS,,,,0 PCS,,
002378,KABEL DATA VIVAN CTC100S C TO C,4 PCS,0 PCS,0 PCS,,,,0 PCS,,
,,,,Bee Accounting,,,,,,,,
,15/09/2026,,,,,,,
Kode Item,Nama Item,BK9 BAKSAR ,BKC ,BUNISARI ,CICUKANG ,CIHAURKUK,CIKADUT 2,CIPADUNG 2 ,CIPAGALO ,
002899,KABEL DATA VIVAN C TO C VSCC120S,2 PCS,10 PCS,11 PCS,2 PCS,6 PCS,2 PCS,2 PCS,2 PCS,
002900,KABEL DATA VIVAN C TO C VDCC120,1 PCS,3 PCS,5 PCS,4 PCS,3 PCS,3 PCS,3 PCS,3 PCS,
002901,KABEL DATA VIVAN C TO C VZCC100,1 PCS,2 PCS,6 PCS,1 PCS,6 PCS,1 PCS,1 PCS,1 PCS,
TOTAL,62.00,76.00,71.00,51.00,73.00,58.00,68.00,53.00,
Kode Item,Nama Item,CIPOREAT,CISA (C),CK (C),CL 1 ,CL 2 ,CL 3 ,CL 4 ,DM (C),
001031,KABEL DATA VIVAN CSM100 MIKRO,23 PCS,23 PCS,36 PCS,25 PCS,5 PCS,4 PCS,9 PCS,36 PCS,
001040,KABEL DATA VIVAN CSL100 IPHONE,10 PCS,8 PCS,46 PCS,23 PCS,22 PCS,19 PCS,20 PCS,11 PCS,
001070,KABEL DATA VIVAN CBC100S TYPE C,8 PCS,21 PCS,10 PCS,12 PCS,13 PCS,9 PCS,8 PCS,12 PCS,
002297,KABEL DATA VIVAN CTL100S TUBE IPHONE,,1 PCS,3 PCS,,,,,2 PCS,
002378,KABEL DATA VIVAN CTC100S C TO C,,0 PCS,5 PCS,4 PCS,,,,0 PCS,
002899,KABEL DATA VIVAN C TO C VSCC120S,2 PCS,3 PCS,2 PCS,2 PCS,2 PCS,6 PCS,2 PCS,2 PCS,
002900,KABEL DATA VIVAN C TO C VDCC120,1 PCS,3 PCS,3 PCS,1 PCS,3 PCS,1 PCS,3 PCS,1 PCS,
002901,KABEL DATA VIVAN C TO C VZCC100,1 PCS,6 PCS,6 PCS,1 PCS,1 PCS,1 PCS,3 PCS,1 PCS,
TOTAL,45.00,65.00,111.00,68.00,46.00,40.00,45.00,65.00,
Kode Item,Nama Item,Gudang,PC 3 (A),PC 4 (C),PC 5 (C),PD 1 (C),PD 2 (C),PD 3 (C),RK (C),
001031,KABEL DATA VIVAN CSM100 MIKRO,0 PCS,13 PCS,16 PCS,18 PCS,37 PCS,20 PCS,9 PCS,42 PCS,
001040,KABEL DATA VIVAN CSL100 IPHONE,2 PCS,44 PCS,46 PCS,41 PCS,19 PCS,50 PCS,19 PCS,10 PCS,
001070,KABEL DATA VIVAN CBC100S TYPE C,0 PCS,21 PCS,14 PCS,25 PCS,27 PCS,13 PCS,5 PCS,8 PCS,
002297,KABEL DATA VIVAN CTL100S TUBE IPHONE,0 PCS,4 PCS,3 PCS,0 PCS,3 PCS,4 PCS,,0 PCS,
002378,KABEL DATA VIVAN CTC100S C TO C,1 PCS,7 PCS,5 PCS,0 PCS,2 PCS,1 PCS,,0 PCS,
002899,KABEL DATA VIVAN C TO C VSCC120S,0 PCS,6 PCS,2 PCS,2 PCS,2 PCS,11 PCS,2 PCS,7 PCS,
002900,KABEL DATA VIVAN C TO C VDCC120,0 PCS,1 PCS,1 PCS,3 PCS,3 PCS,10 PCS,1 PCS,3 PCS,
002901,KABEL DATA VIVAN C TO C VZCC100,0 PCS,1 PCS,1 PCS,1 PCS,1 PCS,1 PCS,1 PCS,5 PCS,
TOTAL,3.00,97.00,88.00,90.00,94.00,110.00,37.00,75.00,
,,,,Bee Accounting,,,,,,,,
,15/09/2026,,,,,,,
Kode Item,Nama Item,SA (C),SS (C),TOTAL,,,,,,,
001031,KABEL DATA VIVAN CSM100 MIKRO,31 PCS,24 PCS,812 PCS,,,,,,,
001040,KABEL DATA VIVAN CSL100 IPHONE,44 PCS,9 PCS,1040 PCS,,,,,,,
001070,KABEL DATA VIVAN CBC100S TYPE C,18 PCS,10 PCS,579 PCS,,,,,,,
002297,KABEL DATA VIVAN CTL100S TUBE IPHONE,3 PCS,0 PCS,58 PCS,,,,,,,
002378,KABEL DATA VIVAN CTC100S C TO C,0 PCS,0 PCS,55 PCS,,,,,,,
002899,KABEL DATA VIVAN C TO C VSCC120S,7 PCS,2 PCS,143 PCS,,,,,,,
002900,KABEL DATA VIVAN C TO C VDCC120,3 PCS,1 PCS,112 PCS,,,,,,,
002901,KABEL DATA VIVAN C TO C VZCC100,1 PCS,1 PCS,112 PCS,,,,,,,
TOTAL,107.00,47.00,"2,911.00",,,,,,,
,Merk,Model,,,,,,,,,
,< kosong >,< kosong >,,,,,,,,,
Kode Item,Nama Item,ALFA 1 (C),ALFA 2 (C),ALFA 3 (C),ALFA 4 (C),ALFA 5 (C),ALFA 6 (C),ALFA 7 ,ASBER 1 (C),
002772,KRESEK UKURAN 15,100 PCS,,143 PCS,107 PCS,97 PCS,90 PCS,27 PCS,171 PCS,
002773,KRESEK UKURAN 18,98 PCS,,4 PCS,28 PCS,101 PCS,84 PCS,198 PCS,141 PCS,
002774,KRESEK UKURAN 24,100 PCS,,3 PCS,52 PCS,84 PCS,40 PCS,61 PCS,219 PCS,
002891,EARPHONE JETE KABEL IPHONE CLASSIC2 HITAM,1 PCS,1 PCS,0 PCS,1 PCS,1 PCS,1 PCS,1 PCS,1 PCS,
002892,EARPHONE JETE KABEL IPHONE CLASSIC2 PUTIH,1 PCS,1 PCS,1 PCS,1 PCS,1 PCS,1 PCS,1 PCS,1 PCS,
002903,CHARGER ROBOT RT-NP01 TYPE C,1 PCS,1 PCS,1 PCS,1 PCS,1 PCS,1 PCS,1 PCS,1 PCS,
TOTAL,301.00,3.00,152.00,190.00,285.00,217.00,289.00,534.00,
Kode Item,Nama Item,ASBER 2 (C),BK CIJAMBE ,BK JH1 ,BK JH2 (C),BK5 CIGER ,BK6 ,BK7 ,BK8 BAKSAR ,
002772,KRESEK UKURAN 15,105 PCS,99 PCS,82 PCS,100 PCS,631 PCS,100 PCS,100 PCS,62 PCS,
002773,KRESEK UKURAN 18,158 PCS,75 PCS,141 PCS,150 PCS,678 PCS,67 PCS,100 PCS,82 PCS,
002774,KRESEK UKURAN 24,175 PCS,84 PCS,51 PCS,141 PCS,376 PCS,163 PCS,139 PCS,81 PCS,
002891,EARPHONE JETE KABEL IPHONE CLASSIC2 HITAM,1 PCS,1 PCS,0 PCS,1 PCS,1 PCS,1 PCS,1 PCS,1 PCS,
002892,EARPHONE JETE KABEL IPHONE CLASSIC2 PUTIH,1 PCS,0 PCS,0 PCS,1 PCS,0 PCS,1 PCS,0 PCS,0 PCS,
002903,CHARGER ROBOT RT-NP01 TYPE C,1 PCS,1 PCS,1 PCS,1 PCS,1 PCS,1 PCS,1 PCS,1 PCS,
TOTAL,441.00,260.00,275.00,394.00,"1,687.00",333.00,341.00,227.00,
,,,,,Bee Accounting,,,,,,,,
,15/09/2026,,,,,,,,
Kode Item,Nama Item,BK9 BAKSAR ,BKC ,BUNISARI ,CICUKANG ,CIHAURKUK,CIKADUT 2,CIPADUNG 2 ,CIPAGALO ,
002772,KRESEK UKURAN 15,140 PCS,134 PCS,,90 PCS,99 PCS,25 PCS,100 PCS,35 PCS,
002773,KRESEK UKURAN 18,147 PCS,173 PCS,,31 PCS,94 PCS,103 PCS,50 PCS,104 PCS,
002774,KRESEK UKURAN 24,0 PCS,,,52 PCS,76 PCS,48 PCS,70 PCS,47 PCS,
002891,EARPHONE JETE KABEL IPHONE CLASSIC2 HITAM,1 PCS,1 PCS,1 PCS,1 PCS,1 PCS,1 PCS,1 PCS,1 PCS,
002892,EARPHONE JETE KABEL IPHONE CLASSIC2 PUTIH,1 PCS,1 PCS,0 PCS,1 PCS,1 PCS,1 PCS,1 PCS,1 PCS,
002903,CHARGER ROBOT RT-NP01 TYPE C,1 PCS,1 PCS,1 PCS,1 PCS,1 PCS,1 PCS,1 PCS,1 PCS,
TOTAL,290.00,310.00,2.00,176.00,272.00,179.00,223.00,189.00,
Kode Item,Nama Item,CIPOREAT,CISA (C),CK (C),CL 1 ,CL 2 ,CL 3 ,CL 4 ,DM (C),
002772,KRESEK UKURAN 15,99 PCS,43 PCS,100 PCS,11 PCS,,82 PCS,,104 PCS,
002773,KRESEK UKURAN 18,118 PCS,65 PCS,100 PCS,41 PCS,15 PCS,77 PCS,,68 PCS,
002774,KRESEK UKURAN 24,94 PCS,101 PCS,20 PCS,100 PCS,58 PCS,65 PCS,,100 PCS,
002891,EARPHONE JETE KABEL IPHONE CLASSIC2 HITAM,1 PCS,0 PCS,1 PCS,1 PCS,1 PCS,1 PCS,,1 PCS,
002892,EARPHONE JETE KABEL IPHONE CLASSIC2 PUTIH,0 PCS,1 PCS,1 PCS,1 PCS,1 PCS,1 PCS,,0 PCS,
002903,CHARGER ROBOT RT-NP01 TYPE C,1 PCS,1 PCS,1 PCS,1 PCS,1 PCS,1 PCS,5 PCS,1 PCS,
TOTAL,313.00,211.00,223.00,155.00,76.00,227.00,5.00,274.00,
Kode Item,Nama Item,Gudang,PC 3 (A),PC 4 (C),PC 5 (C),PD 1 (C),PD 2 (C),PD 3 (C),PETSHOP,
002772,KRESEK UKURAN 15,"5,400 PCS",79 PCS,,162 PCS,145 PCS,,,,
002773,KRESEK UKURAN 18,800 PCS,55 PCS,,165 PCS,64 PCS,,127 PCS,,
002774,KRESEK UKURAN 24,"2,500 PCS",104 PCS,,37 PCS,91 PCS,,,0 PCS,
002891,EARPHONE JETE KABEL IPHONE CLASSIC2 HITAM,0 PCS,1 PCS,1 PCS,1 PCS,1 PCS,1 PCS,1 PCS,,
002892,EARPHONE JETE KABEL IPHONE CLASSIC2 PUTIH,0 PCS,1 PCS,1 PCS,1 PCS,1 PCS,0 PCS,1 PCS,,
002903,CHARGER ROBOT RT-NP01 TYPE C,0 PCS,1 PCS,1 PCS,1 PCS,1 PCS,1 PCS,1 PCS,,
TOTAL,"8,700.00",241.00,3.00,367.00,303.00,2.00,130.00,0.00,
Kode Item,Nama Item,RK (C),SA (C),SS (C),TOTAL,,,,,,
002772,KRESEK UKURAN 15,8 PCS,310 PCS,59 PCS,9239 PCS,,,,,,
002773,KRESEK UKURAN 18,,39 PCS,71 PCS,4612 PCS,,,,,,
002774,KRESEK UKURAN 24,47 PCS,216 PCS,56 PCS,5651 PCS,,,,,,
002891,EARPHONE JETE KABEL IPHONE CLASSIC2 HITAM,1 PCS,0 PCS,0 PCS,35 PCS,,,,,,
,,,,Bee Accounting,,,,,,,,
,15/09/2026,,,,,,,
Kode Item,Nama Item,RK (C),SA (C),SS (C),TOTAL,,,,,,
002892,EARPHONE JETE KABEL IPHONE CLASSIC2 PUTIH,1 PCS,1 PCS,0 PCS,30 PCS,,,,,,
002903,CHARGER ROBOT RT-NP01 TYPE C,1 PCS,1 PCS,1 PCS,45 PCS,,,,,,
TOTAL,58.00,567.00,187.00,"19,612.00",,,,,,
,Group,,,,,,,,,,,,
,ATK,,,,,,,,,,,,
,Merk,Model,,,,,,,,,
,JOYKO,BALL POINT,,,,,,,,,
Kode Item,Nama Item,ALFA 2 (C),ALFA 6 (C),ALFA 7 ,BK CIJAMBE ,BK JH1 ,BK9 BAKSAR ,CICUKANG ,Gudang,
002855,ATK BP JOYKO GP-369 BLACK,11 PCS,,8 PCS,,,,11 PCS,0 PCS,
002856,ATK BP JOYKO GP-368 BLACK,7 PCS,6 PCS,,6 PCS,5 PCS,6 PCS,18 PCS,0 PCS,
8993988281757,ATK BP 4 WARNA JOYKO BP-213,5 PCS,,,,,,8 PCS,0 PCS,
TOTAL,23.00,6.00,8.00,6.00,5.00,6.00,37.00,0.00,
Kode Item,Nama Item,PC 5 (C),PD 1 (C),RK (C),SA (C),TOTAL,,,,,
002855,ATK BP JOYKO GP-369 BLACK,12 PCS,,,12 PCS,54 PCS,,,,,
002856,ATK BP JOYKO GP-368 BLACK,,6 PCS,,,54 PCS,,,,,
8993988281757,ATK BP 4 WARNA JOYKO BP-213,,,12 PCS,,25 PCS,,,,,
TOTAL,12.00,6.00,12.00,12.00,133.00,,,,,
,Merk,Model,,,,,,,,,
,JOYKO,< kosong >,,,,,,,,,
Kode Item,Nama Item,ALFA 2 (C),ALFA 6 (C),BK CIJAMBE ,BK JH1 ,BK9 BAKSAR ,CIPAGALO ,Gudang,PD 1 (C),
002905,ATK MISTAR JOYKO RL-PB30,,1 PCS,1 PCS,0 PCS,1 PCS,,0 PCS,1 PCS,
002937,ATK PAPER CLIP JK-473 150PC/BAG,1 PCS,,,,,1 PCS,0 PCS,,
002941,ATK CLIP JOYKO NO.3P (PVC BOX),,,,,,1 PCS,0 PCS,,
002942,ATK PAPER CLIP JOYKO C-3100,1 PCS,,,,,1 PCS,0 PCS,,
TOTAL,2.00,1.00,1.00,0.00,1.00,3.00,0.00,1.00,
Kode Item,Nama Item,RK (C),TOTAL,,,,,,,,
002905,ATK MISTAR JOYKO RL-PB30,,4 PCS,,,,,,,,
002937,ATK PAPER CLIP JK-473 150PC/BAG,,2 PCS,,,,,,,,
,,,,,Bee Accounting,,,,,,,,
,15/09/2026,,,,,,,,
Kode Item,Nama Item,RK (C),TOTAL,,,,,,,,
002941,ATK CLIP JOYKO NO.3P (PVC BOX),1 PCS,2 PCS,,,,,,,,
002942,ATK PAPER CLIP JOYKO C-3100,,2 PCS,,,,,,,,
TOTAL,1.00,10.00,,,,,,,,
,Merk,Model,,,,,,,,,
,< kosong >,ATK,,,,,,,,,
Kode Item,Nama Item,ALFA 1 (C),ALFA 2 (C),ALFA 4 (C),ALFA 5 (C),ALFA 6 (C),ALFA 7 ,BK CIJAMBE ,BK JH1 ,
002794,ATK BP PILOT BPT-P MERAH,,,,,,,,,
002818,ATK MATERAI 10RB,0 PCS,10 PCS,0 PCS,16 PCS,0 PCS,0 PCS,,0 PCS,
002820,ATK KOALA LABEL 109,,,,,,,,,
002827,ATK GP CARINEX GEL 8808 MUJIO BIRU,,,,,,,,,
002828,ATK GP CARINEX GEL 8808 MUJIO HITAM,,,,,,9 PCS,,,
002831,ATK BP FASTER C-600 HITAM,,10 PCS,,,,,,,
002832,ATK BP FASTER C-6 JETREK,,,,,,,,,
002838,"ATK LAKBAN KAIN DAIMARU 1 1/2"" HITAM",,,,,,,,,
002851,ATK MAP BIOLA NO.3 KUNING TUA,,5 PCS,,,,,,,
002852,ATK MAP BIOLA NO.6 BIRU,,2 PCS,,,,,,,
002853,ATK MAP BIOLA NO.8 HIJAU TUA,,4 PCS,,,,,,,
002854,ATK MAP BIOLA NO.1 MERAH TUA,,4 PCS,,,,,,,
002857,ATK GP JOYKO GP-407 HITAM,,6 PCS,,,,,,,
002858,ATK GP JOYKO GP-414 MATCHA HITAM,,6 PCS,,,,,,,
002859,ATK GP JOYKO GP-413 CKLT HITAM,,5 PCS,,,,,,,
002860,ATK LEM KENKO STICK 8GR,,28 PCS,,,,,,,
002861,ATK CUTTER DELI 2034,,3 PCS,,,,,,,
002862,ATK DESK SET JOYKO DS-69CO PINK,,,,,,,,,
002864,ATK KERTAS KARTON HITAM,,5 PCS,,,,,,,
002865,ATK KERTAS KARTON PUTIH,,5 PCS,,,,,,,
002866,ATK KERTAS KARTON UNIQ K,,5 PCS,,,,,,,
002867,ATK KERTAS KARTON BANJARAN,,5 PCS,,,,,,,
002868,ATK GUNTING JOYKO SC-838PTL,,3 PCS,,,,,,,
02050010,ATK BP PILOT BPT-P HITAM,,,,,,,,,
02050034,ATK BP PILOT BPT-P BIRU,,,,,,,,,
,,,,,Bee Accounting,,,,,,,,
,15/09/2026,,,,,,,,
Kode Item,Nama Item,ALFA 1 (C),ALFA 2 (C),ALFA 4 (C),ALFA 5 (C),ALFA 6 (C),ALFA 7 ,BK CIJAMBE ,BK JH1 ,
04502203,ATK LEM POVINAL [111] KECIL,,,,,,,,,
06802011,ATK DOUBLE TAPE 'KK' 12MM,,2 PCS,,,,,,,
06802059,ATK DOUBLE TAPE 'KK' 24MM,,3 PCS,,,,,,,
1100120010473,ATK BP STANDARD AE-7 OPAQUE HT,,11 PCS,,,,,,,
4902505482083,ATK BP PILOT BP-1RT BIRU,,,,,,,,,
4902505482090,ATK BP PILOT BP-1RT HITAM,,9 PCS,,,,12 PCS,,,
4902505482106,ATK BP PILOT BP-1RT MERAH,,,,,,,,,
4902505687129,ATK BP PILOT BPTP PASTEL HITAM,,8 PCS,,,,10 PCS,,,
4970129000518,ATK SPIDOL SNOWMAN W/B,,,,,,,,,
4970129745013,ATK BP SNOWMAN V-5 HITAM,,10 PCS,,,,,,,
4970129763017,ATK BP SNOWMAN V-4 HITAM,,12 PCS,,,,7 PCS,,,
4970430100518,ATK NECES ETONA NO.10 (ISI STEPLER),,2 PCS,,,,,,,
6920112521054,ATK BINDER CLIP ZRM 155,,,,,,,,,
6920112521153,ATK BINDER CLIP ZRM 107,,,,,,12 PCS,,,
6936380674897,ATK RAUTAN KOTAK R-5868,,,,,,,,,
6938022902603,ATK ZIP BAG A5 N60/89,,,,,,,,,
6938022902610,ATK ZIP BAG B6-N16-83,,,,,,,,,
6956751883628,ATK BP CARINEX CNX-8836,,,,,,,,,
6956953588086,ATK GP CARINEX GEL 8808 MUJIO MERAH,,,,,,,,,
6956953588161,ATK BP 4 WARNA CARINEX CNX-8816,,,,,,,,,
6972100710346,ATK CUTTER MINI JANGZHONG JZ-111,,,,,,,,,
6972486266789,ATK TEMPAT PENSIL SEDANG APOLLO,,,,,,,,,
6974308441206,ATK STICKY NOTE DEPAI B02,,,,,,,,,
6975919170097,ATK RAUTAN +STIP+SIKAT LB-8009,,,,,,,,,
6977237290129,ATK STICKY NOTE DEPAI A04-5-12,,,,,,,,,
6979100119018,ATK PENSIL CARINEX CNX-907,,,,,,,,,
6979100119032,ATK PENSIL CARINEX PASTEL CNX-903,,,,,,,,,
6979100119056,ATK PENSIL GAMBAR PANJANG CARINEX CNX-905,,,,,,,,,
6979100119063,ATK PENSIL GAMBAR PENDEK CARINEX CNX-906,,,,,,,,,
,,,,Bee Accounting,,,,,,,,
,15/09/2026,,,,,,,
Kode Item,Nama Item,ALFA 1 (C),ALFA 2 (C),ALFA 4 (C),ALFA 5 (C),ALFA 6 (C),ALFA 7 ,BK CIJAMBE ,BK JH1 ,
8991389300183,ATK BUKU BIG BOSS 42 LEMBAR,,5 PCS,,,10 PCS,,10 PCS,,
8991389301036,ATK BUKU GAMBAR SIDU A-4,,5 PCS,,,,,,,
8991389304884,ATK BUKU SIDU 58 LEMBAR KECIL,,,,,10 PCS,,10 PCS,10 PCS,
8991389305010,ATK BUKU SIDU 42 LEMBAR,,,,,,,,,
8993988052890,ATK COR PEN JOYKO CF-S242,,10 PCS,,,,,,,
8993988055730,ATK COR TAPE JOYKO CT-575,,,,,,,,,
8993988055846,ATK COR TAPE JOYKO CT-522-SWDS,,,,,,,,,
8993988060512,ATK CUTTER MINI JOYKO CU-0520,,,,,,,,,
8993988090083,ATK PENGHAPUS JK526-B40BL,,39 PCS,,,,,,,
8993988090182,ATK PENGHAPUS JOYKO EB-30CO,,29 PCS,,,,,,,
8993988111412,ATK LEM STICK JOYKO DAMARUDOL GS117,,,,,,,,,
8993988270027,ATK CRAYON JOYKO 12W,,,,,,,,,
8993988283300,ATK GP JOYKO GP-265 HITAM,,,,,12 PCS,8 PCS,12 PCS,11 PCS,
8993988283324,ATK GP JOYKO GP-265 BLUE,,,,,,,,,
8993988287001,ATK PENSIL JOYKO 2B HITAM P-8127,,10 PCS,,,12 PCS,10 PCS,12 PCS,10 PCS,
8993988287278,ATK PENSIL JOYKO 2B PASTEL P-8144,,16 PCS,,,,,,,
8993988345183,ATK GUNTING JOYKO SC-828,,3 PCS,,,,0 PCS,,,
8993988345244,ATK GUNTING JOYKO SC-828 SOFTGRIP,,2 PCS,,,,,,,
8993988345558,ATK GUNTING JOYKO SC-37-GFR,,,,,,,,,
8993988345565,ATK GUNTING JOYKO SC-38-ZBR,,,,,,,,,
8993988349488,ATK RAUTAN JOYKO WARNA SP-362PTL,,22 PCS,,,,22 PCS,,,
8993988350644,ATK STAPLER JOYKO ST-22 GREEN,,1 PCS,,,,,,,
8993988350668,ATK STAPLER JOYKO ST-22 PURPLE,,,,,,,,,
8993988350675,ATK STAPLER JOYKO ST-22 WHITE,,1 PCS,,,,,,,
8993988720188,ATK GP JOYKO GP-406,,6 PCS,,,,,,,
8998000501769,ATK BP ZEBRA B-1000 HITAM,,,,,,,,,
8998838292921,ATK BP KENKO BP-388 PASTEL,,,,,,,,,
9983762486248,ATK TEMPAT PENSIL SEDANG RABBIT,,,,,,,,,
,,,,Bee Accounting,,,,,,,,
,15/09/2026,,,,,,,
Kode Item,Nama Item,ALFA 1 (C),ALFA 2 (C),ALFA 4 (C),ALFA 5 (C),ALFA 6 (C),ALFA 7 ,BK CIJAMBE ,BK JH1 ,
TOTAL,0.00,312.00,0.00,16.00,44.00,90.00,44.00,31.00,
Kode Item,Nama Item,BK5 CIGER ,BK7 ,BK8 BAKSAR ,BK9 BAKSAR ,BKC ,CICUKANG ,CIKADUT 2,CIPAGALO ,
002794,ATK BP PILOT BPT-P MERAH,,,,,,,,,
002818,ATK MATERAI 10RB,0 PCS,1 PCS,9 PCS,4 PCS,0 PCS,4 PCS,0 PCS,1 PCS,
002820,ATK KOALA LABEL 109,,,,,,,,,
002827,ATK GP CARINEX GEL 8808 MUJIO BIRU,,,,,,,,,
002828,ATK GP CARINEX GEL 8808 MUJIO HITAM,11 PCS,,,,,0 PCS,,12 PCS,
002831,ATK BP FASTER C-600 HITAM,12 PCS,,,,,11 PCS,,12 PCS,
002832,ATK BP FASTER C-6 JETREK,11 PCS,,,,,0 PCS,,12 PCS,
002838,"ATK LAKBAN KAIN DAIMARU 1 1/2"" HITAM",1 PCS,,,,,,,,
002851,ATK MAP BIOLA NO.3 KUNING TUA,,,,,,5 PCS,,,
002852,ATK MAP BIOLA NO.6 BIRU,,,,,,5 PCS,,,
002853,ATK MAP BIOLA NO.8 HIJAU TUA,,,,,,5 PCS,,,
002854,ATK MAP BIOLA NO.1 MERAH TUA,,,,,,5 PCS,,,
002857,ATK GP JOYKO GP-407 HITAM,,,,,,12 PCS,,,
002858,ATK GP JOYKO GP-414 MATCHA HITAM,,,,,,7 PCS,,,
002859,ATK GP JOYKO GP-413 CKLT HITAM,,,,,,8 PCS,,,
002860,ATK LEM KENKO STICK 8GR,,,,,,30 PCS,,,
002861,ATK CUTTER DELI 2034,,,,,,3 PCS,,,
002862,ATK DESK SET JOYKO DS-69CO PINK,,,,,,,,,
002864,ATK KERTAS KARTON HITAM,,,,,,5 PCS,,,
002865,ATK KERTAS KARTON PUTIH,,,,,,5 PCS,,,
002866,ATK KERTAS KARTON UNIQ K,,,,,,5 PCS,,,
002867,ATK KERTAS KARTON BANJARAN,,,,,,5 PCS,,,
002868,ATK GUNTING JOYKO SC-838PTL,,,,,,1 PCS,,,
02050010,ATK BP PILOT BPT-P HITAM,12 PCS,,,,,0 PCS,,7 PCS,
02050034,ATK BP PILOT BPT-P BIRU,,,,,,,,,
04502203,ATK LEM POVINAL [111] KECIL,2 PCS,,,,,,,,
06802011,ATK DOUBLE TAPE 'KK' 12MM,1 PCS,,,,,,,1 PCS,
06802059,ATK DOUBLE TAPE 'KK' 24MM,2 PCS,,,,,,,1 PCS,
,,,,Bee Accounting,,,,,,,,
,15/09/2026,,,,,,,
Kode Item,Nama Item,BK5 CIGER ,BK7 ,BK8 BAKSAR ,BK9 BAKSAR ,BKC ,CICUKANG ,CIKADUT 2,CIPAGALO ,
1100120010473,ATK BP STANDARD AE-7 OPAQUE HT,7 PCS,,,,,3 PCS,,,
4902505482083,ATK BP PILOT BP-1RT BIRU,,,,,,,,,
4902505482090,ATK BP PILOT BP-1RT HITAM,11 PCS,,,,,11 PCS,,,
4902505482106,ATK BP PILOT BP-1RT MERAH,,,,,,,,,
4902505687129,ATK BP PILOT BPTP PASTEL HITAM,12 PCS,,,,,6 PCS,,21 PCS,
4970129000518,ATK SPIDOL SNOWMAN W/B,2 PCS,,,,,,,,
4970129745013,ATK BP SNOWMAN V-5 HITAM,11 PCS,,,,,11 PCS,,11 PCS,
4970129763017,ATK BP SNOWMAN V-4 HITAM,11 PCS,,,,,12 PCS,,10 PCS,
4970430100518,ATK NECES ETONA NO.10 (ISI STEPLER),0 PCS,,,,,,,1 PCS,
6920112521054,ATK BINDER CLIP ZRM 155,12 PCS,,,,,0 PCS,,12 PCS,
6920112521153,ATK BINDER CLIP ZRM 107,24 PCS,,,,,0 PCS,,24 PCS,
6936380674897,ATK RAUTAN KOTAK R-5868,1 PCS,,,,,,,,
6938022902603,ATK ZIP BAG A5 N60/89,2 PCS,,,,,,,,
6938022902610,ATK ZIP BAG B6-N16-83,1 PCS,,,,,,,,
6956751883628,ATK BP CARINEX CNX-8836,7 PCS,,,,,0 PCS,,9 PCS,
6956953588086,ATK GP CARINEX GEL 8808 MUJIO MERAH,,,,,,,,,
6956953588161,ATK BP 4 WARNA CARINEX CNX-8816,9 PCS,,,,,,,,
6972100710346,ATK CUTTER MINI JANGZHONG JZ-111,2 PCS,,,,,,,,
6972486266789,ATK TEMPAT PENSIL SEDANG APOLLO,1 PCS,,,,,,,,
6974308441206,ATK STICKY NOTE DEPAI B02,,,,,,,,,
6975919170097,ATK RAUTAN +STIP+SIKAT LB-8009,2 PCS,,,,,,,,
6977237290129,ATK STICKY NOTE DEPAI A04-5-12,1 PCS,,,,,,,,
6979100119018,ATK PENSIL CARINEX CNX-907,11 PCS,,,,,0 PCS,,12 PCS,
6979100119032,ATK PENSIL CARINEX PASTEL CNX-903,12 PCS,,,,,0 PCS,,11 PCS,
6979100119056,ATK PENSIL GAMBAR PANJANG CARINEX CNX-905,2 PCS,,,,,,,,
6979100119063,ATK PENSIL GAMBAR PENDEK CARINEX CNX-906,0 PCS,,,,,0 PCS,,0 PCS,
8991389300183,ATK BUKU BIG BOSS 42 LEMBAR,9 PCS,,,9 PCS,,5 PCS,,,
8991389301036,ATK BUKU GAMBAR SIDU A-4,2 PCS,,,,,,,,
,,,,Bee Accounting,,,,,,,,
,15/09/2026,,,,,,,
Kode Item,Nama Item,BK5 CIGER ,BK7 ,BK8 BAKSAR ,BK9 BAKSAR ,BKC ,CICUKANG ,CIKADUT 2,CIPAGALO ,
8991389304884,ATK BUKU SIDU 58 LEMBAR KECIL,10 PCS,,,10 PCS,,0 PCS,,16 PCS,
8991389305010,ATK BUKU SIDU 42 LEMBAR,1 PCS,,,,,,,,
8993988052890,ATK COR PEN JOYKO CF-S242,,,,,,11 PCS,,,
8993988055730,ATK COR TAPE JOYKO CT-575,,,,,,,,,
8993988055846,ATK COR TAPE JOYKO CT-522-SWDS,0 PCS,,,,,,,,
8993988060512,ATK CUTTER MINI JOYKO CU-0520,3 PCS,,,,,,,,
8993988090083,ATK PENGHAPUS JK526-B40BL,,,,,,38 PCS,,,
8993988090182,ATK PENGHAPUS JOYKO EB-30CO,,,,,,28 PCS,,,
8993988111412,ATK LEM STICK JOYKO DAMARUDOL GS117,1 PCS,,,,,,,,
8993988270027,ATK CRAYON JOYKO 12W,1 PCS,,,,,,,,
8993988283300,ATK GP JOYKO GP-265 HITAM,8 PCS,,,8 PCS,,0 PCS,,11 PCS,
8993988283324,ATK GP JOYKO GP-265 BLUE,,,,,,,,,
8993988287001,ATK PENSIL JOYKO 2B HITAM P-8127,11 PCS,,,12 PCS,,12 PCS,,,
8993988287278,ATK PENSIL JOYKO 2B PASTEL P-8144,9 PCS,,,,,5 PCS,,,
8993988345183,ATK GUNTING JOYKO SC-828,1 PCS,,,,,3 PCS,,,
8993988345244,ATK GUNTING JOYKO SC-828 SOFTGRIP,2 PCS,,,,,2 PCS,,,
8993988345558,ATK GUNTING JOYKO SC-37-GFR,0 PCS,,,,,,,,
8993988345565,ATK GUNTING JOYKO SC-38-ZBR,0 PCS,,,,,,,,
8993988349488,ATK RAUTAN JOYKO WARNA SP-362PTL,21 PCS,,,,,23 PCS,,,
8993988350644,ATK STAPLER JOYKO ST-22 GREEN,1 PCS,,,,,,,1 PCS,
8993988350668,ATK STAPLER JOYKO ST-22 PURPLE,1 PCS,,,,,,,,
8993988350675,ATK STAPLER JOYKO ST-22 WHITE,0 PCS,,,,,,,1 PCS,
8993988720188,ATK GP JOYKO GP-406,11 PCS,,,,,12 PCS,,,
8998000501769,ATK BP ZEBRA B-1000 HITAM,12 PCS,,,,,,,,
8998838292921,ATK BP KENKO BP-388 PASTEL,11 PCS,,,,,0 PCS,,12 PCS,
9983762486248,ATK TEMPAT PENSIL SEDANG RABBIT,1 PCS,,,,,,,,
TOTAL,309.00,1.00,9.00,43.00,0.00,298.00,0.00,198.00,
,,,,Bee Accounting,,,,,,,,
,15/09/2026,,,,,,,
Kode Item,Nama Item,CISA (C),DM (C),Gudang,PC 5 (C),PD 1 (C),PD 2 (C),RK (C),SA (C),
002794,ATK BP PILOT BPT-P MERAH,,,0 PCS,,,,11 PCS,,
002818,ATK MATERAI 10RB,4 PCS,9 PCS,0 PCS,11 PCS,15 PCS,10 PCS,2 PCS,17 PCS,
002820,ATK KOALA LABEL 109,,,125 PCS,,,,,,
002827,ATK GP CARINEX GEL 8808 MUJIO BIRU,,,0 PCS,,,,12 PCS,,
002828,ATK GP CARINEX GEL 8808 MUJIO HITAM,,,0 PCS,12 PCS,12 PCS,0 PCS,10 PCS,,
002831,ATK BP FASTER C-600 HITAM,,,0 PCS,12 PCS,,,12 PCS,,
002832,ATK BP FASTER C-6 JETREK,,,0 PCS,,,,12 PCS,,
002838,"ATK LAKBAN KAIN DAIMARU 1 1/2"" HITAM",,,0 PCS,,,,0 PCS,,
002851,ATK MAP BIOLA NO.3 KUNING TUA,,,0 PCS,,,,,,
002852,ATK MAP BIOLA NO.6 BIRU,,,0 PCS,,,,,,
002853,ATK MAP BIOLA NO.8 HIJAU TUA,,,0 PCS,,,,,,
002854,ATK MAP BIOLA NO.1 MERAH TUA,,,0 PCS,,,,,,
002857,ATK GP JOYKO GP-407 HITAM,,,0 PCS,,11 PCS,0 PCS,,,
002858,ATK GP JOYKO GP-414 MATCHA HITAM,,,0 PCS,,,,,,
002859,ATK GP JOYKO GP-413 CKLT HITAM,,,0 PCS,,,,,,
002860,ATK LEM KENKO STICK 8GR,,,0 PCS,,,,,,
002861,ATK CUTTER DELI 2034,,,0 PCS,2 PCS,,,,,
002862,ATK DESK SET JOYKO DS-69CO PINK,,,1 PCS,,,,,,
002864,ATK KERTAS KARTON HITAM,,,0 PCS,,,,,,
002865,ATK KERTAS KARTON PUTIH,,,0 PCS,,,,,,
002866,ATK KERTAS KARTON UNIQ K,,,0 PCS,,,,,,
002867,ATK KERTAS KARTON BANJARAN,,,0 PCS,,,,,,
002868,ATK GUNTING JOYKO SC-838PTL,,,0 PCS,,,,,,
02050010,ATK BP PILOT BPT-P HITAM,,,0 PCS,,,,11 PCS,,
02050034,ATK BP PILOT BPT-P BIRU,,,0 PCS,,,,12 PCS,,
04502203,ATK LEM POVINAL [111] KECIL,,,0 PCS,,,,0 PCS,,
06802011,ATK DOUBLE TAPE 'KK' 12MM,,,0 PCS,,,,0 PCS,,
06802059,ATK DOUBLE TAPE 'KK' 24MM,,,0 PCS,,,,1 PCS,,
1100120010473,ATK BP STANDARD AE-7 OPAQUE HT,,,0 PCS,11 PCS,,,9 PCS,,
4902505482083,ATK BP PILOT BP-1RT BIRU,,,0 PCS,,,,12 PCS,,
4902505482090,ATK BP PILOT BP-1RT HITAM,,,0 PCS,,,,12 PCS,,
,,,,Bee Accounting,,,,,,,,
,15/09/2026,,,,,,,
Kode Item,Nama Item,CISA (C),DM (C),Gudang,PC 5 (C),PD 1 (C),PD 2 (C),RK (C),SA (C),
4902505482106,ATK BP PILOT BP-1RT MERAH,,,0 PCS,,,,12 PCS,,
4902505687129,ATK BP PILOT BPTP PASTEL HITAM,0 PCS,20 PCS,11 PCS,12 PCS,12 PCS,0 PCS,11 PCS,10 PCS,
4970129000518,ATK SPIDOL SNOWMAN W/B,,,0 PCS,,,,0 PCS,,
4970129745013,ATK BP SNOWMAN V-5 HITAM,,,0 PCS,,,,12 PCS,,
4970129763017,ATK BP SNOWMAN V-4 HITAM,,8 PCS,0 PCS,11 PCS,12 PCS,0 PCS,10 PCS,9 PCS,
4970430100518,ATK NECES ETONA NO.10 (ISI STEPLER),,,0 PCS,,,,0 PCS,,
6920112521054,ATK BINDER CLIP ZRM 155,,,0 PCS,12 PCS,,,12 PCS,,
6920112521153,ATK BINDER CLIP ZRM 107,12 PCS,12 PCS,0 PCS,12 PCS,12 PCS,0 PCS,24 PCS,12 PCS,
6936380674897,ATK RAUTAN KOTAK R-5868,,,0 PCS,,,,2 PCS,,
6938022902603,ATK ZIP BAG A5 N60/89,,,0 PCS,,,,1 PCS,,
6938022902610,ATK ZIP BAG B6-N16-83,,,0 PCS,,,,1 PCS,,
6956751883628,ATK BP CARINEX CNX-8836,,,0 PCS,,,,10 PCS,,
6956953588086,ATK GP CARINEX GEL 8808 MUJIO MERAH,,,0 PCS,,,,12 PCS,,
6956953588161,ATK BP 4 WARNA CARINEX CNX-8816,,,0 PCS,,,,12 PCS,,
6972100710346,ATK CUTTER MINI JANGZHONG JZ-111,,,0 PCS,,,,0 PCS,,
6972486266789,ATK TEMPAT PENSIL SEDANG APOLLO,,,0 PCS,,,,1 PCS,,
6974308441206,ATK STICKY NOTE DEPAI B02,,,0 PCS,,,,1 PCS,,
6975919170097,ATK RAUTAN +STIP+SIKAT LB-8009,,,0 PCS,,,,0 PCS,,
6977237290129,ATK STICKY NOTE DEPAI A04-5-12,,,0 PCS,,,,1 PCS,,
6979100119018,ATK PENSIL CARINEX CNX-907,,,0 PCS,,,,6 PCS,,
6979100119032,ATK PENSIL CARINEX PASTEL CNX-903,,,0 PCS,,,,10 PCS,,
6979100119056,ATK PENSIL GAMBAR PANJANG CARINEX CNX-905,,,0 PCS,,,,2 PCS,,
6979100119063,ATK PENSIL GAMBAR PENDEK CARINEX CNX-906,,,0 PCS,,,,2 PCS,,
8991389300183,ATK BUKU BIG BOSS 42 LEMBAR,,,0 PCS,,10 PCS,,7 PCS,,
8991389301036,ATK BUKU GAMBAR SIDU A-4,,,0 PCS,,,,11 PCS,,
8991389304884,ATK BUKU SIDU 58 LEMBAR KECIL,,,0 PCS,,10 PCS,,2 PCS,,
8991389305010,ATK BUKU SIDU 42 LEMBAR,,,0 PCS,,,,0 PCS,,
8993988052890,ATK COR PEN JOYKO CF-S242,,,0 PCS,,,,8 PCS,,
8993988055730,ATK COR TAPE JOYKO CT-575,,,0 PCS,,,,2 PCS,,
,,,,Bee Accounting,,,,,,,,
,15/09/2026,,,,,,,
Kode Item,Nama Item,CISA (C),DM (C),Gudang,PC 5 (C),PD 1 (C),PD 2 (C),RK (C),SA (C),
8993988055846,ATK COR TAPE JOYKO CT-522-SWDS,,,0 PCS,,,,2 PCS,,
8993988060512,ATK CUTTER MINI JOYKO CU-0520,,,0 PCS,,,,1 PCS,,
8993988090083,ATK PENGHAPUS JK526-B40BL,,,0 PCS,,,,38 PCS,40 PCS,
8993988090182,ATK PENGHAPUS JOYKO EB-30CO,,,0 PCS,,,,29 PCS,,
8993988111412,ATK LEM STICK JOYKO DAMARUDOL GS117,,,0 PCS,,,,0 PCS,,
8993988270027,ATK CRAYON JOYKO 12W,,,0 PCS,,,,0 PCS,,
8993988283300,ATK GP JOYKO GP-265 HITAM,,,0 PCS,,12 PCS,,11 PCS,,
8993988283324,ATK GP JOYKO GP-265 BLUE,,,0 PCS,,,,12 PCS,,
8993988287001,ATK PENSIL JOYKO 2B HITAM P-8127,,,0 PCS,12 PCS,24 PCS,0 PCS,10 PCS,,
8993988287278,ATK PENSIL JOYKO 2B PASTEL P-8144,,,0 PCS,,,,6 PCS,12 PCS,
8993988345183,ATK GUNTING JOYKO SC-828,,,0 PCS,,,,0 PCS,,
8993988345244,ATK GUNTING JOYKO SC-828 SOFTGRIP,,,0 PCS,,,,0 PCS,,
8993988345558,ATK GUNTING JOYKO SC-37-GFR,,,0 PCS,,,,0 PCS,,
8993988345565,ATK GUNTING JOYKO SC-38-ZBR,,,0 PCS,,,,1 PCS,,
8993988349488,ATK RAUTAN JOYKO WARNA SP-362PTL,,,0 PCS,,,,22 PCS,,
8993988350644,ATK STAPLER JOYKO ST-22 GREEN,,,0 PCS,,,,1 PCS,,
8993988350668,ATK STAPLER JOYKO ST-22 PURPLE,,,0 PCS,,,,1 PCS,,
8993988350675,ATK STAPLER JOYKO ST-22 WHITE,,,0 PCS,,,,1 PCS,,
8993988720188,ATK GP JOYKO GP-406,,,0 PCS,,,,10 PCS,,
8998000501769,ATK BP ZEBRA B-1000 HITAM,,,0 PCS,,,,10 PCS,,
8998838292921,ATK BP KENKO BP-388 PASTEL,,,0 PCS,12 PCS,,,11 PCS,12 PCS,
9983762486248,ATK TEMPAT PENSIL SEDANG RABBIT,,,0 PCS,,,,1 PCS,,
TOTAL,16.00,49.00,137.00,119.00,130.00,10.00,455.00,112.00,
Kode Item,Nama Item,TOTAL,,,,,,,,,
002794,ATK BP PILOT BPT-P MERAH,11 PCS,,,,,,,,,
002818,ATK MATERAI 10RB,113 PCS,,,,,,,,,
002820,ATK KOALA LABEL 109,125 PCS,,,,,,,,,
002827,ATK GP CARINEX GEL 8808 MUJIO BIRU,12 PCS,,,,,,,,,
,,,,Bee Accounting,,,,,,,,
,15/09/2026,,,,,,,
Kode Item,Nama Item,TOTAL,,
002828,ATK GP CARINEX GEL 8808 MUJIO HITAM,66 PCS,,
002831,ATK BP FASTER C-600 HITAM,69 PCS,,
002832,ATK BP FASTER C-6 JETREK,35 PCS,,
002838,"ATK LAKBAN KAIN DAIMARU 1 1/2"" HITAM",1 PCS,,
002851,ATK MAP BIOLA NO.3 KUNING TUA,10 PCS,,
002852,ATK MAP BIOLA NO.6 BIRU,7 PCS,,
002853,ATK MAP BIOLA NO.8 HIJAU TUA,9 PCS,,
002854,ATK MAP BIOLA NO.1 MERAH TUA,9 PCS,,
002857,ATK GP JOYKO GP-407 HITAM,29 PCS,,
002858,ATK GP JOYKO GP-414 MATCHA HITAM,13 PCS,,
002859,ATK GP JOYKO GP-413 CKLT HITAM,13 PCS,,
002860,ATK LEM KENKO STICK 8GR,58 PCS,,
002861,ATK CUTTER DELI 2034,8 PCS,,
002862,ATK DESK SET JOYKO DS-69CO PINK,1 PCS,,
002864,ATK KERTAS KARTON HITAM,10 PCS,,
002865,ATK KERTAS KARTON PUTIH,10 PCS,,
002866,ATK KERTAS KARTON UNIQ K,10 PCS,,
002867,ATK KERTAS KARTON BANJARAN,10 PCS,,
002868,ATK GUNTING JOYKO SC-838PTL,4 PCS,,
02050010,ATK BP PILOT BPT-P HITAM,30 PCS,,
02050034,ATK BP PILOT BPT-P BIRU,12 PCS,,
04502203,ATK LEM POVINAL [111] KECIL,2 PCS,,
06802011,ATK DOUBLE TAPE 'KK' 12MM,4 PCS,,
06802059,ATK DOUBLE TAPE 'KK' 24MM,7 PCS,,
1100120010473,ATK BP STANDARD AE-7 OPAQUE HT,41 PCS,,
4902505482083,ATK BP PILOT BP-1RT BIRU,12 PCS,,
4902505482090,ATK BP PILOT BP-1RT HITAM,55 PCS,,
4902505482106,ATK BP PILOT BP-1RT MERAH,12 PCS,,
4902505687129,ATK BP PILOT BPTP PASTEL HITAM,133 PCS,,
4970129000518,ATK SPIDOL SNOWMAN W/B,2 PCS,,
4970129745013,ATK BP SNOWMAN V-5 HITAM,55 PCS,,
,,,,Bee Accounting,,
,15/09/2026,,,
Kode Item,Nama Item,TOTAL,,
4970129763017,ATK BP SNOWMAN V-4 HITAM,102 PCS,,
4970430100518,ATK NECES ETONA NO.10 (ISI STEPLER),3 PCS,,
6920112521054,ATK BINDER CLIP ZRM 155,48 PCS,,
6920112521153,ATK BINDER CLIP ZRM 107,144 PCS,,
6936380674897,ATK RAUTAN KOTAK R-5868,3 PCS,,
6938022902603,ATK ZIP BAG A5 N60/89,3 PCS,,
6938022902610,ATK ZIP BAG B6-N16-83,2 PCS,,
6956751883628,ATK BP CARINEX CNX-8836,26 PCS,,
6956953588086,ATK GP CARINEX GEL 8808 MUJIO MERAH,12 PCS,,
6956953588161,ATK BP 4 WARNA CARINEX CNX-8816,21 PCS,,
6972100710346,ATK CUTTER MINI JANGZHONG JZ-111,2 PCS,,
6972486266789,ATK TEMPAT PENSIL SEDANG APOLLO,2 PCS,,
6974308441206,ATK STICKY NOTE DEPAI B02,1 PCS,,
6975919170097,ATK RAUTAN +STIP+SIKAT LB-8009,2 PCS,,
6977237290129,ATK STICKY NOTE DEPAI A04-5-12,2 PCS,,
6979100119018,ATK PENSIL CARINEX CNX-907,29 PCS,,
6979100119032,ATK PENSIL CARINEX PASTEL CNX-903,33 PCS,,
6979100119056,ATK PENSIL GAMBAR PANJANG CARINEX CNX-905,4 PCS,,
6979100119063,ATK PENSIL GAMBAR PENDEK CARINEX CNX-906,2 PCS,,
8991389300183,ATK BUKU BIG BOSS 42 LEMBAR,65 PCS,,
8991389301036,ATK BUKU GAMBAR SIDU A-4,18 PCS,,
8991389304884,ATK BUKU SIDU 58 LEMBAR KECIL,78 PCS,,
8991389305010,ATK BUKU SIDU 42 LEMBAR,1 PCS,,
8993988052890,ATK COR PEN JOYKO CF-S242,29 PCS,,
8993988055730,ATK COR TAPE JOYKO CT-575,2 PCS,,
8993988055846,ATK COR TAPE JOYKO CT-522-SWDS,2 PCS,,
8993988060512,ATK CUTTER MINI JOYKO CU-0520,4 PCS,,
8993988090083,ATK PENGHAPUS JK526-B40BL,155 PCS,,
,,,,Bee Accounting,,
,15/09/2026,,,
Kode Item,Nama Item,TOTAL,,,,,,,,,
8993988090182,ATK PENGHAPUS JOYKO EB-30CO,86 PCS,,,,,,,,,
8993988111412,ATK LEM STICK JOYKO DAMARUDOL GS117,1 PCS,,,,,,,,,
8993988270027,ATK CRAYON JOYKO 12W,1 PCS,,,,,,,,,
8993988283300,ATK GP JOYKO GP-265 HITAM,93 PCS,,,,,,,,,
8993988283324,ATK GP JOYKO GP-265 BLUE,12 PCS,,,,,,,,,
8993988287001,ATK PENSIL JOYKO 2B HITAM P-8127,135 PCS,,,,,,,,,
8993988287278,ATK PENSIL JOYKO 2B PASTEL P-8144,48 PCS,,,,,,,,,
8993988345183,ATK GUNTING JOYKO SC-828,7 PCS,,,,,,,,,
8993988345244,ATK GUNTING JOYKO SC-828 SOFTGRIP,6 PCS,,,,,,,,,
8993988345558,ATK GUNTING JOYKO SC-37-GFR,0 PCS,,,,,,,,,
8993988345565,ATK GUNTING JOYKO SC-38-ZBR,1 PCS,,,,,,,,,
8993988349488,ATK RAUTAN JOYKO WARNA SP-362PTL,110 PCS,,,,,,,,,
8993988350644,ATK STAPLER JOYKO ST-22 GREEN,4 PCS,,,,,,,,,
8993988350668,ATK STAPLER JOYKO ST-22 PURPLE,2 PCS,,,,,,,,,
8993988350675,ATK STAPLER JOYKO ST-22 WHITE,3 PCS,,,,,,,,,
8993988720188,ATK GP JOYKO GP-406,39 PCS,,,,,,,,,
8998000501769,ATK BP ZEBRA B-1000 HITAM,22 PCS,,,,,,,,,
8998838292921,ATK BP KENKO BP-388 PASTEL,58 PCS,,,,,,,,,
9983762486248,ATK TEMPAT PENSIL SEDANG RABBIT,2 PCS,,,,,,,,,
TOTAL,"2,423.00",,,,,,,,,
,Merk,Model,,,,,,,,,
,< kosong >,< kosong >,,,,,,,,,
Kode Item,Nama Item,ALFA 6 (C),BK CIJAMBE ,BK JH1 ,BK9 BAKSAR ,CIPAGALO ,Gudang,PD 1 (C),TOTAL,
002906,ATK BUKU SIDU 38 LEMBAR,10 PCS,10 PCS,0 PCS,,,0 PCS,9 PCS,29 PCS,
002907,ATK PENGHAPUS KENKO ERG-30SQ,,30 PCS,,30 PCS,,0 PCS,30 PCS,90 PCS,
002908,ATK SAMPUL PLS QUARTO 10L,2 PCS,2 PCS,0 PCS,1 PCS,,0 PCS,2 PCS,7 PCS,
002909,ATK SAMPUL KRAF KWT LUX 10L,1 PCS,1 PCS,0 PCS,1 PCS,,0 PCS,1 PCS,4 PCS,
002910,ATK SAMPUL PLS BOXI 10L,2 PCS,2 PCS,1 PCS,1 PCS,,0 PCS,2 PCS,8 PCS,
002938,ATK DOUBLE TAPE NANO NDST-A01-20,,,,,,0 PCS,,0 PCS,
,,,,,Bee Accounting,,,,,,,,
,15/09/2026,,,,,,,,
Kode Item,Nama Item,ALFA 6 (C),BK CIJAMBE ,BK JH1 ,BK9 BAKSAR ,CIPAGALO ,Gudang,PD 1 (C),TOTAL,
002940,ATK BUKU GAMBAR VISION A4 PLUS,,,,,9 PCS,0 PCS,,9 PCS,
TOTAL,15.00,45.00,1.00,33.00,9.00,0.00,44.00,147.00,
,Group,,,,,,,,,,,,
,KERTAS STRUK,,,,,,,,,,,,
,Merk,Model,,,,,,,,,
,< kosong >,< kosong >,,,,,,,,,
Kode Item,Nama Item,ALFA 1 (C),ALFA 2 (C),ALFA 3 (C),ALFA 4 (C),ALFA 5 (C),ALFA 6 (C),ALFA 7 ,ASBER 1 (C),
002562,KERTAS STRUK,1 PCS,22 PCS,8 PCS,25 PCS,12 PCS,15 PCS,21 PCS,11 PCS,
TOTAL,1.00,22.00,8.00,25.00,12.00,15.00,21.00,11.00,
Kode Item,Nama Item,ASBER 2 (C),BK CIJAMBE ,BK JH1 ,BK JH2 (C),BK5 CIGER ,BK6 ,BK7 ,BK8 BAKSAR ,
002562,KERTAS STRUK,23 PCS,24 PCS,24 PCS,24 PCS,28 PCS,20 PCS,28 PCS,31 PCS,
TOTAL,23.00,24.00,24.00,24.00,28.00,20.00,28.00,31.00,
Kode Item,Nama Item,BK9 BAKSAR ,BKC ,BUNISARI ,CICUKANG ,CIHAURKUK,CIKADUT 2,CIPADUNG 2 ,CIPAGALO ,
002562,KERTAS STRUK,27 PCS,13 PCS,22 PCS,23 PCS,29 PCS,25 PCS,20 PCS,12 PCS,
TOTAL,27.00,13.00,22.00,23.00,29.00,25.00,20.00,12.00,
Kode Item,Nama Item,CIPOREAT,CISA (C),CK (C),CL 1 ,CL 2 ,CL 3 ,CL 4 ,DM (C),
002562,KERTAS STRUK,13 PCS,28 PCS,27 PCS,16 PCS,23 PCS,13 PCS,19 PCS,14 PCS,
TOTAL,13.00,28.00,27.00,16.00,23.00,13.00,19.00,14.00,
Kode Item,Nama Item,Gudang,PC 3 (A),PC 4 (C),PC 5 (C),PD 1 (C),PD 2 (C),PD 3 (C),PETSHOP,
002562,KERTAS STRUK,440 PCS,30 PCS,10 PCS,27 PCS,24 PCS,21 PCS,22 PCS,0 PCS,
TOTAL,440.00,30.00,10.00,27.00,24.00,21.00,22.00,0.00,
Kode Item,Nama Item,RK (C),SA (C),SS (C),TOTAL,,,,,,
002562,KERTAS STRUK,25 PCS,23 PCS,31 PCS,1294 PCS,,,,,,
TOTAL,25.00,23.00,31.00,"1,294.00",,,,,,
,Group,,,,,,,,,,,,
,MS GLOW,,,,,,,,,,,,
,,,,,Bee Accounting,,,,,,,,
,15/09/2026,,,,,,,,
,Merk,Model,,,,,,,,,
,< kosong >,< kosong >,,,,,,,,,
Kode Item,Nama Item,ALFA 1 (C),BUNISARI ,DM (C),GUDANG ,Gudang,PC 5 (C),TOTAL,,
001900,MS ACNE BB CREAM,0 PCS,0 PCS,0 PCS,2 PCS,0 PCS,0 PCS,2 PCS,,
001901,MS ACNE SERUM,0 PCS,0 PCS,0 PCS,1 PCS,0 PCS,0 PCS,1 PCS,,
001902,MS DAY CREAM,0 PCS,0 PCS,0 PCS,2 PCS,0 PCS,0 PCS,2 PCS,,
001903,MS FACIAL WASH,0 PCS,0 PCS,0 PCS,2 PCS,0 PCS,0 PCS,2 PCS,,
001904,MS NIGHT ACNE,0 PCS,0 PCS,0 PCS,3 PCS,0 PCS,0 PCS,3 PCS,,
001905,MS NIGHT LUMINOUS,0 PCS,0 PCS,0 PCS,,0 PCS,0 PCS,0 PCS,,
001906,MS NIGHT WHITENING,0 PCS,0 PCS,0 PCS,1 PCS,0 PCS,0 PCS,1 PCS,,
001907,MS TONER ACNE,0 PCS,0 PCS,0 PCS,4 PCS,0 PCS,0 PCS,4 PCS,,
001908,MS TONER GLOWING,0 PCS,0 PCS,0 PCS,3 PCS,0 PCS,0 PCS,3 PCS,,
001909,MS ULTIMATE NIGHT CREAM,0 PCS,0 PCS,0 PCS,3 PCS,0 PCS,0 PCS,3 PCS,,
002017,MS SERUM GOLD,,0 PCS,,,,,0 PCS,,
002288,MSGLOW WHITENING GOLD SERUM,,0 PCS,,1 PCS,,,1 PCS,,
002289,MSGLOW ACNE NIGHT CREAM,,0 PCS,,1 PCS,,,1 PCS,,
002452,MS PAKET WHITENING,,0 PCS,,,,,0 PCS,,
TOTAL,0.00,0.00,0.00,23.00,0.00,0.00,23.00,,
,Group,,,,,,,,,,,,
,PETSHOP,,,,,,,,,,,,
,Merk,Model,,,,,,,,,
,BEAUTY,1KG FRESPACK,,,,,,,,,
Kode Item,Nama Item,ALFA 1 (C),ALFA 3 (C),ALFA 4 (C),ALFA 5 (C),ALFA 6 (C),BK7 ,BK9 BAKSAR ,CICUKANG ,
001137,BEAUTY CAT 1 KG REPACK,0 PCS,0 PCS,0 PCS,0 PCS,0 PCS,0 PCS,3 PCS,11 PCS,
TOTAL,0.00,0.00,0.00,0.00,0.00,0.00,3.00,11.00,
Kode Item,Nama Item,CK (C),CL 1 ,DM (C),Gudang,PC 3 (A),PC 5 (C),PD 1 (C),SA (C),
001137,BEAUTY CAT 1 KG REPACK,0 PCS,4 PCS,0 PCS,0 PCS,0 PCS,0 PCS,5 PCS,1 PCS,
TOTAL,0.00,4.00,0.00,0.00,0.00,0.00,5.00,1.00,
Kode Item,Nama Item,TOTAL,,,,,,,,,
001137,BEAUTY CAT 1 KG REPACK,24 PCS,,,,,,,,,
TOTAL,24.00,,,,,,,,,
,,,,,Bee Accounting,,,,,,,,
,15/09/2026,,,,,,,,
,Merk,Model,,,,,,,,,
,BEAUTY,< kosong >,,,,,,,,,
Kode Item,Nama Item,ALFA 3 (C),ALFA 6 (C),PC 5 (C),SA (C),TOTAL,,,,,
002664,BEAUTY PERSIAN 750 GR,0 PCS,0 PCS,0 PCS,9 PCS,9 PCS,,,,,
TOTAL,0.00,0.00,0.00,9.00,9.00,,,,,
,Merk,Model,,,,,,,,,
,BOLT,1KG FRESPACK,,,,,,,,,
Kode Item,Nama Item,ALFA 1 (C),ASBER 2 (C),BUNISARI ,DM (C),Gudang,PC 5 (C),TOTAL,,
001559,BOLT KITTEN SALMON 1KG,0 PCS,0 PCS,0 PCS,0 PCS,0 PCS,0 PCS,0 PCS,,
TOTAL,0.00,0.00,0.00,0.00,0.00,0.00,0.00,,
,Merk,Model,,,,,,,,,
,BOLT,500GR FRESHPACK,,,,,,,,,
Kode Item,Nama Item,ALFA 1 (C),ALFA 3 (C),ALFA 4 (C),ALFA 5 (C),ALFA 6 (C),ALFA 7 ,ASBER 1 (C),ASBER 2 (C),
002242,BOLT MOTHER KITTEN TUNA 500GR,6 PCS,36 PCS,34 PCS,3 PCS,7 PCS,3 PCS,10 PCS,10 PCS,
002680,BOLT MOTHER KITTEN SALMON 500 GR,28 PCS,28 PCS,35 PCS,4 PCS,21 PCS,8 PCS,9 PCS,10 PCS,
TOTAL,34.00,64.00,69.00,7.00,28.00,11.00,19.00,20.00,
Kode Item,Nama Item,BK CIJAMBE ,BK JH1 ,BK JH2 (C),BK5 CIGER ,BK6 ,BK7 ,BK8 BAKSAR ,BK9 BAKSAR ,
002242,BOLT MOTHER KITTEN TUNA 500GR,0 PCS,9 PCS,9 PCS,0 PCS,0 PCS,30 PCS,12 PCS,4 PCS,
002680,BOLT MOTHER KITTEN SALMON 500 GR,0 PCS,10 PCS,10 PCS,0 PCS,5 PCS,32 PCS,6 PCS,10 PCS,
TOTAL,0.00,19.00,19.00,0.00,5.00,62.00,18.00,14.00,
Kode Item,Nama Item,BKC ,CICUKANG ,CIHAURKUK,CIKADUT 2,CIPAGALO ,CIPOREAT,CISA (C),CK (C),
002242,BOLT MOTHER KITTEN TUNA 500GR,0 PCS,12 PCS,0 PCS,11 PCS,14 PCS,8 PCS,11 PCS,38 PCS,
002680,BOLT MOTHER KITTEN SALMON 500 GR,0 PCS,0 PCS,2 PCS,0 PCS,0 PCS,2 PCS,0 PCS,29 PCS,
TOTAL,0.00,12.00,2.00,11.00,14.00,10.00,11.00,67.00,
Kode Item,Nama Item,CL 1 ,CL 2 ,DM (C),Gudang,PC 3 (A),PC 5 (C),PD 1 (C),PETSHOP,
002242,BOLT MOTHER KITTEN TUNA 500GR,0 PCS,5 PCS,10 PCS,0 PCS,18 PCS,9 PCS,6 PCS,,
002680,BOLT MOTHER KITTEN SALMON 500 GR,5 PCS,14 PCS,9 PCS,0 PCS,20 PCS,10 PCS,9 PCS,0 PCS,
TOTAL,5.00,19.00,19.00,0.00,38.00,19.00,15.00,0.00,
,,,,,Bee Accounting,,,,,,,,
,15/09/2026,,,,,,,,
Kode Item,Nama Item,SA (C),SS (C),TOTAL,,,,,,,
002242,BOLT MOTHER KITTEN TUNA 500GR,17 PCS,4 PCS,336 PCS,,,,,,,
002680,BOLT MOTHER KITTEN SALMON 500 GR,28 PCS,8 PCS,352 PCS,,,,,,,
TOTAL,45.00,12.00,688.00,,,,,,,
,Merk,Model,,,,,,,,,
,BOLT,800GR FRESHPACK,,,,,,,,,
Kode Item,Nama Item,ALFA 1 (C),ALFA 2 (C),ALFA 3 (C),ALFA 4 (C),ALFA 5 (C),ALFA 6 (C),ALFA 7 ,ASBER 1 (C),
001179,BOLT IKAN 800 GR,25 PCS,0 PCS,50 PCS,21 PCS,30 PCS,25 PCS,16 PCS,11 PCS,
001558,BOLT DONAT 800 GR,11 PCS,,33 PCS,3 PCS,3 PCS,2 PCS,4 PCS,9 PCS,
002236,BOLT ADULT SALMON 800 GR,13 PCS,,32 PCS,6 PCS,5 PCS,15 PCS,5 PCS,8 PCS,
TOTAL,49.00,0.00,115.00,30.00,38.00,42.00,25.00,28.00,
Kode Item,Nama Item,ASBER 2 (C),BK CIJAMBE ,BK JH1 ,BK JH2 (C),BK5 CIGER ,BK6 ,BK7 ,BK8 BAKSAR ,
001179,BOLT IKAN 800 GR,25 PCS,20 PCS,20 PCS,9 PCS,24 PCS,0 PCS,20 PCS,28 PCS,
001558,BOLT DONAT 800 GR,6 PCS,6 PCS,10 PCS,0 PCS,8 PCS,3 PCS,7 PCS,7 PCS,
002236,BOLT ADULT SALMON 800 GR,10 PCS,5 PCS,7 PCS,13 PCS,4 PCS,1 PCS,13 PCS,6 PCS,
TOTAL,41.00,31.00,37.00,22.00,36.00,4.00,40.00,41.00,
Kode Item,Nama Item,BK9 BAKSAR ,BKC ,BUNISARI ,CICUKANG ,CIHAURKUK,CIKADUT 2,CIPADUNG 2 ,CIPAGALO ,
001179,BOLT IKAN 800 GR,0 PCS,35 PCS,,11 PCS,2 PCS,15 PCS,6 PCS,7 PCS,
001558,BOLT DONAT 800 GR,7 PCS,8 PCS,0 PCS,13 PCS,5 PCS,3 PCS,,19 PCS,
002236,BOLT ADULT SALMON 800 GR,3 PCS,6 PCS,,10 PCS,9 PCS,12 PCS,,21 PCS,
TOTAL,10.00,49.00,0.00,34.00,16.00,30.00,6.00,47.00,
Kode Item,Nama Item,CIPOREAT,CISA (C),CK (C),CL 1 ,CL 2 ,CL 3 ,DM (C),Gudang,
001179,BOLT IKAN 800 GR,34 PCS,7 PCS,11 PCS,20 PCS,33 PCS,8 PCS,32 PCS,0 PCS,
001558,BOLT DONAT 800 GR,3 PCS,4 PCS,5 PCS,13 PCS,9 PCS,3 PCS,6 PCS,0 PCS,
002236,BOLT ADULT SALMON 800 GR,16 PCS,10 PCS,3 PCS,11 PCS,10 PCS,6 PCS,8 PCS,0 PCS,
TOTAL,53.00,21.00,19.00,44.00,52.00,17.00,46.00,0.00,
Kode Item,Nama Item,PC 3 (A),PC 5 (C),PD 1 (C),SA (C),SS (C),TOTAL,,,
001179,BOLT IKAN 800 GR,17 PCS,25 PCS,8 PCS,17 PCS,9 PCS,621 PCS,,,
001558,BOLT DONAT 800 GR,5 PCS,0 PCS,2 PCS,2 PCS,4 PCS,223 PCS,,,
002236,BOLT ADULT SALMON 800 GR,0 PCS,6 PCS,6 PCS,0 PCS,11 PCS,291 PCS,,,
TOTAL,22.00,31.00,16.00,19.00,24.00,"1,135.00",,,
,,,,,Bee Accounting,,,,,,,,
,15/09/2026,,,,,,,,
,Merk,Model,,,,,,,,,
,BOLT,KARUNG 20 KG,,,,,,,,,
Kode Item,Nama Item,BK5 CIGER ,TOTAL,,,,,,,,
002665,BOLT IKAN CURAH 20 KG,0 PCS,0 PCS,,,,,,,,
TOTAL,0.00,0.00,,,,,,,,
,Merk,Model,,,,,,,,,
,CAMPURAN,800GR FRESHPACK,,,,,,,,,
Kode Item,Nama Item,ALFA 1 (C),ALFA 6 (C),ASBER 2 (C),BK5 CIGER ,BK9 BAKSAR ,CIPAGALO ,CK (C),DM (C),
002630,CHESTER 800GR,7 PCS,0 PCS,4 PCS,0 PCS,0 PCS,1 PCS,0 PCS,0 PCS,
TOTAL,7.00,0.00,4.00,0.00,0.00,1.00,0.00,0.00,
Kode Item,Nama Item,PC 5 (C),PD 1 (C),SA (C),TOTAL,,,,,,
002630,CHESTER 800GR,0 PCS,5 PCS,0 PCS,17 PCS,,,,,,
TOTAL,0.00,5.00,0.00,17.00,,,,,,
,Merk,Model,,,,,,,,,
,CAT CHOIZE,1KG FRESPACK,,,,,,,,,
Kode Item,Nama Item,ALFA 1 (C),ALFA 3 (C),ALFA 4 (C),ALFA 5 (C),ALFA 6 (C),ALFA 7 ,ASBER 1 (C),ASBER 2 (C),
001139,CAT CHOIZE KITTEN SALMON 1 KG (KUNING),8 PCS,29 PCS,9 PCS,10 PCS,17 PCS,0 PCS,5 PCS,27 PCS,
001560,CAT CHOIZE KITTEN TUNA 1 KG (PINK),1 PCS,20 PCS,0 PCS,6 PCS,20 PCS,6 PCS,0 PCS,18 PCS,
TOTAL,9.00,49.00,9.00,16.00,37.00,6.00,5.00,45.00,
Kode Item,Nama Item,BK CIJAMBE ,BK JH1 ,BK JH2 (C),BK5 CIGER ,BK6 ,BK7 ,BK8 BAKSAR ,BK9 BAKSAR ,
001139,CAT CHOIZE KITTEN SALMON 1 KG (KUNING),8 PCS,22 PCS,7 PCS,28 PCS,4 PCS,10 PCS,20 PCS,14 PCS,
001560,CAT CHOIZE KITTEN TUNA 1 KG (PINK),13 PCS,11 PCS,12 PCS,0 PCS,,16 PCS,4 PCS,5 PCS,
TOTAL,21.00,33.00,19.00,28.00,4.00,26.00,24.00,19.00,
Kode Item,Nama Item,BKC ,BUNISARI ,CICUKANG ,CIHAURKUK,CIKADUT 2,CIPADUNG 2 ,CIPAGALO ,CIPOREAT,
001139,CAT CHOIZE KITTEN SALMON 1 KG (KUNING),8 PCS,,12 PCS,8 PCS,14 PCS,,15 PCS,19 PCS,
001560,CAT CHOIZE KITTEN TUNA 1 KG (PINK),3 PCS,0 PCS,10 PCS,5 PCS,12 PCS,2 PCS,18 PCS,,
TOTAL,11.00,0.00,22.00,13.00,26.00,2.00,33.00,19.00,
Kode Item,Nama Item,CISA (C),CK (C),CL 1 ,CL 2 ,CL 3 ,DM (C),Gudang,PC 3 (A),
001139,CAT CHOIZE KITTEN SALMON 1 KG (KUNING),20 PCS,7 PCS,15 PCS,28 PCS,8 PCS,8 PCS,0 PCS,6 PCS,
,,,,,Bee Accounting,,,,,,,,
,15/09/2026,,,,,,,,
Kode Item,Nama Item,CISA (C),CK (C),CL 1 ,CL 2 ,CL 3 ,DM (C),Gudang,PC 3 (A),
001560,CAT CHOIZE KITTEN TUNA 1 KG (PINK),17 PCS,10 PCS,9 PCS,8 PCS,15 PCS,14 PCS,0 PCS,8 PCS,
TOTAL,37.00,17.00,24.00,36.00,23.00,22.00,0.00,14.00,
Kode Item,Nama Item,PC 5 (C),PD 1 (C),SA (C),SS (C),TOTAL,,,,,
001139,CAT CHOIZE KITTEN SALMON 1 KG (KUNING),10 PCS,10 PCS,15 PCS,7 PCS,428 PCS,,,,,
001560,CAT CHOIZE KITTEN TUNA 1 KG (PINK),25 PCS,6 PCS,9 PCS,8 PCS,311 PCS,,,,,
TOTAL,35.00,16.00,24.00,15.00,739.00,,,,,
,Merk,Model,,,,,,,,,
,CAT CHOIZE,800GR FRESHPACK,,,,,,,,,
Kode Item,Nama Item,ALFA 1 (C),ALFA 3 (C),ALFA 4 (C),ALFA 5 (C),ALFA 6 (C),ALFA 7 ,ASBER 1 (C),ASBER 2 (C),
001138,CAT CHOIZE ADULT SALMON 800GR (ORANGE),0 PCS,29 PCS,12 PCS,6 PCS,9 PCS,12 PCS,7 PCS,22 PCS,
001181,CAT CHOIZE ADULT TUNA 800 GR (IJO),23 PCS,18 PCS,8 PCS,11 PCS,17 PCS,7 PCS,11 PCS,25 PCS,
002377,CAT CHOIZE MOTHER&KITTEN 800 GR (PINK),0 PCS,0 PCS,0 PCS,6 PCS,23 PCS,4 PCS,0 PCS,11 PCS,
TOTAL,23.00,47.00,20.00,23.00,49.00,23.00,18.00,58.00,
Kode Item,Nama Item,BK CIJAMBE ,BK JH1 ,BK JH2 (C),BK5 CIGER ,BK6 ,BK7 ,BK8 BAKSAR ,BK9 BAKSAR ,
001138,CAT CHOIZE ADULT SALMON 800GR (ORANGE),7 PCS,12 PCS,10 PCS,10 PCS,3 PCS,23 PCS,5 PCS,2 PCS,
001181,CAT CHOIZE ADULT TUNA 800 GR (IJO),13 PCS,8 PCS,15 PCS,27 PCS,5 PCS,9 PCS,29 PCS,10 PCS,
002377,CAT CHOIZE MOTHER&KITTEN 800 GR (PINK),1 PCS,0 PCS,9 PCS,14 PCS,5 PCS,6 PCS,8 PCS,24 PCS,
TOTAL,21.00,20.00,34.00,51.00,13.00,38.00,42.00,36.00,
Kode Item,Nama Item,BKC ,BUNISARI ,CICUKANG ,CIHAURKUK,CIKADUT 2,CIPADUNG 2 ,CIPAGALO ,CIPOREAT,
001138,CAT CHOIZE ADULT SALMON 800GR (ORANGE),11 PCS,0 PCS,14 PCS,5 PCS,11 PCS,0 PCS,19 PCS,9 PCS,
001181,CAT CHOIZE ADULT TUNA 800 GR (IJO),14 PCS,0 PCS,12 PCS,4 PCS,6 PCS,7 PCS,14 PCS,8 PCS,
002377,CAT CHOIZE MOTHER&KITTEN 800 GR (PINK),9 PCS,0 PCS,16 PCS,2 PCS,2 PCS,4 PCS,16 PCS,10 PCS,
TOTAL,34.00,0.00,42.00,11.00,19.00,11.00,49.00,27.00,
Kode Item,Nama Item,CISA (C),CK (C),CL 1 ,CL 2 ,CL 3 ,DM (C),Gudang,PC 3 (A),
001138,CAT CHOIZE ADULT SALMON 800GR (ORANGE),10 PCS,12 PCS,10 PCS,11 PCS,7 PCS,11 PCS,0 PCS,10 PCS,
,,,,,Bee Accounting,,,,,,,,
,15/09/2026,,,,,,,,
Kode Item,Nama Item,CISA (C),CK (C),CL 1 ,CL 2 ,CL 3 ,DM (C),Gudang,PC 3 (A),
001181,CAT CHOIZE ADULT TUNA 800 GR (IJO),24 PCS,13 PCS,10 PCS,10 PCS,12 PCS,24 PCS,0 PCS,3 PCS,
002377,CAT CHOIZE MOTHER&KITTEN 800 GR (PINK),14 PCS,4 PCS,5 PCS,23 PCS,0 PCS,15 PCS,0 PCS,0 PCS,
TOTAL,48.00,29.00,25.00,44.00,19.00,50.00,0.00,13.00,
Kode Item,Nama Item,PC 5 (C),PD 1 (C),SA (C),SS (C),TOTAL,,,,,
001138,CAT CHOIZE ADULT SALMON 800GR (ORANGE),9 PCS,8 PCS,11 PCS,8 PCS,345 PCS,,,,,
001181,CAT CHOIZE ADULT TUNA 800 GR (IJO),11 PCS,2 PCS,18 PCS,5 PCS,433 PCS,,,,,
002377,CAT CHOIZE MOTHER&KITTEN 800 GR (PINK),12 PCS,0 PCS,6 PCS,15 PCS,264 PCS,,,,,
TOTAL,32.00,10.00,35.00,28.00,"1,042.00",,,,,
,Merk,Model,,,,,,,,,
,EXCEL,500GR FRESHPACK,,,,,,,,,
Kode Item,Nama Item,ALFA 1 (C),ALFA 3 (C),ALFA 4 (C),ALFA 5 (C),ALFA 6 (C),ALFA 7 ,ASBER 1 (C),ASBER 2 (C),
001182,EXCEL DONAT 500 GR,15 PCS,20 PCS,5 PCS,10 PCS,17 PCS,8 PCS,9 PCS,14 PCS,
001183,EXCEL IKAN 500 GR,18 PCS,15 PCS,25 PCS,10 PCS,12 PCS,2 PCS,11 PCS,7 PCS,
001184,EXCEL MOTHER KITTEN 500GR,14 PCS,10 PCS,34 PCS,10 PCS,14 PCS,11 PCS,8 PCS,13 PCS,
001842,EXCEL CHICKEN TUNA 500 GR,16 PCS,11 PCS,11 PCS,10 PCS,13 PCS,,6 PCS,15 PCS,
TOTAL,63.00,56.00,75.00,40.00,56.00,21.00,34.00,49.00,
Kode Item,Nama Item,BK CIJAMBE ,BK JH1 ,BK JH2 (C),BK5 CIGER ,BK6 ,BK7 ,BK8 BAKSAR ,BK9 BAKSAR ,
001182,EXCEL DONAT 500 GR,8 PCS,8 PCS,2 PCS,19 PCS,6 PCS,14 PCS,9 PCS,14 PCS,
001183,EXCEL IKAN 500 GR,9 PCS,8 PCS,8 PCS,8 PCS,2 PCS,14 PCS,8 PCS,0 PCS,
001184,EXCEL MOTHER KITTEN 500GR,14 PCS,8 PCS,8 PCS,2 PCS,2 PCS,10 PCS,0 PCS,0 PCS,
001842,EXCEL CHICKEN TUNA 500 GR,2 PCS,4 PCS,10 PCS,,1 PCS,10 PCS,13 PCS,12 PCS,
TOTAL,33.00,28.00,28.00,29.00,11.00,48.00,30.00,26.00,
Kode Item,Nama Item,BKC ,BUNISARI ,CICUKANG ,CIHAURKUK,CIKADUT 2,CIPADUNG 2 ,CIPAGALO ,CIPOREAT,
001182,EXCEL DONAT 500 GR,6 PCS,,10 PCS,0 PCS,8 PCS,0 PCS,8 PCS,13 PCS,
001183,EXCEL IKAN 500 GR,11 PCS,,12 PCS,0 PCS,8 PCS,2 PCS,13 PCS,5 PCS,
001184,EXCEL MOTHER KITTEN 500GR,,,,,10 PCS,,8 PCS,4 PCS,
001842,EXCEL CHICKEN TUNA 500 GR,4 PCS,0 PCS,7 PCS,2 PCS,9 PCS,,9 PCS,13 PCS,
TOTAL,21.00,0.00,29.00,2.00,35.00,2.00,38.00,35.00,
,,,,,Bee Accounting,,,,,,,,
,15/09/2026,,,,,,,,
Kode Item,Nama Item,CISA (C),CK (C),CL 1 ,CL 2 ,CL 3 ,DM (C),Gudang,PC 3 (A),
001182,EXCEL DONAT 500 GR,7 PCS,10 PCS,14 PCS,16 PCS,1 PCS,9 PCS,0 PCS,12 PCS,
001183,EXCEL IKAN 500 GR,13 PCS,9 PCS,8 PCS,8 PCS,2 PCS,8 PCS,0 PCS,9 PCS,
001184,EXCEL MOTHER KITTEN 500GR,8 PCS,6 PCS,10 PCS,20 PCS,2 PCS,8 PCS,0 PCS,11 PCS,
001842,EXCEL CHICKEN TUNA 500 GR,11 PCS,12 PCS,6 PCS,9 PCS,4 PCS,6 PCS,0 PCS,10 PCS,
TOTAL,39.00,37.00,38.00,53.00,9.00,31.00,0.00,42.00,
Kode Item,Nama Item,PC 5 (C),PD 1 (C),SA (C),SS (C),TOTAL,,,,,
001182,EXCEL DONAT 500 GR,14 PCS,10 PCS,17 PCS,7 PCS,340 PCS,,,,,
001183,EXCEL IKAN 500 GR,10 PCS,2 PCS,20 PCS,8 PCS,305 PCS,,,,,
001184,EXCEL MOTHER KITTEN 500GR,13 PCS,11 PCS,15 PCS,6 PCS,290 PCS,,,,,
001842,EXCEL CHICKEN TUNA 500 GR,15 PCS,2 PCS,15 PCS,9 PCS,277 PCS,,,,,
TOTAL,52.00,25.00,67.00,30.00,"1,212.00",,,,,
,Merk,Model,,,,,,,,,
,FELIBITE,500GR FRESHPACK,,,,,,,,,
Kode Item,Nama Item,ALFA 1 (C),ALFA 3 (C),ALFA 4 (C),ALFA 5 (C),ALFA 6 (C),ALFA 7 ,ASBER 1 (C),ASBER 2 (C),
001185,FELIBITE DONAT 500 GR,13 PCS,22 PCS,7 PCS,7 PCS,14 PCS,8 PCS,13 PCS,17 PCS,
001186,FELIBITE IKAN 500 GR,17 PCS,16 PCS,5 PCS,9 PCS,14 PCS,6 PCS,7 PCS,14 PCS,
002257,FELIBITE TUNA OTORO 500 GR,11 PCS,13 PCS,0 PCS,,10 PCS,,10 PCS,7 PCS,
TOTAL,41.00,51.00,12.00,16.00,38.00,14.00,30.00,38.00,
Kode Item,Nama Item,BK CIJAMBE ,BK JH1 ,BK JH2 (C),BK5 CIGER ,BK6 ,BK7 ,BK8 BAKSAR ,BK9 BAKSAR ,
001185,FELIBITE DONAT 500 GR,13 PCS,7 PCS,7 PCS,26 PCS,8 PCS,12 PCS,9 PCS,4 PCS,
001186,FELIBITE IKAN 500 GR,3 PCS,6 PCS,8 PCS,21 PCS,1 PCS,21 PCS,14 PCS,6 PCS,
002257,FELIBITE TUNA OTORO 500 GR,6 PCS,5 PCS,,,,1 PCS,10 PCS,,
TOTAL,22.00,18.00,15.00,47.00,9.00,34.00,33.00,10.00,
Kode Item,Nama Item,BKC ,CICUKANG ,CIHAURKUK,CIKADUT 2,CIPADUNG 2 ,CIPAGALO ,CIPOREAT,CISA (C),
001185,FELIBITE DONAT 500 GR,9 PCS,13 PCS,8 PCS,10 PCS,1 PCS,13 PCS,11 PCS,5 PCS,
001186,FELIBITE IKAN 500 GR,19 PCS,11 PCS,2 PCS,10 PCS,1 PCS,7 PCS,8 PCS,8 PCS,
002257,FELIBITE TUNA OTORO 500 GR,,,1 PCS,,,9 PCS,5 PCS,8 PCS,
TOTAL,28.00,24.00,11.00,20.00,2.00,29.00,24.00,21.00,
Kode Item,Nama Item,CK (C),CL 1 ,CL 2 ,CL 3 ,DM (C),Gudang,PC 3 (A),PC 5 (C),
001185,FELIBITE DONAT 500 GR,12 PCS,11 PCS,12 PCS,8 PCS,11 PCS,0 PCS,14 PCS,11 PCS,
001186,FELIBITE IKAN 500 GR,18 PCS,9 PCS,16 PCS,4 PCS,11 PCS,0 PCS,13 PCS,8 PCS,
,,,,,Bee Accounting,,,,,,,,
,15/09/2026,,,,,,,,
Kode Item,Nama Item,CK (C),CL 1 ,CL 2 ,CL 3 ,DM (C),Gudang,PC 3 (A),PC 5 (C),
002257,FELIBITE TUNA OTORO 500 GR,,10 PCS,5 PCS,,11 PCS,,4 PCS,8 PCS,
TOTAL,30.00,30.00,33.00,12.00,33.00,0.00,31.00,27.00,
Kode Item,Nama Item,PD 1 (C),SA (C),SS (C),TOTAL,,,,,,
001185,FELIBITE DONAT 500 GR,11 PCS,9 PCS,7 PCS,363 PCS,,,,,,
001186,FELIBITE IKAN 500 GR,2 PCS,11 PCS,5 PCS,331 PCS,,,,,,
002257,FELIBITE TUNA OTORO 500 GR,,10 PCS,,144 PCS,,,,,,
TOTAL,13.00,30.00,12.00,838.00,,,,,,
,Merk,Model,,,,,,,,,
,FURLOVE,1KG FRESPACK,,,,,,,,,
Kode Item,Nama Item,ALFA 1 (C),BK5 CIGER ,BK7 ,Gudang,PC 5 (C),SA (C),TOTAL,,
002642,FURLOVE DRY ALS ADULT TUNA 1 KG,,3 PCS,1 PCS,,2 PCS,0 PCS,6 PCS,,
002643,FURLOVE DRY ALS ADULT SALMON 1 KG,3 PCS,1 PCS,5 PCS,0 PCS,4 PCS,0 PCS,13 PCS,,
002644,FURLOVE DRY ALS ADULT CHICKEN 1 KG,4 PCS,0 PCS,,0 PCS,0 PCS,0 PCS,4 PCS,,
002645,FURLOVE DRY ALS KITTEN TUNA 1 KG,,0 PCS,0 PCS,0 PCS,0 PCS,0 PCS,0 PCS,,
002646,FURLOVE DRY ALS KITTEN SALMON 1 KG,0 PCS,0 PCS,0 PCS,0 PCS,0 PCS,0 PCS,0 PCS,,
002647,FURLOVE DRY ALS KITTEN CHICKEN 1 KG,0 PCS,4 PCS,,0 PCS,2 PCS,0 PCS,6 PCS,,
TOTAL,7.00,8.00,6.00,0.00,8.00,0.00,29.00,,
,Merk,Model,,,,,,,,,
,FURLOVE,80 GR POUCH,,,,,,,,,
Kode Item,Nama Item,BK5 CIGER ,TOTAL,,,,,,,,
002631,FURLOVE POUCH TUNA IN JELLY 80 GR,0 PCS,0 PCS,,,,,,,,
002632,FURLOVE POUCH TUNA & CHICKEN 80 GR,0 PCS,0 PCS,,,,,,,,
002633,FURLOVE POUCH CHICKEN IN JELLY 80 GR,0 PCS,0 PCS,,,,,,,,
002634,FURLOVE POUCH SALMON & CHICKEN 80 GR,0 PCS,0 PCS,,,,,,,,
002635,FURLOVE POUCH KITTEN TUNA IN JELLY 80 GR,0 PCS,0 PCS,,,,,,,,
002636,FURLOVE POUCH KITTEN SALMON IN JELLY 80 GR,0 PCS,0 PCS,,,,,,,,
TOTAL,0.00,0.00,,,,,,,,
,,,,,Bee Accounting,,,,,,,,
,15/09/2026,,,,,,,,
,Merk,Model,,,,,,,,,
,FURLOVE,KALENG,,,,,,,,,
Kode Item,Nama Item,ALFA 6 (C),BK5 CIGER ,BK7 ,CK (C),PC 5 (C),PD 1 (C),SA (C),TOTAL,
002638,FURLOVE CAN TUNA & CHICKEN 380 GR,0 PCS,0 PCS,0 PCS,0 PCS,0 PCS,0 PCS,0 PCS,0 PCS,
002640,FURLOVE CAN KITTEN TUNA IN JELLY 380 GR,,4 PCS,0 PCS,0 PCS,0 PCS,,,4 PCS,
002641,FURLOVE CAN KITTEN SALMON IN JELLY 380 GR,,9 PCS,7 PCS,0 PCS,0 PCS,,4 PCS,20 PCS,
002668,FURLOVE CAN KITTEN SALMON IN JELLY,,,,0 PCS,0 PCS,,0 PCS,0 PCS,
002669,FURLOVE CAN KITTEN TUNA IN JELLY 380 GR,,,16 PCS,2 PCS,0 PCS,,0 PCS,18 PCS,
TOTAL,0.00,13.00,23.00,2.00,0.00,0.00,4.00,42.00,
,Merk,Model,,,,,,,,,
,LEZATO,1KG FRESPACK,,,,,,,,,
Kode Item,Nama Item,ALFA 1 (C),ALFA 3 (C),ALFA 4 (C),ASBER 1 (C),ASBER 2 (C),BK5 CIGER ,BK7 ,BKC ,
001561,CAT LEZATO 1 KG,0 PCS,0 PCS,0 PCS,0 PCS,0 PCS,0 PCS,0 PCS,0 PCS,
TOTAL,0.00,0.00,0.00,0.00,0.00,0.00,0.00,0.00,
Kode Item,Nama Item,BUNISARI ,CIKADUT 2,DM (C),Gudang,PC 5 (C),SA (C),TOTAL,,
001561,CAT LEZATO 1 KG,0 PCS,1 PCS,0 PCS,0 PCS,0 PCS,0 PCS,1 PCS,,
TOTAL,0.00,1.00,0.00,0.00,0.00,0.00,1.00,,
,Merk,Model,,,,,,,,,
,LEZATO,800GR FRESHPACK,,,,,,,,,
Kode Item,Nama Item,ALFA 1 (C),ASBER 1 (C),PC 5 (C),TOTAL,,,,,,
002389,CAT LEZATO KITTEN 800 GR,0 PCS,0 PCS,0 PCS,0 PCS,,,,,,
TOTAL,0.00,0.00,0.00,0.00,,,,,,
,Merk,Model,,,,,,,,,
,LEZATO,< kosong >,,,,,,,,,
Kode Item,Nama Item,ALFA 1 (C),ALFA 3 (C),ALFA 4 (C),ALFA 6 (C),ASBER 1 (C),ASBER 2 (C),BK5 CIGER ,BK7 ,
002718,CAT LEZATO SALMON 1 KG,8 PCS,7 PCS,2 PCS,5 PCS,9 PCS,5 PCS,10 PCS,9 PCS,
TOTAL,8.00,7.00,2.00,5.00,9.00,5.00,10.00,9.00,
Kode Item,Nama Item,BKC ,CICUKANG ,CIHAURKUK,CIKADUT 2,CISA (C),CK (C),CL 1 ,DM (C),
002718,CAT LEZATO SALMON 1 KG,9 PCS,7 PCS,2 PCS,12 PCS,9 PCS,5 PCS,7 PCS,9 PCS,
TOTAL,9.00,7.00,2.00,12.00,9.00,5.00,7.00,9.00,
,,,,,Bee Accounting,,,,,,,,
,15/09/2026,,,,,,,,
Kode Item,Nama Item,PC 3 (A),PC 5 (C),SA (C),TOTAL,,,,,,
002718,CAT LEZATO SALMON 1 KG,8 PCS,12 PCS,6 PCS,141 PCS,,,,,,
TOTAL,8.00,12.00,6.00,141.00,,,,,,
,Merk,Model,,,,,,,,,
,LIFE CAT,1KG FRESPACK,,,,,,,,,
Kode Item,Nama Item,ALFA 1 (C),ALFA 6 (C),BK5 CIGER ,BK7 ,CK (C),DM (C),PC 5 (C),TOTAL,
002663,LIFE CAT 1 KG REPACK,0 PCS,4 PCS,0 PCS,0 PCS,0 PCS,0 PCS,0 PCS,4 PCS,
TOTAL,0.00,4.00,0.00,0.00,0.00,0.00,0.00,4.00,
,Merk,Model,,,,,,,,,
,LIFE CAT,80 GR POUCH,,,,,,,,,
Kode Item,Nama Item,ALFA 1 (C),ALFA 3 (C),ALFA 4 (C),ALFA 6 (C),ALFA 7 ,ASBER 1 (C),ASBER 2 (C),BK CIJAMBE ,
001188,LIFE CAT POUCH ADULT SALMON 85 GR,18 PCS,19 PCS,,17 PCS,,12 PCS,14 PCS,15 PCS,
001189,LIFE CAT POUCH AGE 1-12 MONTHS SALMON 85 GR,16 PCS,9 PCS,8 PCS,17 PCS,,8 PCS,13 PCS,10 PCS,
001190,LIFE CAT POUCH AGE 1-12 MONTHS TUNA 85 GR,12 PCS,15 PCS,12 PCS,17 PCS,18 PCS,9 PCS,12 PCS,0 PCS,
001563,LIFE CAT POUCH ADULT CHICKEN & TUNA 85 GR,20 PCS,9 PCS,5 PCS,15 PCS,,19 PCS,12 PCS,12 PCS,
001564,LIFE CAT POUCH AGE 1-12 MONTHS CHICKEN 85 GR,17 PCS,12 PCS,10 PCS,14 PCS,16 PCS,12 PCS,14 PCS,6 PCS,
TOTAL,83.00,64.00,35.00,80.00,34.00,60.00,65.00,43.00,
Kode Item,Nama Item,BK JH1 ,BK JH2 (C),BK5 CIGER ,BK7 ,BK8 BAKSAR ,BK9 BAKSAR ,BKC ,BUNISARI ,
001188,LIFE CAT POUCH ADULT SALMON 85 GR,14 PCS,18 PCS,9 PCS,13 PCS,19 PCS,6 PCS,,0 PCS,
001189,LIFE CAT POUCH AGE 1-12 MONTHS SALMON 85 GR,12 PCS,4 PCS,,9 PCS,,10 PCS,15 PCS,,
001190,LIFE CAT POUCH AGE 1-12 MONTHS TUNA 85 GR,12 PCS,0 PCS,11 PCS,15 PCS,19 PCS,6 PCS,12 PCS,,
001563,LIFE CAT POUCH ADULT CHICKEN & TUNA 85 GR,,9 PCS,23 PCS,20 PCS,11 PCS,,,0 PCS,
001564,LIFE CAT POUCH AGE 1-12 MONTHS CHICKEN 85 GR,12 PCS,4 PCS,18 PCS,19 PCS,10 PCS,8 PCS,20 PCS,0 PCS,
TOTAL,50.00,35.00,61.00,76.00,59.00,30.00,47.00,0.00,
Kode Item,Nama Item,CICUKANG ,CIHAURKUK,CIKADUT 2,CIPADUNG 2 ,CIPAGALO ,CIPOREAT,CISA (C),CK (C),
001188,LIFE CAT POUCH ADULT SALMON 85 GR,9 PCS,11 PCS,,,,19 PCS,12 PCS,10 PCS,
001189,LIFE CAT POUCH AGE 1-12 MONTHS SALMON 85 GR,,9 PCS,8 PCS,10 PCS,11 PCS,,4 PCS,15 PCS,
,,,,,Bee Accounting,,,,,,,,
,15/09/2026,,,,,,,,
Kode Item,Nama Item,CICUKANG ,CIHAURKUK,CIKADUT 2,CIPADUNG 2 ,CIPAGALO ,CIPOREAT,CISA (C),CK (C),
001190,LIFE CAT POUCH AGE 1-12 MONTHS TUNA 85 GR,10 PCS,,17 PCS,,,12 PCS,14 PCS,9 PCS,
001563,LIFE CAT POUCH ADULT CHICKEN & TUNA 85 GR,0 PCS,11 PCS,,7 PCS,9 PCS,11 PCS,10 PCS,15 PCS,
001564,LIFE CAT POUCH AGE 1-12 MONTHS CHICKEN 85 GR,,,10 PCS,,,,8 PCS,19 PCS,
TOTAL,19.00,31.00,35.00,17.00,20.00,42.00,48.00,68.00,
Kode Item,Nama Item,CL 1 ,CL 2 ,CL 3 ,DM (C),Gudang,PC 3 (A),PC 5 (C),PD 1 (C),
001188,LIFE CAT POUCH ADULT SALMON 85 GR,5 PCS,10 PCS,24 PCS,6 PCS,0 PCS,9 PCS,18 PCS,,
001189,LIFE CAT POUCH AGE 1-12 MONTHS SALMON 85 GR,,,,14 PCS,0 PCS,6 PCS,11 PCS,,
001190,LIFE CAT POUCH AGE 1-12 MONTHS TUNA 85 GR,12 PCS,12 PCS,14 PCS,12 PCS,0 PCS,12 PCS,17 PCS,20 PCS,
001563,LIFE CAT POUCH ADULT CHICKEN & TUNA 85 GR,,8 PCS,8 PCS,13 PCS,0 PCS,9 PCS,15 PCS,6 PCS,
001564,LIFE CAT POUCH AGE 1-12 MONTHS CHICKEN 85 GR,16 PCS,14 PCS,16 PCS,11 PCS,0 PCS,19 PCS,14 PCS,,
TOTAL,33.00,44.00,62.00,56.00,0.00,55.00,75.00,26.00,
Kode Item,Nama Item,SA (C),SS (C),TOTAL,,,,,,,
001188,LIFE CAT POUCH ADULT SALMON 85 GR,6 PCS,,313 PCS,,,,,,,
001189,LIFE CAT POUCH AGE 1-12 MONTHS SALMON 85 GR,16 PCS,,235 PCS,,,,,,,
001190,LIFE CAT POUCH AGE 1-12 MONTHS TUNA 85 GR,25 PCS,15 PCS,371 PCS,,,,,,,
001563,LIFE CAT POUCH ADULT CHICKEN & TUNA 85 GR,12 PCS,,289 PCS,,,,,,,
001564,LIFE CAT POUCH AGE 1-12 MONTHS CHICKEN 85 GR,13 PCS,16 PCS,348 PCS,,,,,,,
TOTAL,72.00,31.00,"1,556.00",,,,,,,
,Merk,Model,,,,,,,,,
,LIFE CAT,KALENG,,,,,,,,,
Kode Item,Nama Item,ALFA 1 (C),ALFA 3 (C),ALFA 4 (C),ALFA 6 (C),ASBER 1 (C),ASBER 2 (C),BK JH1 ,BK5 CIGER ,
001191,LIFE CAT CAN ADULT 400 GR,0 PCS,0 PCS,0 PCS,0 PCS,0 PCS,0 PCS,0 PCS,0 PCS,
001192,LIFE CAT CAN KITTEN 400 GR,0 PCS,0 PCS,0 PCS,0 PCS,0 PCS,0 PCS,0 PCS,0 PCS,
TOTAL,0.00,0.00,0.00,0.00,0.00,0.00,0.00,0.00,
Kode Item,Nama Item,BK9 BAKSAR ,CICUKANG ,CISA (C),CK (C),CL 1 ,DM (C),Gudang,PC 3 (A),
001191,LIFE CAT CAN ADULT 400 GR,0 PCS,0 PCS,0 PCS,,0 PCS,0 PCS,0 PCS,0 PCS,
,,,,,Bee Accounting,,,,,,,,
,15/09/2026,,,,,,,,
Kode Item,Nama Item,BK9 BAKSAR ,CICUKANG ,CISA (C),CK (C),CL 1 ,DM (C),Gudang,PC 3 (A),
001192,LIFE CAT CAN KITTEN 400 GR,0 PCS,0 PCS,0 PCS,0 PCS,0 PCS,0 PCS,0 PCS,0 PCS,
TOTAL,0.00,0.00,0.00,0.00,0.00,0.00,0.00,0.00,
Kode Item,Nama Item,PC 5 (C),PD 1 (C),SA (C),TOTAL,,,,,,
001191,LIFE CAT CAN ADULT 400 GR,0 PCS,0 PCS,0 PCS,0 PCS,,,,,,
001192,LIFE CAT CAN KITTEN 400 GR,0 PCS,,0 PCS,0 PCS,,,,,,
TOTAL,0.00,0.00,0.00,0.00,,,,,,
,Merk,Model,,,,,,,,,
,MARKOTOP,800GR FRESHPACK,,,,,,,,,
Kode Item,Nama Item,Gudang,SA (C),TOTAL,,,,,,,
002536,MARKOTOP TUNA ADULT 800GR,0 PCS,0 PCS,0 PCS,,,,,,,
002537,MARKOTOP TUNA & SALMON 800GR,5 PCS,0 PCS,5 PCS,,,,,,,
TOTAL,5.00,0.00,5.00,,,,,,,
,Merk,Model,,,,,,,,,
,< kosong >,1KG FRESPACK,,,,,,,,,
Kode Item,Nama Item,ALFA 1 (C),ALFA 3 (C),ALFA 4 (C),ALFA 5 (C),ALFA 6 (C),ASBER 1 (C),ASBER 2 (C),BK5 CIGER ,
001140,CUTTIES 1KG REPACK,,,,0 PCS,,,,,
002708,CAT LEZATO TUNA 1 KG,2 PCS,1 PCS,5 PCS,,9 PCS,5 PCS,4 PCS,11 PCS,
TOTAL,2.00,1.00,5.00,0.00,9.00,5.00,4.00,11.00,
Kode Item,Nama Item,BK7 ,BKC ,CICUKANG ,CIHAURKUK,CIKADUT 2,CISA (C),CK (C),CL 1 ,
001140,CUTTIES 1KG REPACK,,,,,,,,,
002708,CAT LEZATO TUNA 1 KG,7 PCS,8 PCS,9 PCS,6 PCS,7 PCS,11 PCS,5 PCS,5 PCS,
TOTAL,7.00,8.00,9.00,6.00,7.00,11.00,5.00,5.00,
Kode Item,Nama Item,DM (C),Gudang,PC 3 (A),PC 5 (C),PD 1 (C),PETSHOP,SA (C),TOTAL,
001140,CUTTIES 1KG REPACK,2 PCS,0 PCS,,0 PCS,4 PCS,,,6 PCS,
002708,CAT LEZATO TUNA 1 KG,12 PCS,,8 PCS,8 PCS,,0 PCS,6 PCS,129 PCS,
TOTAL,14.00,0.00,8.00,8.00,4.00,0.00,6.00,135.00,
,Merk,Model,,,,,,,,,
,< kosong >,500GR FRESHPACK,,,,,,,,,
Kode Item,Nama Item,ALFA 1 (C),ALFA 3 (C),BUNISARI ,DM (C),Gudang,PC 5 (C),PD 1 (C),SA (C),
001570,MAXI REPACK 500 GR,5 PCS,0 PCS,0 PCS,6 PCS,0 PCS,0 PCS,0 PCS,7 PCS,
TOTAL,5.00,0.00,0.00,6.00,0.00,0.00,0.00,7.00,
,,,,,Bee Accounting,,,,,,,,
,15/09/2026,,,,,,,,
Kode Item,Nama Item,TOTAL,,,,,,,,,
001570,MAXI REPACK 500 GR,18 PCS,,,,,,,,,
TOTAL,18.00,,,,,,,,,
,Merk,Model,,,,,,,,,
,< kosong >,80 GR POUCH,,,,,,,,,
Kode Item,Nama Item,ALFA 1 (C),ALFA 3 (C),ALFA 4 (C),ALFA 5 (C),ALFA 6 (C),ALFA 7 ,ASBER 1 (C),ASBER 2 (C),
001194,ME-O POUCH 80 GR,,,0 PCS,0 PCS,0 PCS,,,,
001207,WHISKAS POUCH 1+ MACKEREL 85 GR,14 PCS,17 PCS,0 PCS,,14 PCS,16 PCS,25 PCS,26 PCS,
001208,WHISKAS POUCH 1+ SABA 85 GR,16 PCS,20 PCS,1 PCS,,21 PCS,,0 PCS,0 PCS,
001209,WHISKAS POUCH 1+ TUNA & WHITE FISH 85 GR,9 PCS,10 PCS,8 PCS,,20 PCS,10 PCS,25 PCS,24 PCS,
001211,WHISKAS POUCH 1+ OCEAN FISH 85 GR,11 PCS,11 PCS,0 PCS,,10 PCS,,24 PCS,28 PCS,
001212,WHISKAS POUCH JUNIOR TUNA 85 GR,11 PCS,23 PCS,0 PCS,,12 PCS,22 PCS,24 PCS,18 PCS,
001213,WHISKAS POUCH JUNIOR MACKEREL 85 GR,12 PCS,19 PCS,24 PCS,,17 PCS,21 PCS,18 PCS,25 PCS,
001579,WHISKAS POUCH 1+ SALMON 85 GR,18 PCS,11 PCS,2 PCS,,19 PCS,,25 PCS,20 PCS,
001580,WHISKAS POUCH 1+ TUNA 85 GR,13 PCS,14 PCS,17 PCS,,21 PCS,12 PCS,20 PCS,20 PCS,
TOTAL,104.00,125.00,52.00,0.00,134.00,81.00,161.00,161.00,
Kode Item,Nama Item,BK CIJAMBE ,BK JH1 ,BK JH2 (C),BK5 CIGER ,BK6 ,BK7 ,BK8 BAKSAR ,BK9 BAKSAR ,
001194,ME-O POUCH 80 GR,,,,,,,,,
001207,WHISKAS POUCH 1+ MACKEREL 85 GR,11 PCS,14 PCS,7 PCS,18 PCS,15 PCS,16 PCS,11 PCS,0 PCS,
001208,WHISKAS POUCH 1+ SABA 85 GR,,,12 PCS,11 PCS,23 PCS,8 PCS,,19 PCS,
001209,WHISKAS POUCH 1+ TUNA & WHITE FISH 85 GR,,12 PCS,6 PCS,13 PCS,15 PCS,,10 PCS,0 PCS,
001211,WHISKAS POUCH 1+ OCEAN FISH 85 GR,12 PCS,18 PCS,13 PCS,0 PCS,6 PCS,,,0 PCS,
001212,WHISKAS POUCH JUNIOR TUNA 85 GR,0 PCS,18 PCS,12 PCS,14 PCS,22 PCS,19 PCS,17 PCS,0 PCS,
001213,WHISKAS POUCH JUNIOR MACKEREL 85 GR,14 PCS,7 PCS,13 PCS,44 PCS,4 PCS,9 PCS,17 PCS,0 PCS,
001579,WHISKAS POUCH 1+ SALMON 85 GR,12 PCS,3 PCS,15 PCS,21 PCS,,19 PCS,,4 PCS,
001580,WHISKAS POUCH 1+ TUNA 85 GR,11 PCS,13 PCS,3 PCS,13 PCS,19 PCS,8 PCS,11 PCS,0 PCS,
TOTAL,60.00,85.00,81.00,134.00,104.00,79.00,66.00,23.00,
,,,,,Bee Accounting,,,,,,,,
,15/09/2026,,,,,,,,
Kode Item,Nama Item,BKC ,BUNISARI ,CICUKANG ,CIHAURKUK,CIKADUT 2,CIPADUNG 2 ,CIPAGALO ,CIPOREAT,
001194,ME-O POUCH 80 GR,,,,,,,,,
001207,WHISKAS POUCH 1+ MACKEREL 85 GR,19 PCS,,12 PCS,15 PCS,20 PCS,18 PCS,23 PCS,19 PCS,
001208,WHISKAS POUCH 1+ SABA 85 GR,14 PCS,,,19 PCS,,,,,
001209,WHISKAS POUCH 1+ TUNA & WHITE FISH 85 GR,,,14 PCS,,,,,,
001211,WHISKAS POUCH 1+ OCEAN FISH 85 GR,,,,11 PCS,28 PCS,,19 PCS,13 PCS,
001212,WHISKAS POUCH JUNIOR TUNA 85 GR,14 PCS,,9 PCS,14 PCS,9 PCS,7 PCS,18 PCS,23 PCS,
001213,WHISKAS POUCH JUNIOR MACKEREL 85 GR,2 PCS,,10 PCS,,17 PCS,,9 PCS,,
001579,WHISKAS POUCH 1+ SALMON 85 GR,13 PCS,0 PCS,,,,,,,
001580,WHISKAS POUCH 1+ TUNA 85 GR,18 PCS,0 PCS,19 PCS,6 PCS,27 PCS,,13 PCS,13 PCS,
TOTAL,80.00,0.00,64.00,65.00,101.00,25.00,82.00,68.00,
Kode Item,Nama Item,CISA (C),CK (C),CL 1 ,CL 2 ,CL 3 ,DM (C),Gudang,PC 3 (A),
001194,ME-O POUCH 80 GR,0 PCS,0 PCS,,,,0 PCS,0 PCS,,
001207,WHISKAS POUCH 1+ MACKEREL 85 GR,15 PCS,23 PCS,12 PCS,19 PCS,11 PCS,9 PCS,0 PCS,16 PCS,
001208,WHISKAS POUCH 1+ SABA 85 GR,21 PCS,19 PCS,14 PCS,12 PCS,7 PCS,21 PCS,0 PCS,,
001209,WHISKAS POUCH 1+ TUNA & WHITE FISH 85 GR,,23 PCS,14 PCS,,,12 PCS,0 PCS,17 PCS,
001211,WHISKAS POUCH 1+ OCEAN FISH 85 GR,15 PCS,10 PCS,13 PCS,,15 PCS,17 PCS,0 PCS,,
001212,WHISKAS POUCH JUNIOR TUNA 85 GR,18 PCS,5 PCS,15 PCS,19 PCS,17 PCS,9 PCS,0 PCS,23 PCS,
001213,WHISKAS POUCH JUNIOR MACKEREL 85 GR,20 PCS,23 PCS,,13 PCS,9 PCS,18 PCS,0 PCS,19 PCS,
001579,WHISKAS POUCH 1+ SALMON 85 GR,19 PCS,22 PCS,,,,21 PCS,0 PCS,8 PCS,
001580,WHISKAS POUCH 1+ TUNA 85 GR,9 PCS,11 PCS,15 PCS,19 PCS,2 PCS,7 PCS,0 PCS,17 PCS,
TOTAL,117.00,136.00,83.00,82.00,61.00,114.00,0.00,100.00,
Kode Item,Nama Item,PC 5 (C),PD 1 (C),SA (C),SS (C),TOTAL,,,,,
001194,ME-O POUCH 80 GR,0 PCS,,0 PCS,,0 PCS,,,,,
001207,WHISKAS POUCH 1+ MACKEREL 85 GR,15 PCS,0 PCS,15 PCS,,465 PCS,,,,,
001208,WHISKAS POUCH 1+ SABA 85 GR,13 PCS,0 PCS,13 PCS,,284 PCS,,,,,
001209,WHISKAS POUCH 1+ TUNA & WHITE FISH 85 GR,15 PCS,7 PCS,18 PCS,,282 PCS,,,,,
,,,,Bee Accounting,,,,,,,,
,15/09/2026,,,,,,,
Kode Item,Nama Item,PC 5 (C),PD 1 (C),SA (C),SS (C),TOTAL,,,,,
001211,WHISKAS POUCH 1+ OCEAN FISH 85 GR,21 PCS,8 PCS,3 PCS,,306 PCS,,,,,
001212,WHISKAS POUCH JUNIOR TUNA 85 GR,15 PCS,11 PCS,12 PCS,3 PCS,453 PCS,,,,,
001213,WHISKAS POUCH JUNIOR MACKEREL 85 GR,21 PCS,17 PCS,5 PCS,0 PCS,427 PCS,,,,,
001579,WHISKAS POUCH 1+ SALMON 85 GR,10 PCS,,21 PCS,7 PCS,290 PCS,,,,,
001580,WHISKAS POUCH 1+ TUNA 85 GR,14 PCS,11 PCS,0 PCS,9 PCS,405 PCS,,,,,
TOTAL,124.00,54.00,87.00,19.00,"2,912.00",,,,,
,Merk,Model,,,,,,,,,
,< kosong >,800GR FRESHPACK,,,,,,,,,
Kode Item,Nama Item,ALFA 1 (C),ALFA 3 (C),ALFA 4 (C),ALFA 6 (C),ASBER 1 (C),ASBER 2 (C),BK CIJAMBE ,BK5 CIGER ,
001575,ORI CAT ADULT 800 GR IKAN,0 PCS,6 PCS,3 PCS,9 PCS,0 PCS,2 PCS,,12 PCS,
002214,ORI CAT KITTEN 800 GR,0 PCS,12 PCS,4 PCS,5 PCS,,4 PCS,,8 PCS,
002387,CATTIE CARE 800 GR,,,,,,,7 PCS,,
002504,KUCINGKU KITTEN TUNA 800GR,0 PCS,,,,,,,,
002505,KUCINGKU KITTEN SALMON 800GR,0 PCS,,,,,,,,
002681,ORI CAT ADULT 800 GR KOTAK,9 PCS,3 PCS,3 PCS,10 PCS,8 PCS,1 PCS,,17 PCS,
TOTAL,9.00,21.00,10.00,24.00,8.00,7.00,7.00,37.00,
Kode Item,Nama Item,BK9 BAKSAR ,BUNISARI ,CICUKANG ,CIHAURKUK,CIKADUT 2,CIPAGALO ,CIPOREAT,CISA (C),
001575,ORI CAT ADULT 800 GR IKAN,,0 PCS,5 PCS,,7 PCS,5 PCS,8 PCS,5 PCS,
002214,ORI CAT KITTEN 800 GR,,,5 PCS,,4 PCS,,3 PCS,11 PCS,
002387,CATTIE CARE 800 GR,4 PCS,,5 PCS,5 PCS,,,4 PCS,,
002504,KUCINGKU KITTEN TUNA 800GR,,,,,,,,,
002505,KUCINGKU KITTEN SALMON 800GR,,,,,,,,,
002681,ORI CAT ADULT 800 GR KOTAK,,,8 PCS,,5 PCS,4 PCS,5 PCS,6 PCS,
TOTAL,4.00,0.00,23.00,5.00,16.00,9.00,20.00,22.00,
Kode Item,Nama Item,CK (C),DM (C),Gudang,PC 3 (A),PC 5 (C),PD 1 (C),PETSHOP,SA (C),
001575,ORI CAT ADULT 800 GR IKAN,4 PCS,9 PCS,0 PCS,9 PCS,5 PCS,,,6 PCS,
002214,ORI CAT KITTEN 800 GR,,8 PCS,,3 PCS,,,0 PCS,14 PCS,
002387,CATTIE CARE 800 GR,5 PCS,6 PCS,,,5 PCS,5 PCS,,,
002504,KUCINGKU KITTEN TUNA 800GR,,,,,,,,,
002505,KUCINGKU KITTEN SALMON 800GR,,,,,,,,,
,,,,,Bee Accounting,,,,,,,,
,15/09/2026,,,,,,,,
Kode Item,Nama Item,CK (C),DM (C),Gudang,PC 3 (A),PC 5 (C),PD 1 (C),PETSHOP,SA (C),
002681,ORI CAT ADULT 800 GR KOTAK,7 PCS,,0 PCS,5 PCS,4 PCS,,,5 PCS,
TOTAL,16.00,23.00,0.00,17.00,14.00,5.00,0.00,25.00,
Kode Item,Nama Item,TOTAL,,,,,,,,,
001575,ORI CAT ADULT 800 GR IKAN,95 PCS,,,,,,,,,
002214,ORI CAT KITTEN 800 GR,81 PCS,,,,,,,,,
002387,CATTIE CARE 800 GR,46 PCS,,,,,,,,,
002504,KUCINGKU KITTEN TUNA 800GR,0 PCS,,,,,,,,,
002505,KUCINGKU KITTEN SALMON 800GR,0 PCS,,,,,,,,,
002681,ORI CAT ADULT 800 GR KOTAK,100 PCS,,,,,,,,,
TOTAL,322.00,,,,,,,,,
,Merk,Model,,,,,,,,,
,< kosong >,KALENG,,,,,,,,,
Kode Item,Nama Item,ALFA 1 (C),ALFA 3 (C),ALFA 4 (C),ALFA 5 (C),ALFA 6 (C),ASBER 1 (C),ASBER 2 (C),BK CIJAMBE ,
001573,ME-O CAN 400 GR,0 PCS,,0 PCS,,0 PCS,,0 PCS,,
001581,WHISKAS CAN ADULT 400 GR,0 PCS,0 PCS,,,0 PCS,,,,
002675,FURLOVE CAN ALS TUNA IN JELLY 380 GR,,,,,,,,,
002676,FURLOVE CAN ALS SALMON & CHICKEN IN JELLY 380G,0 PCS,,,,,0 PCS,,,
002679,FURLOVE CAN ALS CHICKEN IN JELLY 380 GR,0 PCS,,,,3 PCS,,,,
002683,ME-O CAN KITTEN TUNA 400 GR,0 PCS,5 PCS,,,4 PCS,,2 PCS,,
002684,ME-O CAN ADULT TUNA 400 GR,,5 PCS,,,,,0 PCS,,
002697,LIFE CAT CAN ADULT TUNA 400 GR,9 PCS,9 PCS,,,8 PCS,8 PCS,11 PCS,,
002698,LIFE CAT CAN ADULT CHICKEN SALMON 400 GR,11 PCS,12 PCS,13 PCS,3 PCS,13 PCS,7 PCS,9 PCS,2 PCS,
002699,LIFE CAT CAN KITTEN SALMON 400 GR,0 PCS,7 PCS,0 PCS,,13 PCS,0 PCS,12 PCS,2 PCS,
002700,LIFE CAT CAN KITTEN TUNA 400 GR,10 PCS,9 PCS,5 PCS,5 PCS,10 PCS,9 PCS,14 PCS,0 PCS,
002703,LIFE CAT CAN ADULT CHICKEN SALMON 400 GR,,0 PCS,,,,,0 PCS,,
002704,LIFE CAT CAN PLUS WHOLE FISH 400 GR,,3 PCS,,,3 PCS,0 PCS,,,
002713,FURLOVE CAN TUNA WHITEFISH 380GR,,,,,,,,,
002714,CRYSTAL KITTY TUNA 400 GR,0 PCS,0 PCS,,,,0 PCS,,,
,,,,,Bee Accounting,,,,,,,,
,15/09/2026,,,,,,,,
Kode Item,Nama Item,ALFA 1 (C),ALFA 3 (C),ALFA 4 (C),ALFA 5 (C),ALFA 6 (C),ASBER 1 (C),ASBER 2 (C),BK CIJAMBE ,
TOTAL,30.00,50.00,18.00,8.00,54.00,24.00,48.00,4.00,
Kode Item,Nama Item,BK JH1 ,BK JH2 (C),BK5 CIGER ,BK6 ,BK7 ,BK8 BAKSAR ,BK9 BAKSAR ,BUNISARI ,
001573,ME-O CAN 400 GR,,,,,,,,0 PCS,
001581,WHISKAS CAN ADULT 400 GR,,,,,,,,0 PCS,
002675,FURLOVE CAN ALS TUNA IN JELLY 380 GR,,,5 PCS,,0 PCS,,,,
002676,FURLOVE CAN ALS SALMON & CHICKEN IN JELLY 380G,,4 PCS,3 PCS,,1 PCS,,,,
002679,FURLOVE CAN ALS CHICKEN IN JELLY 380 GR,,,0 PCS,,0 PCS,,,,
002683,ME-O CAN KITTEN TUNA 400 GR,,,,,,,,,
002684,ME-O CAN ADULT TUNA 400 GR,,,,,,,,,
002697,LIFE CAT CAN ADULT TUNA 400 GR,7 PCS,,5 PCS,3 PCS,5 PCS,,3 PCS,,
002698,LIFE CAT CAN ADULT CHICKEN SALMON 400 GR,6 PCS,,14 PCS,5 PCS,8 PCS,3 PCS,0 PCS,,
002699,LIFE CAT CAN KITTEN SALMON 400 GR,8 PCS,,5 PCS,,9 PCS,2 PCS,1 PCS,,
002700,LIFE CAT CAN KITTEN TUNA 400 GR,5 PCS,,6 PCS,,3 PCS,,1 PCS,0 PCS,
002703,LIFE CAT CAN ADULT CHICKEN SALMON 400 GR,,,,,,,,,
002704,LIFE CAT CAN PLUS WHOLE FISH 400 GR,,,,,,,,,
002713,FURLOVE CAN TUNA WHITEFISH 380GR,,,,,3 PCS,,,,
002714,CRYSTAL KITTY TUNA 400 GR,,4 PCS,,0 PCS,,,,,
TOTAL,26.00,8.00,38.00,8.00,29.00,5.00,5.00,0.00,
Kode Item,Nama Item,CICUKANG ,CIHAURKUK,CIKADUT 2,CIPAGALO ,CIPOREAT,CISA (C),CK (C),CL 1 ,
001573,ME-O CAN 400 GR,,,,,,,0 PCS,,
001581,WHISKAS CAN ADULT 400 GR,,,,,,,0 PCS,,
002675,FURLOVE CAN ALS TUNA IN JELLY 380 GR,,,1 PCS,,,,,,
002676,FURLOVE CAN ALS SALMON & CHICKEN IN JELLY 380G,,,,,,,2 PCS,,
002679,FURLOVE CAN ALS CHICKEN IN JELLY 380 GR,,,,,,,0 PCS,,
002683,ME-O CAN KITTEN TUNA 400 GR,,,,,4 PCS,,3 PCS,,
002684,ME-O CAN ADULT TUNA 400 GR,,,,,3 PCS,,6 PCS,,
,,,,Bee Accounting,,,,,,,,
,15/09/2026,,,,,,,
Kode Item,Nama Item,CICUKANG ,CIHAURKUK,CIKADUT 2,CIPAGALO ,CIPOREAT,CISA (C),CK (C),CL 1 ,
002697,LIFE CAT CAN ADULT TUNA 400 GR,6 PCS,4 PCS,2 PCS,7 PCS,,3 PCS,2 PCS,4 PCS,
002698,LIFE CAT CAN ADULT CHICKEN SALMON 400 GR,5 PCS,5 PCS,7 PCS,8 PCS,0 PCS,4 PCS,8 PCS,5 PCS,
002699,LIFE CAT CAN KITTEN SALMON 400 GR,8 PCS,2 PCS,9 PCS,8 PCS,6 PCS,,7 PCS,7 PCS,
002700,LIFE CAT CAN KITTEN TUNA 400 GR,,0 PCS,3 PCS,4 PCS,1 PCS,7 PCS,,,
002703,LIFE CAT CAN ADULT CHICKEN SALMON 400 GR,1 PCS,,,,,,,,
002704,LIFE CAT CAN PLUS WHOLE FISH 400 GR,,,,,,,,,
002713,FURLOVE CAN TUNA WHITEFISH 380GR,,,,,,,1 PCS,,
002714,CRYSTAL KITTY TUNA 400 GR,3 PCS,,7 PCS,,,,4 PCS,,
TOTAL,23.00,11.00,29.00,27.00,14.00,14.00,33.00,16.00,
Kode Item,Nama Item,CL 2 ,CL 3 ,DM (C),Gudang,PC 3 (A),PC 5 (C),PD 1 (C),SA (C),
001573,ME-O CAN 400 GR,,,0 PCS,0 PCS,,0 PCS,,0 PCS,
001581,WHISKAS CAN ADULT 400 GR,,,0 PCS,0 PCS,,0 PCS,,0 PCS,
002675,FURLOVE CAN ALS TUNA IN JELLY 380 GR,,,,,,0 PCS,,0 PCS,
002676,FURLOVE CAN ALS SALMON & CHICKEN IN JELLY 380G,,,,,,0 PCS,,0 PCS,
002679,FURLOVE CAN ALS CHICKEN IN JELLY 380 GR,,,,,,1 PCS,,0 PCS,
002683,ME-O CAN KITTEN TUNA 400 GR,,,,0 PCS,,1 PCS,,1 PCS,
002684,ME-O CAN ADULT TUNA 400 GR,,,,0 PCS,,0 PCS,,1 PCS,
002697,LIFE CAT CAN ADULT TUNA 400 GR,8 PCS,,6 PCS,,4 PCS,6 PCS,0 PCS,7 PCS,
002698,LIFE CAT CAN ADULT CHICKEN SALMON 400 GR,5 PCS,4 PCS,7 PCS,,7 PCS,6 PCS,3 PCS,8 PCS,
002699,LIFE CAT CAN KITTEN SALMON 400 GR,1 PCS,,7 PCS,,5 PCS,11 PCS,7 PCS,3 PCS,
002700,LIFE CAT CAN KITTEN TUNA 400 GR,8 PCS,,6 PCS,,4 PCS,8 PCS,,10 PCS,
002703,LIFE CAT CAN ADULT CHICKEN SALMON 400 GR,,,,,,,,,
002704,LIFE CAT CAN PLUS WHOLE FISH 400 GR,2 PCS,,,,,,,,
002713,FURLOVE CAN TUNA WHITEFISH 380GR,,,,,,,,0 PCS,
002714,CRYSTAL KITTY TUNA 400 GR,0 PCS,,,,,,,0 PCS,
TOTAL,24.00,4.00,26.00,0.00,20.00,33.00,10.00,30.00,
,,,,Bee Accounting,,,,,,,,
,15/09/2026,,,,,,,
Kode Item,Nama Item,SS (C),TOTAL,,,,,,,,
001573,ME-O CAN 400 GR,,0 PCS,,,,,,,,
001581,WHISKAS CAN ADULT 400 GR,,0 PCS,,,,,,,,
002675,FURLOVE CAN ALS TUNA IN JELLY 380 GR,,6 PCS,,,,,,,,
002676,FURLOVE CAN ALS SALMON & CHICKEN IN JELLY 380G,,10 PCS,,,,,,,,
002679,FURLOVE CAN ALS CHICKEN IN JELLY 380 GR,,4 PCS,,,,,,,,
002683,ME-O CAN KITTEN TUNA 400 GR,,20 PCS,,,,,,,,
002684,ME-O CAN ADULT TUNA 400 GR,,15 PCS,,,,,,,,
002697,LIFE CAT CAN ADULT TUNA 400 GR,,127 PCS,,,,,,,,
002698,LIFE CAT CAN ADULT CHICKEN SALMON 400 GR,1 PCS,189 PCS,,,,,,,,
002699,LIFE CAT CAN KITTEN SALMON 400 GR,4 PCS,144 PCS,,,,,,,,
002700,LIFE CAT CAN KITTEN TUNA 400 GR,,128 PCS,,,,,,,,
002703,LIFE CAT CAN ADULT CHICKEN SALMON 400 GR,,1 PCS,,,,,,,,
002704,LIFE CAT CAN PLUS WHOLE FISH 400 GR,,8 PCS,,,,,,,,
002713,FURLOVE CAN TUNA WHITEFISH 380GR,,4 PCS,,,,,,,,
002714,CRYSTAL KITTY TUNA 400 GR,,18 PCS,,,,,,,,
TOTAL,5.00,674.00,,,,,,,,
,Merk,Model,,,,,,,,,
,< kosong >,KARUNG 20 KG,,,,,,,,,
Kode Item,Nama Item,BK5 CIGER ,PETSHOP,TOTAL,,,,,,,
002653,LIFE CAT DRY 20 KG,0 PCS,0 PCS,0 PCS,,,,,,,
TOTAL,0.00,0.00,0.00,,,,,,,
,Merk,Model,,,,,,,,,
,< kosong >,PASIR,,,,,,,,,
Kode Item,Nama Item,ALFA 1 (C),ALFA 3 (C),ALFA 4 (C),ALFA 5 (C),ALFA 6 (C),ALFA 7 ,ASBER 1 (C),ASBER 2 (C),
001198,PASIR LOVIE CAT 10L,0 PCS,,,,,,,,
001200,PASIR TOP 25 L,,,,,,,,,
001940,PASIR WANGI FORTUNE 25 L,0 PCS,,,1 PCS,,,,,
002019,PASIR FORCATS 5 L,5 PCS,12 PCS,0 PCS,7 PCS,7 PCS,,8 PCS,3 PCS,
002656,PASIR WANGI CUB N KIT 5L,,0 PCS,0 PCS,0 PCS,0 PCS,,,,
,,,,,Bee Accounting,,,,,,,,
,15/09/2026,,,,,,,,
Kode Item,Nama Item,ALFA 1 (C),ALFA 3 (C),ALFA 4 (C),ALFA 5 (C),ALFA 6 (C),ALFA 7 ,ASBER 1 (C),ASBER 2 (C),
002657,PASIR IMPORT 10L LUMINA,0 PCS,12 PCS,1 PCS,,0 PCS,,0 PCS,0 PCS,
002670,PASIR IMPORT 5L LUMINA,0 PCS,0 PCS,0 PCS,1 PCS,0 PCS,6 PCS,0 PCS,0 PCS,
002677,PASIR MAXLIFE 10L,4 PCS,0 PCS,2 PCS,,0 PCS,,,0 PCS,
002695,PASIR TOTO 10L,,,,,,,,,
002696,PASIR TOTO 5L,,,,,,,,,
002711,PASIR IMPORT LUMINA 5L,,,,,,,,,
TOTAL,9.00,24.00,3.00,9.00,7.00,6.00,8.00,3.00,
Kode Item,Nama Item,BK CIJAMBE ,BK JH1 ,BK JH2 (C),BK5 CIGER ,BK6 ,BK7 ,BK8 BAKSAR ,BK9 BAKSAR ,
001198,PASIR LOVIE CAT 10L,,,,,,,,,
001200,PASIR TOP 25 L,,,,,,,,,
001940,PASIR WANGI FORTUNE 25 L,,,,,,,,,
002019,PASIR FORCATS 5 L,5 PCS,,4 PCS,4 PCS,,8 PCS,4 PCS,3 PCS,
002656,PASIR WANGI CUB N KIT 5L,,,,,,,,,
002657,PASIR IMPORT 10L LUMINA,,3 PCS,,0 PCS,,,3 PCS,3 PCS,
002670,PASIR IMPORT 5L LUMINA,0 PCS,0 PCS,4 PCS,0 PCS,2 PCS,0 PCS,0 PCS,2 PCS,
002677,PASIR MAXLIFE 10L,,,,,,2 PCS,,,
002695,PASIR TOTO 10L,,,,0 PCS,,,,,
002696,PASIR TOTO 5L,,,,0 PCS,,,,,
002711,PASIR IMPORT LUMINA 5L,,,,,,,,,
TOTAL,5.00,3.00,8.00,4.00,2.00,10.00,7.00,8.00,
Kode Item,Nama Item,BKC ,BUNISARI ,CICUKANG ,CIHAURKUK,CIKADUT 2,CIPADUNG 2 ,CIPAGALO ,CIPOREAT,
001198,PASIR LOVIE CAT 10L,,,,,,,,,
001200,PASIR TOP 25 L,,,,,,,,,
001940,PASIR WANGI FORTUNE 25 L,,0 PCS,,,,,,,
002019,PASIR FORCATS 5 L,,,4 PCS,1 PCS,4 PCS,,0 PCS,5 PCS,
002656,PASIR WANGI CUB N KIT 5L,,,,,,,,,
002657,PASIR IMPORT 10L LUMINA,,,3 PCS,,0 PCS,,0 PCS,,
002670,PASIR IMPORT 5L LUMINA,2 PCS,,0 PCS,1 PCS,0 PCS,2 PCS,0 PCS,1 PCS,
002677,PASIR MAXLIFE 10L,,,,2 PCS,3 PCS,,0 PCS,,
002695,PASIR TOTO 10L,,,,,,,,,
002696,PASIR TOTO 5L,,,,,,,,,
002711,PASIR IMPORT LUMINA 5L,,,,,,,,,
TOTAL,2.00,0.00,7.00,4.00,7.00,2.00,0.00,6.00,
,,,,Bee Accounting,,,,,,,,
,15/09/2026,,,,,,,
Kode Item,Nama Item,CISA (C),CK (C),CL 1 ,CL 2 ,CL 3 ,DM (C),Gudang,PC 3 (A),
001198,PASIR LOVIE CAT 10L,,,,,,0 PCS,0 PCS,0 PCS,
001200,PASIR TOP 25 L,,,,,,1 PCS,0 PCS,,
001940,PASIR WANGI FORTUNE 25 L,,,,,,0 PCS,0 PCS,,
002019,PASIR FORCATS 5 L,8 PCS,3 PCS,,5 PCS,1 PCS,4 PCS,0 PCS,0 PCS,
002656,PASIR WANGI CUB N KIT 5L,,,,,,,,,
002657,PASIR IMPORT 10L LUMINA,,1 PCS,,3 PCS,0 PCS,,,4 PCS,
002670,PASIR IMPORT 5L LUMINA,0 PCS,0 PCS,7 PCS,0 PCS,0 PCS,0 PCS,,0 PCS,
002677,PASIR MAXLIFE 10L,,2 PCS,,2 PCS,,,,,
002695,PASIR TOTO 10L,,,,,,,,,
002696,PASIR TOTO 5L,,,,,,,,,
002711,PASIR IMPORT LUMINA 5L,,,,,,,,3 PCS,
TOTAL,8.00,6.00,7.00,10.00,1.00,5.00,0.00,7.00,
Kode Item,Nama Item,PC 5 (C),PD 1 (C),SA (C),SS (C),TOTAL,,,,,
001198,PASIR LOVIE CAT 10L,0 PCS,0 PCS,0 PCS,,0 PCS,,,,,
001200,PASIR TOP 25 L,,,,,1 PCS,,,,,
001940,PASIR WANGI FORTUNE 25 L,0 PCS,,,,1 PCS,,,,,
002019,PASIR FORCATS 5 L,5 PCS,3 PCS,8 PCS,,121 PCS,,,,,
002656,PASIR WANGI CUB N KIT 5L,,,0 PCS,,0 PCS,,,,,
002657,PASIR IMPORT 10L LUMINA,0 PCS,,2 PCS,,35 PCS,,,,,
002670,PASIR IMPORT 5L LUMINA,0 PCS,0 PCS,0 PCS,5 PCS,33 PCS,,,,,
002677,PASIR MAXLIFE 10L,,3 PCS,,,20 PCS,,,,,
002695,PASIR TOTO 10L,,,,,0 PCS,,,,,
002696,PASIR TOTO 5L,,,,,0 PCS,,,,,
002711,PASIR IMPORT LUMINA 5L,,,,,3 PCS,,,,,
TOTAL,5.00,6.00,10.00,5.00,214.00,,,,,
,Merk,Model,,,,,,,,,
,< kosong >,< kosong >,,,,,,,,,
Kode Item,Nama Item,ALFA 1 (C),ALFA 3 (C),ALFA 4 (C),ALFA 5 (C),ALFA 6 (C),ALFA 7 ,ASBER 1 (C),ASBER 2 (C),
001175,BIOPRO PENGHILANG BAU,1 PCS,,,,,,,,
001176,ACC KALUNG KUCING,,,,,,,,,
001177,ACC KANDANG HAMSTER HC65,1 PCS,,,,,,,,
001178,ACC KANDANG RIO KECIL,1 PCS,,,,1 PCS,,,,
001180,ACC CARGO,,,,,,,,,
001187,ACC GUNTING KUKU KUCING,3 PCS,,,,8 PCS,,,,
,,,,,Bee Accounting,,,,,,,,
,15/09/2026,,,,,,,,
Kode Item,Nama Item,ALFA 1 (C),ALFA 3 (C),ALFA 4 (C),ALFA 5 (C),ALFA 6 (C),ALFA 7 ,ASBER 1 (C),ASBER 2 (C),
001193,ACC MAINAN TANGKAI,1 PCS,,,,0 PCS,,,,
001197,OBAT METRONIDAZOLE DIARHEA,,,,,,,,,
001203,ACC SEROK CUTE,,,1 PCS,,,,,,
001204,ACC SHAMPO KUCING QUEENIE,,,,,,,,,
001205,ACC SISIR KUTU KUCING,1 PCS,1 PCS,,4 PCS,,,,,
001206,ACC TEMPAT MAKAN SINGLE,,,,,,,,,
001236,SALEP DARMA,3 PCS,,4 PCS,,2 PCS,,,,
001237,SALEP SCABIES,1 PCS,,,,,,,,
001238,ACC SEROK KEPALA KUCING,,0 PCS,,,4 PCS,,,,
001577,SUSU GROWSSY,10 PCS,10 PCS,9 PCS,10 PCS,0 PCS,,0 PCS,14 PCS,
001578,ACC TEMPAT MAKAN DOUBLE,1 PCS,0 PCS,,2 PCS,3 PCS,,,,
001830,ACC KANDANG KUCING LIAR 60CM,1 PCS,,,,,,,,
001831,ACC SANGKAR BURUNG BAMBU WARNA,2 PCS,,,,,,,,
001938,ACC KANDANG KUCING,0 PCS,,,1 PCS,,,,,
001939,ACC KANDANG KUCING 40X60,0 PCS,,3 PCS,1 PCS,,,,,
001941,ACC TEMPAT PASIR KECIL,0 PCS,0 PCS,,1 PCS,1 PCS,,,,
002231,HEALTY EYES,,,,,,,,,
002232,MINYAK IKAN 15 BUTIR,,0 PCS,,,,,,,
002578,PASIR MAXLIFE 5L,0 PCS,0 PCS,0 PCS,,0 PCS,,0 PCS,0 PCS,
002666,UNDERPAD UNIPET 60*90,,,,,,,,,
002667,TAKARI 100 GR MIX,,,,,,,,,
002678,LIEBAO SNACK,52 PCS,94 PCS,60 PCS,34 PCS,42 PCS,36 PCS,60 PCS,19 PCS,
002685,PASIR KUCINGKU 10L,0 PCS,0 PCS,,,0 PCS,,0 PCS,,
002701,PASIR MIGOO 5L,,0 PCS,0 PCS,,0 PCS,,,,
002720,FURLOVE CAN CRAB 380 GR,4 PCS,,,,4 PCS,,,,
002721,ACC KALUNG PITA,,,,,,,,,
002722,PASIR FORCATS 10 L,0 PCS,0 PCS,0 PCS,,,,,0 PCS,
002724,ME-O POUCH KITTEN TUNA 80 GR,,,1 PCS,,,,,,
002725,ME-O CAN SEAFOOD 400 GR,,0 PCS,6 PCS,,0 PCS,,,,
002726,CUTIES 1 KG TUNA,2 PCS,2 PCS,,,,,,,
002727,ME-O POUCH ADULT TUNA 80 GR,,,,,,,,,
002730,MISTER PUSS TUNA 500 GR,4 PCS,6 PCS,7 PCS,,8 PCS,,9 PCS,8 PCS,
002731,MISTER PUSS SALMON 500 GR,10 PCS,8 PCS,3 PCS,,8 PCS,,10 PCS,11 PCS,
,,,,Bee Accounting,,,,,,,,
,15/09/2026,,,,,,,
Kode Item,Nama Item,ALFA 1 (C),ALFA 3 (C),ALFA 4 (C),ALFA 5 (C),ALFA 6 (C),ALFA 7 ,ASBER 1 (C),ASBER 2 (C),
002732,WHISKAS CAN ADULT TUNA 400 GR,4 PCS,12 PCS,,,7 PCS,,0 PCS,,
002733,CHESTER 1 KG,,,,4 PCS,,,,,
002735,ME-O CAN SARDINE SALMON 400 GR,0 PCS,2 PCS,,,,,,,
002736,LIFE CAT CAN PLUS TUNA W MACKAREL 400 GR,,4 PCS,,,,,0 PCS,3 PCS,
002756,CRYSTAL KITTY TUNA CHICKEN 400 GR,,5 PCS,,,4 PCS,,,,
002757,CRYSTAL KITTY CHICKEN SALMON 400 GR,5 PCS,,,,,,5 PCS,,
002758,ORI CAT POUCH 80 GR PURE TUNA,,9 PCS,,,,,,,
002759,ORI CAT POUCH 80 GR TUNA & CHICKEN,,,,,,,,,
002760,ORI CAT KALENG OCEAN FISH 400 GR,5 PCS,4 PCS,,,,,4 PCS,,
002761,ORI CAT KALENG PURE TUNA 400 GR,5 PCS,0 PCS,,,,,0 PCS,,
002762,ME-O POUCH 80 GR TUNA CHICKEN,,,,,,,,,
002763,ORI CAT KALENG TUNA & SHRIMP 400 GR,,0 PCS,,,,,,,
002764,ORI CAT KALENG TUNA FISH EGG 400 GR,5 PCS,10 PCS,,,,,1 PCS,,
002766,TIPTOP CREAMY TUNA,4 PCS,0 PCS,0 PCS,0 PCS,0 PCS,12 PCS,0 PCS,0 PCS,
002767,PASIR ROYAL PUSS 5L,,0 PCS,,0 PCS,,,0 PCS,,
002897,WHISKAS POUCH TASTY MIX 85 GR,,,,,,,,,
002898,LUMINA CAN TUNA & CHICKEN,,,,,,,0 PCS,,
002917,YUKI CAT CREAMY 15 GR,,0 PCS,,,0 PCS,,,,
002918,PASIR TOP 5L,,0 PCS,,,,,,,
002928,PASIR CRYSTAL KITTY 5L,0 PCS,0 PCS,0 PCS,,0 PCS,,0 PCS,0 PCS,
002929,MRVET CAT TREATS 15GR,,,,,,,,,
002930,PASIR CRYSTAL KITTY 10L,0 PCS,1 PCS,,,0 PCS,,0 PCS,2 PCS,
002945,PASIR TOP 10L,,6 PCS,,,,,,1 PCS,
002946,CRYSTAL KITTY OCEAN FISH 400 GR,5 PCS,,,,,,,,
002947,LUMINA POUCH TUNA & CHICKEN,,,,,,,12 PCS,,
002948,LUMINA POUCH TUNA,,,,,,,8 PCS,,
002954,CRYSTAL KITTY HAIR AND SKIN 400GR,10 PCS,4 PCS,,,,,5 PCS,,
,,,,Bee Accounting,,,,,,,,
,15/09/2026,,,,,,,
Kode Item,Nama Item,ALFA 1 (C),ALFA 3 (C),ALFA 4 (C),ALFA 5 (C),ALFA 6 (C),ALFA 7 ,ASBER 1 (C),ASBER 2 (C),
002959,LIFE CAT CAN PLUS TUNA 400 GR,,,,,,,,,
TOTAL,141.00,178.00,94.00,57.00,92.00,48.00,114.00,58.00,
Kode Item,Nama Item,BK CIJAMBE ,BK JH1 ,BK JH2 (C),BK5 CIGER ,BK6 ,BK7 ,BK8 BAKSAR ,BK9 BAKSAR ,
001175,BIOPRO PENGHILANG BAU,,,,,,,,,
001176,ACC KALUNG KUCING,,,,,,,,,
001177,ACC KANDANG HAMSTER HC65,,,,,,,,,
001178,ACC KANDANG RIO KECIL,,,,,,,,,
001180,ACC CARGO,,,,,,,,,
001187,ACC GUNTING KUKU KUCING,,,,,,,,,
001193,ACC MAINAN TANGKAI,,,,,,,,,
001197,OBAT METRONIDAZOLE DIARHEA,,,,,,,,,
001203,ACC SEROK CUTE,,,,,,,,,
001204,ACC SHAMPO KUCING QUEENIE,,,,,,,,,
001205,ACC SISIR KUTU KUCING,,,,,,,,,
001206,ACC TEMPAT MAKAN SINGLE,,,,,,,,,
001236,SALEP DARMA,,,,,,,,,
001237,SALEP SCABIES,,,,,,,,,
001238,ACC SEROK KEPALA KUCING,,,,,,,,,
001577,SUSU GROWSSY,,,,0 PCS,12 PCS,,,,
001578,ACC TEMPAT MAKAN DOUBLE,,,,,,,,,
001830,ACC KANDANG KUCING LIAR 60CM,,,,,,,,,
001831,ACC SANGKAR BURUNG BAMBU WARNA,,,,,,,,,
001938,ACC KANDANG KUCING,,,,,,,,,
001939,ACC KANDANG KUCING 40X60,,,,,,,,,
001941,ACC TEMPAT PASIR KECIL,,,,,,,,,
002231,HEALTY EYES,,,,,,,,,
002232,MINYAK IKAN 15 BUTIR,,,,,,,,,
002578,PASIR MAXLIFE 5L,,2 PCS,,0 PCS,,0 PCS,,,
002666,UNDERPAD UNIPET 60*90,,,,21 PCS,,,,,
002667,TAKARI 100 GR MIX,,,,0 PCS,,,,,
002678,LIEBAO SNACK,16 PCS,31 PCS,35 PCS,19 PCS,57 PCS,125 PCS,20 PCS,0 PCS,
002685,PASIR KUCINGKU 10L,,,,0 PCS,,,,,
002701,PASIR MIGOO 5L,,,,,,,,,
,,,,Bee Accounting,,,,,,,,
,15/09/2026,,,,,,,
Kode Item,Nama Item,BK CIJAMBE ,BK JH1 ,BK JH2 (C),BK5 CIGER ,BK6 ,BK7 ,BK8 BAKSAR ,BK9 BAKSAR ,
002720,FURLOVE CAN CRAB 380 GR,,,,,,10 PCS,,,
002721,ACC KALUNG PITA,,,,,,,,,
002722,PASIR FORCATS 10 L,,,,,,2 PCS,,,
002724,ME-O POUCH KITTEN TUNA 80 GR,,,,,,,,,
002725,ME-O CAN SEAFOOD 400 GR,,,,,,,,,
002726,CUTIES 1 KG TUNA,,,,0 PCS,,5 PCS,,,
002727,ME-O POUCH ADULT TUNA 80 GR,,,,,,,,,
002730,MISTER PUSS TUNA 500 GR,11 PCS,10 PCS,,10 PCS,,,,9 PCS,
002731,MISTER PUSS SALMON 500 GR,5 PCS,10 PCS,,9 PCS,,,,8 PCS,
002732,WHISKAS CAN ADULT TUNA 400 GR,,,,,,,,,
002733,CHESTER 1 KG,,,,0 PCS,,,,,
002735,ME-O CAN SARDINE SALMON 400 GR,,,,,,,,,
002736,LIFE CAT CAN PLUS TUNA W MACKAREL 400 GR,,0 PCS,,3 PCS,5 PCS,,,,
002756,CRYSTAL KITTY TUNA CHICKEN 400 GR,,,2 PCS,,,,,,
002757,CRYSTAL KITTY CHICKEN SALMON 400 GR,,,,,,2 PCS,,,
002758,ORI CAT POUCH 80 GR PURE TUNA,,,,,,,,,
002759,ORI CAT POUCH 80 GR TUNA & CHICKEN,,,,,,,,,
002760,ORI CAT KALENG OCEAN FISH 400 GR,,,,,,,5 PCS,,
002761,ORI CAT KALENG PURE TUNA 400 GR,,,,,,,4 PCS,,
002762,ME-O POUCH 80 GR TUNA CHICKEN,,,,,,,,,
002763,ORI CAT KALENG TUNA & SHRIMP 400 GR,,,,,,,,,
002764,ORI CAT KALENG TUNA FISH EGG 400 GR,,,,,4 PCS,,,,
002766,TIPTOP CREAMY TUNA,0 PCS,0 PCS,0 PCS,3 PCS,0 PCS,0 PCS,0 PCS,0 PCS,
002767,PASIR ROYAL PUSS 5L,,,,,,,,,
002897,WHISKAS POUCH TASTY MIX 85 GR,,,,,,,,14 PCS,
002898,LUMINA CAN TUNA & CHICKEN,,,,,,,,,
002917,YUKI CAT CREAMY 15 GR,0 PCS,,0 PCS,,,0 PCS,,,
002918,PASIR TOP 5L,0 PCS,,,0 PCS,,0 PCS,,,
,,,,Bee Accounting,,,,,,,,
,15/09/2026,,,,,,,
Kode Item,Nama Item,BK CIJAMBE ,BK JH1 ,BK JH2 (C),BK5 CIGER ,BK6 ,BK7 ,BK8 BAKSAR ,BK9 BAKSAR ,
002928,PASIR CRYSTAL KITTY 5L,,3 PCS,,,,,,,
002929,MRVET CAT TREATS 15GR,,,,,,19 PCS,,,
002930,PASIR CRYSTAL KITTY 10L,,,,,,,,,
002945,PASIR TOP 10L,2 PCS,,,,,,,,
002946,CRYSTAL KITTY OCEAN FISH 400 GR,,4 PCS,,,,5 PCS,,,
002947,LUMINA POUCH TUNA & CHICKEN,,,,,,,,,
002948,LUMINA POUCH TUNA,,,,,,,,,
002954,CRYSTAL KITTY HAIR AND SKIN 400GR,,3 PCS,,,,4 PCS,,,
002959,LIFE CAT CAN PLUS TUNA 400 GR,,,,,,,,,
TOTAL,34.00,63.00,37.00,65.00,78.00,172.00,29.00,31.00,
Kode Item,Nama Item,BKC ,BUNISARI ,CICUKANG ,CIHAURKUK,CIKADUT 2,CIPADUNG 2 ,CIPAGALO ,CIPOREAT,
001175,BIOPRO PENGHILANG BAU,,,,,,,,,
001176,ACC KALUNG KUCING,,,,,,,,,
001177,ACC KANDANG HAMSTER HC65,,,,,,,,,
001178,ACC KANDANG RIO KECIL,,,,,,,,,
001180,ACC CARGO,,,,,,,,,
001187,ACC GUNTING KUKU KUCING,,,,,,,,,
001193,ACC MAINAN TANGKAI,,,,,,,,,
001197,OBAT METRONIDAZOLE DIARHEA,,,,,,,,,
001203,ACC SEROK CUTE,,,,,,,,,
001204,ACC SHAMPO KUCING QUEENIE,,,,,,,,,
001205,ACC SISIR KUTU KUCING,,,,,,,,,
001206,ACC TEMPAT MAKAN SINGLE,,,,,,,,,
001236,SALEP DARMA,,,,,,,,,
001237,SALEP SCABIES,,,,,,,,,
001238,ACC SEROK KEPALA KUCING,,,,,,,,,
001577,SUSU GROWSSY,,0 PCS,13 PCS,9 PCS,12 PCS,,5 PCS,,
001578,ACC TEMPAT MAKAN DOUBLE,,0 PCS,,,,,,,
001830,ACC KANDANG KUCING LIAR 60CM,,0 PCS,,,,,,,
001831,ACC SANGKAR BURUNG BAMBU WARNA,,0 PCS,,,,,,,
001938,ACC KANDANG KUCING,,0 PCS,,,,,,,
001939,ACC KANDANG KUCING 40X60,,0 PCS,,,,,,,
,,,,Bee Accounting,,,,,,,,
,15/09/2026,,,,,,,
Kode Item,Nama Item,BKC ,BUNISARI ,CICUKANG ,CIHAURKUK,CIKADUT 2,CIPADUNG 2 ,CIPAGALO ,CIPOREAT,
001941,ACC TEMPAT PASIR KECIL,,0 PCS,,,,,,,
002231,HEALTY EYES,,,,,,,,,
002232,MINYAK IKAN 15 BUTIR,,,,,,,,,
002578,PASIR MAXLIFE 5L,,,0 PCS,,0 PCS,,0 PCS,,
002666,UNDERPAD UNIPET 60*90,,,,,,,,,
002667,TAKARI 100 GR MIX,,,,,,,,,
002678,LIEBAO SNACK,14 PCS,,37 PCS,20 PCS,16 PCS,25 PCS,40 PCS,37 PCS,
002685,PASIR KUCINGKU 10L,,,,,,,,,
002701,PASIR MIGOO 5L,,,,,,,,,
002720,FURLOVE CAN CRAB 380 GR,,,,,,,,,
002721,ACC KALUNG PITA,,,,,,,,,
002722,PASIR FORCATS 10 L,,,,,,,0 PCS,,
002724,ME-O POUCH KITTEN TUNA 80 GR,,,,,,,,,
002725,ME-O CAN SEAFOOD 400 GR,,,,,,,,7 PCS,
002726,CUTIES 1 KG TUNA,,,2 PCS,,,,4 PCS,,
002727,ME-O POUCH ADULT TUNA 80 GR,,,,,,,,,
002730,MISTER PUSS TUNA 500 GR,,,8 PCS,,14 PCS,,5 PCS,10 PCS,
002731,MISTER PUSS SALMON 500 GR,,,6 PCS,,12 PCS,,4 PCS,14 PCS,
002732,WHISKAS CAN ADULT TUNA 400 GR,,,,,,,,,
002733,CHESTER 1 KG,,,,,,,,,
002735,ME-O CAN SARDINE SALMON 400 GR,,,,,,,,,
002736,LIFE CAT CAN PLUS TUNA W MACKAREL 400 GR,,,,,,,,,
002756,CRYSTAL KITTY TUNA CHICKEN 400 GR,,,0 PCS,,3 PCS,,,,
002757,CRYSTAL KITTY CHICKEN SALMON 400 GR,,,0 PCS,,,,0 PCS,,
002758,ORI CAT POUCH 80 GR PURE TUNA,,,2 PCS,,,,,,
002759,ORI CAT POUCH 80 GR TUNA & CHICKEN,,,0 PCS,,,,,,
002760,ORI CAT KALENG OCEAN FISH 400 GR,,,4 PCS,,4 PCS,,,,
002761,ORI CAT KALENG PURE TUNA 400 GR,,,4 PCS,,1 PCS,,4 PCS,,
002762,ME-O POUCH 80 GR TUNA CHICKEN,,,12 PCS,,,,,,
,,,,Bee Accounting,,,,,,,,
,15/09/2026,,,,,,,
Kode Item,Nama Item,BKC ,BUNISARI ,CICUKANG ,CIHAURKUK,CIKADUT 2,CIPADUNG 2 ,CIPAGALO ,CIPOREAT,
002763,ORI CAT KALENG TUNA & SHRIMP 400 GR,,,,,,,,,
002764,ORI CAT KALENG TUNA FISH EGG 400 GR,,,,,,,,,
002766,TIPTOP CREAMY TUNA,0 PCS,,0 PCS,0 PCS,0 PCS,0 PCS,0 PCS,0 PCS,
002767,PASIR ROYAL PUSS 5L,,,,,,,,,
002897,WHISKAS POUCH TASTY MIX 85 GR,,,,,,,,,
002898,LUMINA CAN TUNA & CHICKEN,,,,,,,,,
002917,YUKI CAT CREAMY 15 GR,,,0 PCS,,,,,,
002918,PASIR TOP 5L,,,,,,,0 PCS,,
002928,PASIR CRYSTAL KITTY 5L,,,,,,,0 PCS,,
002929,MRVET CAT TREATS 15GR,,,,,,,,,
002930,PASIR CRYSTAL KITTY 10L,,,,,,,0 PCS,,
002945,PASIR TOP 10L,,,,,,,0 PCS,2 PCS,
002946,CRYSTAL KITTY OCEAN FISH 400 GR,,,,,,,,,
002947,LUMINA POUCH TUNA & CHICKEN,,,,,,,,,
002948,LUMINA POUCH TUNA,,,,,,,,,
002954,CRYSTAL KITTY HAIR AND SKIN 400GR,,,,,,,,,
002959,LIFE CAT CAN PLUS TUNA 400 GR,,,,,,,,5 PCS,
TOTAL,14.00,0.00,88.00,29.00,62.00,25.00,62.00,75.00,
Kode Item,Nama Item,CISA (C),CK (C),CL 1 ,CL 2 ,CL 3 ,DM (C),Gudang,PC 3 (A),
001175,BIOPRO PENGHILANG BAU,,,,,,2 PCS,0 PCS,,
001176,ACC KALUNG KUCING,,,,,,0 PCS,0 PCS,,
001177,ACC KANDANG HAMSTER HC65,,,,,,1 PCS,0 PCS,,
001178,ACC KANDANG RIO KECIL,,,,,,1 PCS,0 PCS,,
001180,ACC CARGO,,,,,,0 PCS,0 PCS,,
001187,ACC GUNTING KUKU KUCING,,,,,,3 PCS,0 PCS,,
001193,ACC MAINAN TANGKAI,,,,,,1 PCS,0 PCS,,
001197,OBAT METRONIDAZOLE DIARHEA,,,,,,2 PCS,0 PCS,,
001203,ACC SEROK CUTE,,,,,,1 PCS,0 PCS,,
001204,ACC SHAMPO KUCING QUEENIE,,,,,,1 PCS,0 PCS,,
001205,ACC SISIR KUTU KUCING,,,,,,4 PCS,0 PCS,,
001206,ACC TEMPAT MAKAN SINGLE,,,,,,1 PCS,0 PCS,,
,,,,Bee Accounting,,,,,,,,
,15/09/2026,,,,,,,
Kode Item,Nama Item,CISA (C),CK (C),CL 1 ,CL 2 ,CL 3 ,DM (C),Gudang,PC 3 (A),
001236,SALEP DARMA,,,,,,4 PCS,0 PCS,,
001237,SALEP SCABIES,,,,,,3 PCS,0 PCS,,
001238,ACC SEROK KEPALA KUCING,,,,,,4 PCS,0 PCS,,
001577,SUSU GROWSSY,,16 PCS,14 PCS,,,0 PCS,0 PCS,1 PCS,
001578,ACC TEMPAT MAKAN DOUBLE,,,,,,0 PCS,0 PCS,,
001830,ACC KANDANG KUCING LIAR 60CM,,,,,,0 PCS,0 PCS,,
001831,ACC SANGKAR BURUNG BAMBU WARNA,,,,,,0 PCS,0 PCS,,
001938,ACC KANDANG KUCING,,,,,,0 PCS,0 PCS,,
001939,ACC KANDANG KUCING 40X60,,,,,,0 PCS,0 PCS,,
001941,ACC TEMPAT PASIR KECIL,,,,,,0 PCS,0 PCS,,
002231,HEALTY EYES,,,,,,,,,
002232,MINYAK IKAN 15 BUTIR,,,,,,,,,
002578,PASIR MAXLIFE 5L,0 PCS,0 PCS,,0 PCS,0 PCS,,,,
002666,UNDERPAD UNIPET 60*90,,,,,,,,,
002667,TAKARI 100 GR MIX,,,,,,,,,
002678,LIEBAO SNACK,35 PCS,91 PCS,55 PCS,45 PCS,13 PCS,43 PCS,0 PCS,26 PCS,
002685,PASIR KUCINGKU 10L,,,,,,,,,
002701,PASIR MIGOO 5L,,,,,,,,,
002720,FURLOVE CAN CRAB 380 GR,,12 PCS,,,,,0 PCS,,
002721,ACC KALUNG PITA,,,,,,,,,
002722,PASIR FORCATS 10 L,3 PCS,,,,,2 PCS,,2 PCS,
002724,ME-O POUCH KITTEN TUNA 80 GR,,,,,,,,,
002725,ME-O CAN SEAFOOD 400 GR,,4 PCS,,,,,,,
002726,CUTIES 1 KG TUNA,,,6 PCS,,,,,,
002727,ME-O POUCH ADULT TUNA 80 GR,,,,,,,,,
002730,MISTER PUSS TUNA 500 GR,6 PCS,,,,4 PCS,3 PCS,,5 PCS,
002731,MISTER PUSS SALMON 500 GR,6 PCS,,,,11 PCS,5 PCS,,9 PCS,
002732,WHISKAS CAN ADULT TUNA 400 GR,,5 PCS,,,,5 PCS,,,
002733,CHESTER 1 KG,,,,,,1 PCS,,,
002735,ME-O CAN SARDINE SALMON 400 GR,,5 PCS,,,,,,,
002736,LIFE CAT CAN PLUS TUNA W MACKAREL 400 GR,,,,,,,,,
,,,,Bee Accounting,,,,,,,,
,15/09/2026,,,,,,,
Kode Item,Nama Item,CISA (C),CK (C),CL 1 ,CL 2 ,CL 3 ,DM (C),Gudang,PC 3 (A),
002756,CRYSTAL KITTY TUNA CHICKEN 400 GR,,4 PCS,,,,,,,
002757,CRYSTAL KITTY CHICKEN SALMON 400 GR,,,,3 PCS,,,,5 PCS,
002758,ORI CAT POUCH 80 GR PURE TUNA,,,,,,,,,
002759,ORI CAT POUCH 80 GR TUNA & CHICKEN,,,,,,,,,
002760,ORI CAT KALENG OCEAN FISH 400 GR,,,,,,,,,
002761,ORI CAT KALENG PURE TUNA 400 GR,,2 PCS,,8 PCS,,,,4 PCS,
002762,ME-O POUCH 80 GR TUNA CHICKEN,,,,,,,,,
002763,ORI CAT KALENG TUNA & SHRIMP 400 GR,,,,4 PCS,,,,,
002764,ORI CAT KALENG TUNA FISH EGG 400 GR,,3 PCS,,,,,,,
002766,TIPTOP CREAMY TUNA,0 PCS,0 PCS,7 PCS,0 PCS,4 PCS,0 PCS,,0 PCS,
002767,PASIR ROYAL PUSS 5L,0 PCS,,,,,,,,
002897,WHISKAS POUCH TASTY MIX 85 GR,,,,,,,,,
002898,LUMINA CAN TUNA & CHICKEN,,,,,,,,,
002917,YUKI CAT CREAMY 15 GR,,,,,,0 PCS,,0 PCS,
002918,PASIR TOP 5L,,,,,,,,,
002928,PASIR CRYSTAL KITTY 5L,,,,0 PCS,,,,,
002929,MRVET CAT TREATS 15GR,,,,,,,,,
002930,PASIR CRYSTAL KITTY 10L,,,,,,,,,
002945,PASIR TOP 10L,,,,,0 PCS,,,,
002946,CRYSTAL KITTY OCEAN FISH 400 GR,,,,5 PCS,,,,3 PCS,
002947,LUMINA POUCH TUNA & CHICKEN,,,,,,,,,
002948,LUMINA POUCH TUNA,,,,,,,,,
002954,CRYSTAL KITTY HAIR AND SKIN 400GR,,,,,,,,,
002959,LIFE CAT CAN PLUS TUNA 400 GR,,,,,,,,,
TOTAL,50.00,142.00,82.00,65.00,32.00,87.00,0.00,55.00,
Kode Item,Nama Item,PC 5 (C),PD 1 (C),SA (C),SS (C),TOTAL,,,,,
001175,BIOPRO PENGHILANG BAU,1 PCS,,,,4 PCS,,,,,
001176,ACC KALUNG KUCING,0 PCS,,0 PCS,,0 PCS,,,,,
,,,,Bee Accounting,,,,,,,,
,15/09/2026,,,,,,,
Kode Item,Nama Item,PC 5 (C),PD 1 (C),SA (C),SS (C),TOTAL,,
001177,ACC KANDANG HAMSTER HC65,,,1 PCS,,3 PCS,,
001178,ACC KANDANG RIO KECIL,,,1 PCS,,4 PCS,,
001180,ACC CARGO,,1 PCS,,,1 PCS,,
001187,ACC GUNTING KUKU KUCING,,4 PCS,2 PCS,,20 PCS,,
001193,ACC MAINAN TANGKAI,,3 PCS,,,5 PCS,,
001197,OBAT METRONIDAZOLE DIARHEA,,,,,2 PCS,,
001203,ACC SEROK CUTE,,,,,2 PCS,,
001204,ACC SHAMPO KUCING QUEENIE,,1 PCS,,,2 PCS,,
001205,ACC SISIR KUTU KUCING,1 PCS,3 PCS,2 PCS,,16 PCS,,
001206,ACC TEMPAT MAKAN SINGLE,,,,,1 PCS,,
001236,SALEP DARMA,,1 PCS,4 PCS,,18 PCS,,
001237,SALEP SCABIES,,2 PCS,3 PCS,,9 PCS,,
001238,ACC SEROK KEPALA KUCING,,2 PCS,,,10 PCS,,
001577,SUSU GROWSSY,6 PCS,,12 PCS,,153 PCS,,
001578,ACC TEMPAT MAKAN DOUBLE,0 PCS,5 PCS,,,11 PCS,,
001830,ACC KANDANG KUCING LIAR 60CM,0 PCS,,1 PCS,,2 PCS,,
001831,ACC SANGKAR BURUNG BAMBU WARNA,0 PCS,,,,2 PCS,,
001938,ACC KANDANG KUCING,0 PCS,,,,1 PCS,,
001939,ACC KANDANG KUCING 40X60,0 PCS,,,,4 PCS,,
001941,ACC TEMPAT PASIR KECIL,0 PCS,2 PCS,1 PCS,,5 PCS,,
002231,HEALTY EYES,,,3 PCS,,3 PCS,,
002232,MINYAK IKAN 15 BUTIR,,,0 PCS,,0 PCS,,
002578,PASIR MAXLIFE 5L,0 PCS,0 PCS,0 PCS,,2 PCS,,
002666,UNDERPAD UNIPET 60*90,,,,,21 PCS,,
002667,TAKARI 100 GR MIX,,,,,0 PCS,,
002678,LIEBAO SNACK,38 PCS,20 PCS,83 PCS,19 PCS,1357 PCS,,
002685,PASIR KUCINGKU 10L,,,0 PCS,,0 PCS,,
002701,PASIR MIGOO 5L,,,0 PCS,,0 PCS,,
002720,FURLOVE CAN CRAB 380 GR,3 PCS,5 PCS,7 PCS,,45 PCS,,
002721,ACC KALUNG PITA,,,0 PCS,,0 PCS,,
002722,PASIR FORCATS 10 L,,,3 PCS,,12 PCS,,
002724,ME-O POUCH KITTEN TUNA 80 GR,0 PCS,,0 PCS,,1 PCS,,
002725,ME-O CAN SEAFOOD 400 GR,1 PCS,,0 PCS,,18 PCS,,
,,,,Bee Accounting,,,,,
,15/09/2026,,,,,,
Kode Item,Nama Item,PC 5 (C),PD 1 (C),SA (C),SS (C),TOTAL,,
002726,CUTIES 1 KG TUNA,5 PCS,,4 PCS,,30 PCS,,
002727,ME-O POUCH ADULT TUNA 80 GR,0 PCS,,,,0 PCS,,
002730,MISTER PUSS TUNA 500 GR,11 PCS,,10 PCS,,158 PCS,,
002731,MISTER PUSS SALMON 500 GR,6 PCS,,14 PCS,,169 PCS,,
002732,WHISKAS CAN ADULT TUNA 400 GR,8 PCS,,2 PCS,,43 PCS,,
002733,CHESTER 1 KG,0 PCS,0 PCS,,,5 PCS,,
002735,ME-O CAN SARDINE SALMON 400 GR,4 PCS,,6 PCS,,17 PCS,,
002736,LIFE CAT CAN PLUS TUNA W MACKAREL 400 GR,5 PCS,,,,20 PCS,,
002756,CRYSTAL KITTY TUNA CHICKEN 400 GR,,,0 PCS,,18 PCS,,
002757,CRYSTAL KITTY CHICKEN SALMON 400 GR,,,,,20 PCS,,
002758,ORI CAT POUCH 80 GR PURE TUNA,,,,,11 PCS,,
002759,ORI CAT POUCH 80 GR TUNA & CHICKEN,,,,,0 PCS,,
002760,ORI CAT KALENG OCEAN FISH 400 GR,,,5 PCS,,31 PCS,,
002761,ORI CAT KALENG PURE TUNA 400 GR,,,5 PCS,,37 PCS,,
002762,ME-O POUCH 80 GR TUNA CHICKEN,,,,,12 PCS,,
002763,ORI CAT KALENG TUNA & SHRIMP 400 GR,,,0 PCS,,4 PCS,,
002764,ORI CAT KALENG TUNA FISH EGG 400 GR,,,5 PCS,,28 PCS,,
002766,TIPTOP CREAMY TUNA,0 PCS,4 PCS,0 PCS,0 PCS,34 PCS,,
002767,PASIR ROYAL PUSS 5L,,,,,0 PCS,,
002897,WHISKAS POUCH TASTY MIX 85 GR,,,,,14 PCS,,
002898,LUMINA CAN TUNA & CHICKEN,,,,,0 PCS,,
002917,YUKI CAT CREAMY 15 GR,,,,,0 PCS,,
002918,PASIR TOP 5L,1 PCS,,,,1 PCS,,
002928,PASIR CRYSTAL KITTY 5L,2 PCS,1 PCS,,,6 PCS,,
002929,MRVET CAT TREATS 15GR,,,,,19 PCS,,
002930,PASIR CRYSTAL KITTY 10L,,,,,3 PCS,,
002945,PASIR TOP 10L,,,,,11 PCS,,
002946,CRYSTAL KITTY OCEAN FISH 400 GR,5 PCS,,3 PCS,,30 PCS,,
,,,,Bee Accounting,,,,,
,15/09/2026,,,,,,
Kode Item,Nama Item,PC 5 (C),PD 1 (C),SA (C),SS (C),TOTAL,,,,,
002947,LUMINA POUCH TUNA & CHICKEN,,,,,12 PCS,,,,,
002948,LUMINA POUCH TUNA,,,,,8 PCS,,,,,
002954,CRYSTAL KITTY HAIR AND SKIN 400GR,,,3 PCS,,29 PCS,,,,,
002959,LIFE CAT CAN PLUS TUNA 400 GR,,,,,5 PCS,,,,,
TOTAL,97.00,54.00,180.00,19.00,"2,509.00",,,,,
,Group,,,,,,,,,,,,
,SP,,,,,,,,,,,,
,Merk,Model,,,,,,,,,
,SP AXIS,SEGEL,,,,,,,,,
Kode Item,Nama Item,ALFA 1 (C),ALFA 2 (C),ALFA 3 (C),ALFA 4 (C),ALFA 5 (C),ALFA 6 (C),ALFA 7 ,ASBER 1 (C),
001264,SP AXIS 10 GB SEGEL MT 19-05-27 B,0 PCS,0 PCS,5 PCS,0 PCS,0 PCS,3 PCS,3 PCS,2 PCS,
002413,SP AXIS 3 GB SEGEL MT 29-04-27 B,0 PCS,0 PCS,0 PCS,0 PCS,0 PCS,0 PCS,0 PCS,0 PCS,
002477,SP AXIS 3 GB SEGEL MT 02-04-27 B,0 PCS,0 PCS,0 PCS,0 PCS,0 PCS,0 PCS,0 PCS,0 PCS,
002479,SP AXIS 3 GB SEGEL MT 07-06-27 B,0 PCS,0 PCS,1 PCS,0 PCS,0 PCS,0 PCS,0 PCS,0 PCS,
002489,SP AXIS 3 GB SEGEL MT 06-03-27 B,0 PCS,0 PCS,0 PCS,0 PCS,0 PCS,0 PCS,0 PCS,0 PCS,
002498,SP AXIS 3 GB SEGEL MT 07-08-27 B,18 PCS,13 PCS,16 PCS,18 PCS,20 PCS,16 PCS,14 PCS,12 PCS,
002514,SP AXIS 7 GB SEGEL MT 01-06-27 B,2 PCS,0 PCS,3 PCS,1 PCS,6 PCS,0 PCS,5 PCS,0 PCS,
002518,SP AXIS 7 GB SEGEL MT 29-05-27 B,6 PCS,1 PCS,3 PCS,1 PCS,0 PCS,4 PCS,0 PCS,0 PCS,
002548,SP AXIS 3 GB SEGEL MT 25-06-27 B,0 PCS,3 PCS,1 PCS,0 PCS,0 PCS,0 PCS,0 PCS,0 PCS,
002560,SP AXIS 10 GB SEGEL MT 24-05-27 B,5 PCS,0 PCS,1 PCS,2 PCS,2 PCS,0 PCS,2 PCS,3 PCS,
002565,SP AXIS KOSONG,0 PCS,0 PCS,0 PCS,0 PCS,0 PCS,0 PCS,0 PCS,0 PCS,
TOTAL,31.00,17.00,30.00,22.00,28.00,23.00,24.00,17.00,
Kode Item,Nama Item,ASBER 2 (C),BK CIJAMBE ,BK JH1 ,BK JH2 (C),BK5 CIGER ,BK6 ,BK7 ,BK8 BAKSAR ,
001264,SP AXIS 10 GB SEGEL MT 19-05-27 B,3 PCS,1 PCS,2 PCS,5 PCS,2 PCS,1 PCS,3 PCS,0 PCS,
002413,SP AXIS 3 GB SEGEL MT 29-04-27 B,0 PCS,0 PCS,0 PCS,0 PCS,0 PCS,0 PCS,0 PCS,0 PCS,
002477,SP AXIS 3 GB SEGEL MT 02-04-27 B,0 PCS,0 PCS,0 PCS,0 PCS,0 PCS,0 PCS,0 PCS,0 PCS,
,,,,,Bee Accounting,,,,,,,,
,15/09/2026,,,,,,,,
Kode Item,Nama Item,ASBER 2 (C),BK CIJAMBE ,BK JH1 ,BK JH2 (C),BK5 CIGER ,BK6 ,BK7 ,BK8 BAKSAR ,
002479,SP AXIS 3 GB SEGEL MT 07-06-27 B,0 PCS,1 PCS,0 PCS,0 PCS,0 PCS,0 PCS,0 PCS,2 PCS,
002489,SP AXIS 3 GB SEGEL MT 06-03-27 B,0 PCS,0 PCS,0 PCS,0 PCS,0 PCS,0 PCS,0 PCS,0 PCS,
002498,SP AXIS 3 GB SEGEL MT 07-08-27 B,15 PCS,9 PCS,15 PCS,6 PCS,11 PCS,10 PCS,12 PCS,3 PCS,
002514,SP AXIS 7 GB SEGEL MT 01-06-27 B,5 PCS,2 PCS,0 PCS,2 PCS,0 PCS,4 PCS,3 PCS,3 PCS,
002518,SP AXIS 7 GB SEGEL MT 29-05-27 B,2 PCS,2 PCS,0 PCS,4 PCS,2 PCS,2 PCS,4 PCS,0 PCS,
002548,SP AXIS 3 GB SEGEL MT 25-06-27 B,0 PCS,5 PCS,0 PCS,6 PCS,0 PCS,1 PCS,0 PCS,0 PCS,
002560,SP AXIS 10 GB SEGEL MT 24-05-27 B,1 PCS,2 PCS,2 PCS,0 PCS,1 PCS,2 PCS,1 PCS,3 PCS,
002565,SP AXIS KOSONG,0 PCS,0 PCS,0 PCS,0 PCS,0 PCS,0 PCS,0 PCS,0 PCS,
TOTAL,26.00,22.00,19.00,23.00,16.00,20.00,23.00,11.00,
Kode Item,Nama Item,BK9 BAKSAR ,BKC ,BUNISARI ,CICUKANG ,CIHAURKUK,CIKADUT 2,CIPADUNG 2 ,CIPAGALO ,
001264,SP AXIS 10 GB SEGEL MT 19-05-27 B,2 PCS,2 PCS,1 PCS,3 PCS,0 PCS,,1 PCS,,
002413,SP AXIS 3 GB SEGEL MT 29-04-27 B,,0 PCS,0 PCS,,,0 PCS,,,
002477,SP AXIS 3 GB SEGEL MT 02-04-27 B,0 PCS,0 PCS,0 PCS,0 PCS,,0 PCS,0 PCS,0 PCS,
002479,SP AXIS 3 GB SEGEL MT 07-06-27 B,2 PCS,0 PCS,0 PCS,1 PCS,0 PCS,1 PCS,0 PCS,0 PCS,
002489,SP AXIS 3 GB SEGEL MT 06-03-27 B,0 PCS,0 PCS,0 PCS,0 PCS,,0 PCS,0 PCS,0 PCS,
002498,SP AXIS 3 GB SEGEL MT 07-08-27 B,7 PCS,9 PCS,17 PCS,9 PCS,12 PCS,9 PCS,8 PCS,12 PCS,
002514,SP AXIS 7 GB SEGEL MT 01-06-27 B,4 PCS,2 PCS,12 PCS,0 PCS,0 PCS,2 PCS,2 PCS,0 PCS,
002518,SP AXIS 7 GB SEGEL MT 29-05-27 B,0 PCS,4 PCS,2 PCS,2 PCS,0 PCS,0 PCS,2 PCS,1 PCS,
002548,SP AXIS 3 GB SEGEL MT 25-06-27 B,0 PCS,0 PCS,0 PCS,0 PCS,,0 PCS,0 PCS,1 PCS,
002560,SP AXIS 10 GB SEGEL MT 24-05-27 B,2 PCS,3 PCS,0 PCS,1 PCS,0 PCS,3 PCS,1 PCS,2 PCS,
002565,SP AXIS KOSONG,,0 PCS,0 PCS,,,,,,
TOTAL,17.00,20.00,32.00,16.00,12.00,15.00,14.00,16.00,
Kode Item,Nama Item,CIPOREAT,CISA (C),CK (C),CL 1 ,CL 2 ,CL 3 ,CL 4 ,DM (C),
001264,SP AXIS 10 GB SEGEL MT 19-05-27 B,,2 PCS,3 PCS,1 PCS,1 PCS,,0 PCS,2 PCS,
,,,,Bee Accounting,,,,,,,,
,15/09/2026,,,,,,,
Kode Item,Nama Item,CIPOREAT,CISA (C),CK (C),CL 1 ,CL 2 ,CL 3 ,CL 4 ,DM (C),
002413,SP AXIS 3 GB SEGEL MT 29-04-27 B,0 PCS,0 PCS,0 PCS,0 PCS,0 PCS,,,0 PCS,
002477,SP AXIS 3 GB SEGEL MT 02-04-27 B,0 PCS,0 PCS,0 PCS,1 PCS,0 PCS,0 PCS,,0 PCS,
002479,SP AXIS 3 GB SEGEL MT 07-06-27 B,0 PCS,0 PCS,0 PCS,3 PCS,0 PCS,3 PCS,0 PCS,0 PCS,
002489,SP AXIS 3 GB SEGEL MT 06-03-27 B,0 PCS,0 PCS,0 PCS,0 PCS,0 PCS,0 PCS,,0 PCS,
002498,SP AXIS 3 GB SEGEL MT 07-08-27 B,10 PCS,13 PCS,11 PCS,6 PCS,8 PCS,7 PCS,11 PCS,16 PCS,
002514,SP AXIS 7 GB SEGEL MT 01-06-27 B,4 PCS,1 PCS,2 PCS,4 PCS,3 PCS,1 PCS,4 PCS,1 PCS,
002518,SP AXIS 7 GB SEGEL MT 29-05-27 B,,1 PCS,1 PCS,0 PCS,,,,2 PCS,
002548,SP AXIS 3 GB SEGEL MT 25-06-27 B,0 PCS,0 PCS,0 PCS,0 PCS,0 PCS,1 PCS,2 PCS,0 PCS,
002560,SP AXIS 10 GB SEGEL MT 24-05-27 B,1 PCS,0 PCS,1 PCS,1 PCS,1 PCS,2 PCS,,1 PCS,
002565,SP AXIS KOSONG,,0 PCS,0 PCS,,,,,0 PCS,
TOTAL,15.00,17.00,18.00,16.00,13.00,14.00,17.00,22.00,
Kode Item,Nama Item,Gudang,PC 3 (A),PC 4 (C),PC 5 (C),PD 1 (C),PD 2 (C),PD 3 (C),RK (C),
001264,SP AXIS 10 GB SEGEL MT 19-05-27 B,0 PCS,0 PCS,1 PCS,2 PCS,0 PCS,1 PCS,0 PCS,1 PCS,
002413,SP AXIS 3 GB SEGEL MT 29-04-27 B,0 PCS,0 PCS,0 PCS,0 PCS,0 PCS,0 PCS,,0 PCS,
002477,SP AXIS 3 GB SEGEL MT 02-04-27 B,0 PCS,0 PCS,0 PCS,0 PCS,0 PCS,0 PCS,0 PCS,0 PCS,
002479,SP AXIS 3 GB SEGEL MT 07-06-27 B,0 PCS,0 PCS,0 PCS,0 PCS,0 PCS,0 PCS,0 PCS,0 PCS,
002489,SP AXIS 3 GB SEGEL MT 06-03-27 B,0 PCS,0 PCS,0 PCS,0 PCS,0 PCS,0 PCS,0 PCS,0 PCS,
002498,SP AXIS 3 GB SEGEL MT 07-08-27 B,109 PCS,10 PCS,11 PCS,16 PCS,15 PCS,18 PCS,10 PCS,18 PCS,
002514,SP AXIS 7 GB SEGEL MT 01-06-27 B,0 PCS,4 PCS,2 PCS,3 PCS,2 PCS,0 PCS,3 PCS,7 PCS,
002518,SP AXIS 7 GB SEGEL MT 29-05-27 B,0 PCS,0 PCS,1 PCS,1 PCS,0 PCS,0 PCS,2 PCS,0 PCS,
002548,SP AXIS 3 GB SEGEL MT 25-06-27 B,0 PCS,0 PCS,0 PCS,0 PCS,1 PCS,0 PCS,0 PCS,0 PCS,
002560,SP AXIS 10 GB SEGEL MT 24-05-27 B,0 PCS,1 PCS,3 PCS,2 PCS,2 PCS,4 PCS,3 PCS,3 PCS,
002565,SP AXIS KOSONG,0 PCS,0 PCS,0 PCS,0 PCS,0 PCS,0 PCS,,0 PCS,
TOTAL,109.00,15.00,18.00,24.00,20.00,23.00,18.00,29.00,
,,,,Bee Accounting,,,,,,,,
,15/09/2026,,,,,,,
Kode Item,Nama Item,SA (C),SS (C),TOTAL,,,,,,,
001264,SP AXIS 10 GB SEGEL MT 19-05-27 B,0 PCS,2 PCS,55 PCS,,,,,,,
002413,SP AXIS 3 GB SEGEL MT 29-04-27 B,0 PCS,0 PCS,0 PCS,,,,,,,
002477,SP AXIS 3 GB SEGEL MT 02-04-27 B,0 PCS,0 PCS,1 PCS,,,,,,,
002479,SP AXIS 3 GB SEGEL MT 07-06-27 B,0 PCS,1 PCS,15 PCS,,,,,,,
002489,SP AXIS 3 GB SEGEL MT 06-03-27 B,0 PCS,0 PCS,0 PCS,,,,,,,
002498,SP AXIS 3 GB SEGEL MT 07-08-27 B,15 PCS,13 PCS,608 PCS,,,,,,,
002514,SP AXIS 7 GB SEGEL MT 01-06-27 B,4 PCS,2 PCS,105 PCS,,,,,,,
002518,SP AXIS 7 GB SEGEL MT 29-05-27 B,0 PCS,3 PCS,53 PCS,,,,,,,
002548,SP AXIS 3 GB SEGEL MT 25-06-27 B,0 PCS,1 PCS,22 PCS,,,,,,,
002560,SP AXIS 10 GB SEGEL MT 24-05-27 B,1 PCS,0 PCS,65 PCS,,,,,,,
002565,SP AXIS KOSONG,0 PCS,0 PCS,0 PCS,,,,,,,
TOTAL,20.00,22.00,924.00,,,,,,,
,Merk,Model,,,,,,,,,
,SP AXIS,< kosong >,,,,,,,,,
Kode Item,Nama Item,ALFA 1 (C),ALFA 2 (C),ALFA 3 (C),ALFA 4 (C),ALFA 5 (C),ALFA 6 (C),ALFA 7 ,ASBER 1 (C),
002506,SP AXIS 3 GB SEGEL MT 28-05-27 B,0 PCS,0 PCS,0 PCS,0 PCS,0 PCS,0 PCS,0 PCS,0 PCS,
TOTAL,0.00,0.00,0.00,0.00,0.00,0.00,0.00,0.00,
Kode Item,Nama Item,ASBER 2 (C),BK CIJAMBE ,BK JH1 ,BK JH2 (C),BK5 CIGER ,BK6 ,BK7 ,BK8 BAKSAR ,
002506,SP AXIS 3 GB SEGEL MT 28-05-27 B,0 PCS,0 PCS,0 PCS,0 PCS,0 PCS,0 PCS,0 PCS,0 PCS,
TOTAL,0.00,0.00,0.00,0.00,0.00,0.00,0.00,0.00,
Kode Item,Nama Item,BK9 BAKSAR ,BKC ,BUNISARI ,CICUKANG ,CIHAURKUK,CIPADUNG 2 ,CIPAGALO ,CISA (C),
002506,SP AXIS 3 GB SEGEL MT 28-05-27 B,0 PCS,2 PCS,0 PCS,0 PCS,0 PCS,0 PCS,0 PCS,0 PCS,
TOTAL,0.00,2.00,0.00,0.00,0.00,0.00,0.00,0.00,
Kode Item,Nama Item,CK (C),CL 1 ,CL 2 ,DM (C),Gudang,PC 3 (A),PC 4 (C),PC 5 (C),
002506,SP AXIS 3 GB SEGEL MT 28-05-27 B,0 PCS,0 PCS,1 PCS,0 PCS,0 PCS,0 PCS,0 PCS,0 PCS,
TOTAL,0.00,0.00,1.00,0.00,0.00,0.00,0.00,0.00,
,,,,,Bee Accounting,,,,,,,,
,15/09/2026,,,,,,,,
Kode Item,Nama Item,PD 1 (C),PD 2 (C),PD 3 (C),RK (C),SA (C),SS (C),TOTAL,,
002506,SP AXIS 3 GB SEGEL MT 28-05-27 B,0 PCS,0 PCS,0 PCS,0 PCS,0 PCS,0 PCS,3 PCS,,
TOTAL,0.00,0.00,0.00,0.00,0.00,0.00,3.00,,
,Merk,Model,,,,,,,,,
,SP INDOSAT,SEGEL,,,,,,,,,
Kode Item,Nama Item,ALFA 1 (C),ALFA 2 (C),ALFA 3 (C),ALFA 4 (C),ALFA 5 (C),ALFA 6 (C),ALFA 7 ,ASBER 1 (C),
001273,SP INDOSAT 3 GB SEGEL MT 18-05-27 B,0 PCS,0 PCS,0 PCS,0 PCS,0 PCS,0 PCS,0 PCS,0 PCS,
002223,SP INDOSAT 10 GB SEGEL MT 29-06-27 B,0 PCS,0 PCS,0 PCS,0 PCS,0 PCS,0 PCS,1 PCS,0 PCS,
002415,SP INDOSAT 3 GB SEGEL MT 19-05-27 RG,0 PCS,0 PCS,1 PCS,0 PCS,0 PCS,0 PCS,0 PCS,0 PCS,
002420,SP INDOSAT 3 GB SEGEL MT 20-06-27 B,0 PCS,0 PCS,0 PCS,0 PCS,0 PCS,0 PCS,0 PCS,0 PCS,
002588,SP INDOSAT 3 GB SEGEL MT 05-07-27 B,7 PCS,14 PCS,8 PCS,7 PCS,14 PCS,10 PCS,9 PCS,9 PCS,
002747,SP INDOSAT 3 GB SEGEL MT 16-05-27 B,0 PCS,0 PCS,0 PCS,0 PCS,0 PCS,0 PCS,0 PCS,0 PCS,
TOTAL,7.00,14.00,9.00,7.00,14.00,10.00,10.00,9.00,
Kode Item,Nama Item,ASBER 2 (C),BK CIJAMBE ,BK JH1 ,BK JH2 (C),BK5 CIGER ,BK6 ,BK7 ,BK8 BAKSAR ,
001273,SP INDOSAT 3 GB SEGEL MT 18-05-27 B,0 PCS,0 PCS,0 PCS,0 PCS,0 PCS,0 PCS,0 PCS,0 PCS,
002223,SP INDOSAT 10 GB SEGEL MT 29-06-27 B,1 PCS,0 PCS,0 PCS,2 PCS,0 PCS,0 PCS,0 PCS,0 PCS,
002415,SP INDOSAT 3 GB SEGEL MT 19-05-27 RG,1 PCS,0 PCS,0 PCS,0 PCS,0 PCS,0 PCS,0 PCS,0 PCS,
002420,SP INDOSAT 3 GB SEGEL MT 20-06-27 B,0 PCS,0 PCS,1 PCS,1 PCS,0 PCS,0 PCS,0 PCS,0 PCS,
002588,SP INDOSAT 3 GB SEGEL MT 05-07-27 B,10 PCS,8 PCS,11 PCS,15 PCS,9 PCS,12 PCS,11 PCS,5 PCS,
002747,SP INDOSAT 3 GB SEGEL MT 16-05-27 B,0 PCS,0 PCS,0 PCS,0 PCS,0 PCS,0 PCS,0 PCS,0 PCS,
TOTAL,12.00,8.00,12.00,18.00,9.00,12.00,11.00,5.00,
Kode Item,Nama Item,BK9 BAKSAR ,BKC ,BUNISARI ,CICUKANG ,CIHAURKUK,CIKADUT 2,CIPADUNG 2 ,CIPAGALO ,
001273,SP INDOSAT 3 GB SEGEL MT 18-05-27 B,0 PCS,0 PCS,0 PCS,0 PCS,0 PCS,0 PCS,0 PCS,0 PCS,
002223,SP INDOSAT 10 GB SEGEL MT 29-06-27 B,0 PCS,1 PCS,3 PCS,2 PCS,,0 PCS,0 PCS,0 PCS,
002415,SP INDOSAT 3 GB SEGEL MT 19-05-27 RG,0 PCS,0 PCS,0 PCS,0 PCS,,0 PCS,0 PCS,0 PCS,
002420,SP INDOSAT 3 GB SEGEL MT 20-06-27 B,0 PCS,0 PCS,0 PCS,0 PCS,1 PCS,1 PCS,0 PCS,0 PCS,
,,,,,Bee Accounting,,,,,,,,
,15/09/2026,,,,,,,,
Kode Item,Nama Item,BK9 BAKSAR ,BKC ,BUNISARI ,CICUKANG ,CIHAURKUK,CIKADUT 2,CIPADUNG 2 ,CIPAGALO ,
002588,SP INDOSAT 3 GB SEGEL MT 05-07-27 B,3 PCS,13 PCS,8 PCS,5 PCS,4 PCS,4 PCS,5 PCS,6 PCS,
002747,SP INDOSAT 3 GB SEGEL MT 16-05-27 B,0 PCS,0 PCS,0 PCS,0 PCS,0 PCS,2 PCS,0 PCS,1 PCS,
TOTAL,3.00,14.00,11.00,7.00,5.00,7.00,5.00,7.00,
Kode Item,Nama Item,CIPOREAT,CISA (C),CK (C),CL 1 ,CL 2 ,CL 3 ,CL 4 ,DM (C),
001273,SP INDOSAT 3 GB SEGEL MT 18-05-27 B,0 PCS,0 PCS,0 PCS,0 PCS,0 PCS,0 PCS,,0 PCS,
002223,SP INDOSAT 10 GB SEGEL MT 29-06-27 B,,0 PCS,0 PCS,0 PCS,0 PCS,0 PCS,,0 PCS,
002415,SP INDOSAT 3 GB SEGEL MT 19-05-27 RG,0 PCS,0 PCS,0 PCS,0 PCS,0 PCS,0 PCS,,0 PCS,
002420,SP INDOSAT 3 GB SEGEL MT 20-06-27 B,2 PCS,1 PCS,0 PCS,4 PCS,0 PCS,0 PCS,0 PCS,2 PCS,
002588,SP INDOSAT 3 GB SEGEL MT 05-07-27 B,4 PCS,10 PCS,5 PCS,6 PCS,8 PCS,4 PCS,6 PCS,6 PCS,
002747,SP INDOSAT 3 GB SEGEL MT 16-05-27 B,0 PCS,0 PCS,0 PCS,0 PCS,0 PCS,0 PCS,,3 PCS,
TOTAL,6.00,11.00,5.00,10.00,8.00,4.00,6.00,11.00,
Kode Item,Nama Item,Gudang,PC 3 (A),PC 4 (C),PC 5 (C),PD 1 (C),PD 2 (C),PD 3 (C),RK (C),
001273,SP INDOSAT 3 GB SEGEL MT 18-05-27 B,0 PCS,0 PCS,0 PCS,0 PCS,0 PCS,0 PCS,0 PCS,0 PCS,
002223,SP INDOSAT 10 GB SEGEL MT 29-06-27 B,0 PCS,0 PCS,0 PCS,0 PCS,0 PCS,0 PCS,0 PCS,0 PCS,
002415,SP INDOSAT 3 GB SEGEL MT 19-05-27 RG,0 PCS,0 PCS,0 PCS,0 PCS,0 PCS,0 PCS,0 PCS,0 PCS,
002420,SP INDOSAT 3 GB SEGEL MT 20-06-27 B,0 PCS,0 PCS,0 PCS,0 PCS,0 PCS,0 PCS,0 PCS,0 PCS,
002588,SP INDOSAT 3 GB SEGEL MT 05-07-27 B,40 PCS,9 PCS,9 PCS,10 PCS,8 PCS,9 PCS,6 PCS,14 PCS,
002747,SP INDOSAT 3 GB SEGEL MT 16-05-27 B,0 PCS,0 PCS,0 PCS,0 PCS,0 PCS,0 PCS,0 PCS,0 PCS,
TOTAL,40.00,9.00,9.00,10.00,8.00,9.00,6.00,14.00,
Kode Item,Nama Item,SA (C),SS (C),TOTAL,,,,,,,
001273,SP INDOSAT 3 GB SEGEL MT 18-05-27 B,0 PCS,2 PCS,2 PCS,,,,,,,
002223,SP INDOSAT 10 GB SEGEL MT 29-06-27 B,0 PCS,0 PCS,10 PCS,,,,,,,
002415,SP INDOSAT 3 GB SEGEL MT 19-05-27 RG,0 PCS,1 PCS,3 PCS,,,,,,,
002420,SP INDOSAT 3 GB SEGEL MT 20-06-27 B,0 PCS,2 PCS,15 PCS,,,,,,,
,,,,Bee Accounting,,,,,,,,
,15/09/2026,,,,,,,
Kode Item,Nama Item,SA (C),SS (C),TOTAL,,,,,,,
002588,SP INDOSAT 3 GB SEGEL MT 05-07-27 B,11 PCS,7 PCS,379 PCS,,,,,,,
002747,SP INDOSAT 3 GB SEGEL MT 16-05-27 B,0 PCS,0 PCS,6 PCS,,,,,,,
TOTAL,11.00,12.00,415.00,,,,,,,
,Merk,Model,,,,,,,,,
,SP SMART,REG,,,,,,,,,
Kode Item,Nama Item,ALFA 1 (C),ALFA 2 (C),ALFA 3 (C),ALFA 4 (C),ALFA 5 (C),ALFA 6 (C),ALFA 7 ,ASBER 1 (C),
001254,SP SMART 3 GB ON MT 01/08/26,0 PCS,0 PCS,0 PCS,0 PCS,0 PCS,0 PCS,0 PCS,0 PCS,
TOTAL,0.00,0.00,0.00,0.00,0.00,0.00,0.00,0.00,
Kode Item,Nama Item,ASBER 2 (C),BK CIJAMBE ,BK JH1 ,BK JH2 (C),BK5 CIGER ,BK6 ,BK7 ,BK8 BAKSAR ,
001254,SP SMART 3 GB ON MT 01/08/26,0 PCS,0 PCS,0 PCS,0 PCS,0 PCS,0 PCS,0 PCS,0 PCS,
TOTAL,0.00,0.00,0.00,0.00,0.00,0.00,0.00,0.00,
Kode Item,Nama Item,BK9 BAKSAR ,BKC ,BUNISARI ,CICUKANG ,CIKADUT 2,CIPADUNG 2 ,CIPAGALO ,CIPOREAT,
001254,SP SMART 3 GB ON MT 01/08/26,0 PCS,0 PCS,0 PCS,0 PCS,0 PCS,0 PCS,0 PCS,0 PCS,
TOTAL,0.00,0.00,0.00,0.00,0.00,0.00,0.00,0.00,
Kode Item,Nama Item,CISA (C),CK (C),CL 1 ,CL 2 ,CL 3 ,DM (C),Gudang,PC 3 (A),
001254,SP SMART 3 GB ON MT 01/08/26,0 PCS,0 PCS,0 PCS,0 PCS,0 PCS,0 PCS,0 PCS,0 PCS,
TOTAL,0.00,0.00,0.00,0.00,0.00,0.00,0.00,0.00,
Kode Item,Nama Item,PC 4 (C),PC 5 (C),PD 1 (C),PD 2 (C),PD 3 (C),RK (C),SA (C),SS (C),
001254,SP SMART 3 GB ON MT 01/08/26,0 PCS,0 PCS,1 PCS,0 PCS,0 PCS,0 PCS,0 PCS,0 PCS,
TOTAL,0.00,0.00,1.00,0.00,0.00,0.00,0.00,0.00,
Kode Item,Nama Item,TOTAL,,,,,,,,,
001254,SP SMART 3 GB ON MT 01/08/26,1 PCS,,,,,,,,,
TOTAL,1.00,,,,,,,,,
,Merk,Model,,,,,,,,,
,SP SMART,SEGEL,,,,,,,,,
Kode Item,Nama Item,ALFA 1 (C),ALFA 2 (C),ALFA 3 (C),ALFA 4 (C),ALFA 5 (C),ALFA 6 (C),ALFA 7 ,ASBER 1 (C),
001239,SP SMART UNLI 12GB+18GB,0 PCS,0 PCS,0 PCS,0 PCS,0 PCS,0 PCS,0 PCS,0 PCS,
001261,SP SMART 6+15 GB + UNLI 14 APK,0 PCS,0 PCS,0 PCS,0 PCS,0 PCS,0 PCS,0 PCS,0 PCS,
001280,SP SMART 3 GB BUAT ACT (31/12/27),0 PCS,0 PCS,0 PCS,0 PCS,0 PCS,0 PCS,0 PCS,0 PCS,
,,,,,Bee Accounting,,,,,,,,
,15/09/2026,,,,,,,,
Kode Item,Nama Item,ALFA 1 (C),ALFA 2 (C),ALFA 3 (C),ALFA 4 (C),ALFA 5 (C),ALFA 6 (C),ALFA 7 ,ASBER 1 (C),
002012,SP SMARTFREN KOSONG,0 PCS,0 PCS,0 PCS,0 PCS,0 PCS,0 PCS,,0 PCS,
002218,SP SMART 3 GB SEGEL MT 05-06-27 D,2 PCS,5 PCS,0 PCS,2 PCS,2 PCS,0 PCS,0 PCS,0 PCS,
002410,SP SMART 7 GB SEGEL MT 04-06-27 B,7 PCS,8 PCS,7 PCS,3 PCS,7 PCS,7 PCS,4 PCS,5 PCS,
002471,SP SMART 3 GB SEGEL MT 13-06-27 C,6 PCS,3 PCS,0 PCS,4 PCS,0 PCS,3 PCS,1 PCS,0 PCS,
002503,SP SMART 3 GB SEGEL MT 04-05-27,0 PCS,3 PCS,0 PCS,1 PCS,0 PCS,0 PCS,0 PCS,0 PCS,
002748,SP SMART 3 GB SEGEL MT 03-07-27 C,7 PCS,,6 PCS,5 PCS,13 PCS,8 PCS,5 PCS,9 PCS,
002749,SP SMART 3 GB SEGEL MT 18-07-27 B,1 PCS,3 PCS,10 PCS,4 PCS,,5 PCS,3 PCS,5 PCS,
TOTAL,23.00,22.00,23.00,19.00,22.00,23.00,13.00,19.00,
Kode Item,Nama Item,ASBER 2 (C),BK CIJAMBE ,BK JH1 ,BK JH2 (C),BK5 CIGER ,BK6 ,BK7 ,BK8 BAKSAR ,
001239,SP SMART UNLI 12GB+18GB,0 PCS,0 PCS,0 PCS,0 PCS,,,0 PCS,,
001261,SP SMART 6+15 GB + UNLI 14 APK,0 PCS,0 PCS,0 PCS,0 PCS,,,0 PCS,,
001280,SP SMART 3 GB BUAT ACT (31/12/27),0 PCS,0 PCS,0 PCS,0 PCS,,,0 PCS,,
002012,SP SMARTFREN KOSONG,0 PCS,0 PCS,0 PCS,0 PCS,,,0 PCS,,
002218,SP SMART 3 GB SEGEL MT 05-06-27 D,0 PCS,2 PCS,0 PCS,3 PCS,0 PCS,1 PCS,0 PCS,0 PCS,
002410,SP SMART 7 GB SEGEL MT 04-06-27 B,6 PCS,3 PCS,3 PCS,6 PCS,4 PCS,0 PCS,6 PCS,5 PCS,
002471,SP SMART 3 GB SEGEL MT 13-06-27 C,0 PCS,3 PCS,0 PCS,0 PCS,1 PCS,1 PCS,2 PCS,,
002503,SP SMART 3 GB SEGEL MT 04-05-27,0 PCS,2 PCS,0 PCS,0 PCS,0 PCS,0 PCS,0 PCS,2 PCS,
002748,SP SMART 3 GB SEGEL MT 03-07-27 C,4 PCS,5 PCS,10 PCS,12 PCS,9 PCS,9 PCS,9 PCS,7 PCS,
002749,SP SMART 3 GB SEGEL MT 18-07-27 B,10 PCS,,4 PCS,,,0 PCS,,,
TOTAL,20.00,15.00,17.00,21.00,14.00,11.00,17.00,14.00,
Kode Item,Nama Item,BK9 BAKSAR ,BKC ,BUNISARI ,CICUKANG ,CIHAURKUK,CIKADUT 2,CIPADUNG 2 ,CIPAGALO ,
001239,SP SMART UNLI 12GB+18GB,,0 PCS,0 PCS,,,,,,
001261,SP SMART 6+15 GB + UNLI 14 APK,,0 PCS,0 PCS,,,,,,
001280,SP SMART 3 GB BUAT ACT (31/12/27),,0 PCS,0 PCS,,,,,,
002012,SP SMARTFREN KOSONG,,,0 PCS,,,,,,
,,,,Bee Accounting,,,,,,,,
,15/09/2026,,,,,,,
Kode Item,Nama Item,BK9 BAKSAR ,BKC ,BUNISARI ,CICUKANG ,CIHAURKUK,CIKADUT 2,CIPADUNG 2 ,CIPAGALO ,
002218,SP SMART 3 GB SEGEL MT 05-06-27 D,3 PCS,0 PCS,0 PCS,0 PCS,0 PCS,0 PCS,0 PCS,,
002410,SP SMART 7 GB SEGEL MT 04-06-27 B,4 PCS,4 PCS,4 PCS,5 PCS,4 PCS,4 PCS,3 PCS,5 PCS,
002471,SP SMART 3 GB SEGEL MT 13-06-27 C,2 PCS,0 PCS,0 PCS,2 PCS,3 PCS,1 PCS,3 PCS,,
002503,SP SMART 3 GB SEGEL MT 04-05-27,0 PCS,0 PCS,0 PCS,1 PCS,0 PCS,1 PCS,0 PCS,,
002748,SP SMART 3 GB SEGEL MT 03-07-27 C,7 PCS,8 PCS,11 PCS,9 PCS,7 PCS,7 PCS,7 PCS,9 PCS,
002749,SP SMART 3 GB SEGEL MT 18-07-27 B,,5 PCS,3 PCS,0 PCS,,0 PCS,,0 PCS,
TOTAL,16.00,17.00,18.00,17.00,14.00,13.00,13.00,14.00,
Kode Item,Nama Item,CIPOREAT,CISA (C),CK (C),CL 1 ,CL 2 ,CL 3 ,CL 4 ,DM (C),
001239,SP SMART UNLI 12GB+18GB,,0 PCS,0 PCS,,,,,0 PCS,
001261,SP SMART 6+15 GB + UNLI 14 APK,,0 PCS,0 PCS,,,,,0 PCS,
001280,SP SMART 3 GB BUAT ACT (31/12/27),,0 PCS,0 PCS,,,,,0 PCS,
002012,SP SMARTFREN KOSONG,,0 PCS,0 PCS,,,,,0 PCS,
002218,SP SMART 3 GB SEGEL MT 05-06-27 D,,0 PCS,1 PCS,0 PCS,1 PCS,0 PCS,,0 PCS,
002410,SP SMART 7 GB SEGEL MT 04-06-27 B,3 PCS,5 PCS,1 PCS,4 PCS,2 PCS,0 PCS,3 PCS,6 PCS,
002471,SP SMART 3 GB SEGEL MT 13-06-27 C,,1 PCS,0 PCS,,1 PCS,0 PCS,,0 PCS,
002503,SP SMART 3 GB SEGEL MT 04-05-27,2 PCS,0 PCS,0 PCS,0 PCS,0 PCS,,,0 PCS,
002748,SP SMART 3 GB SEGEL MT 03-07-27 C,8 PCS,13 PCS,10 PCS,11 PCS,7 PCS,1 PCS,11 PCS,10 PCS,
002749,SP SMART 3 GB SEGEL MT 18-07-27 B,,,,0 PCS,3 PCS,3 PCS,,5 PCS,
TOTAL,13.00,19.00,12.00,15.00,14.00,4.00,14.00,21.00,
Kode Item,Nama Item,Gudang,PC 3 (A),PC 4 (C),PC 5 (C),PD 1 (C),PD 2 (C),PD 3 (C),RK (C),
001239,SP SMART UNLI 12GB+18GB,10 PCS,0 PCS,0 PCS,0 PCS,0 PCS,0 PCS,,0 PCS,
001261,SP SMART 6+15 GB + UNLI 14 APK,6 PCS,0 PCS,0 PCS,0 PCS,0 PCS,0 PCS,,0 PCS,
001280,SP SMART 3 GB BUAT ACT (31/12/27),84 PCS,0 PCS,0 PCS,0 PCS,0 PCS,0 PCS,,0 PCS,
002012,SP SMARTFREN KOSONG,0 PCS,0 PCS,0 PCS,0 PCS,0 PCS,0 PCS,,0 PCS,
002218,SP SMART 3 GB SEGEL MT 05-06-27 D,0 PCS,2 PCS,2 PCS,0 PCS,1 PCS,0 PCS,0 PCS,0 PCS,
,,,,Bee Accounting,,,,,,,,
,15/09/2026,,,,,,,
Kode Item,Nama Item,Gudang,PC 3 (A),PC 4 (C),PC 5 (C),PD 1 (C),PD 2 (C),PD 3 (C),RK (C),
002410,SP SMART 7 GB SEGEL MT 04-06-27 B,1 PCS,4 PCS,4 PCS,7 PCS,4 PCS,4 PCS,4 PCS,6 PCS,
002471,SP SMART 3 GB SEGEL MT 13-06-27 C,0 PCS,1 PCS,0 PCS,4 PCS,3 PCS,0 PCS,,1 PCS,
002503,SP SMART 3 GB SEGEL MT 04-05-27,0 PCS,0 PCS,0 PCS,0 PCS,0 PCS,0 PCS,3 PCS,0 PCS,
002748,SP SMART 3 GB SEGEL MT 03-07-27 C,74 PCS,5 PCS,12 PCS,9 PCS,6 PCS,15 PCS,6 PCS,9 PCS,
002749,SP SMART 3 GB SEGEL MT 18-07-27 B,0 PCS,2 PCS,0 PCS,5 PCS,5 PCS,0 PCS,0 PCS,5 PCS,
TOTAL,175.00,14.00,18.00,25.00,19.00,19.00,13.00,21.00,
Kode Item,Nama Item,SA (C),SS (C),TOTAL,,,,,,,
001239,SP SMART UNLI 12GB+18GB,0 PCS,0 PCS,10 PCS,,,,,,,
001261,SP SMART 6+15 GB + UNLI 14 APK,0 PCS,0 PCS,6 PCS,,,,,,,
001280,SP SMART 3 GB BUAT ACT (31/12/27),0 PCS,0 PCS,84 PCS,,,,,,,
002012,SP SMARTFREN KOSONG,0 PCS,0 PCS,0 PCS,,,,,,,
002218,SP SMART 3 GB SEGEL MT 05-06-27 D,0 PCS,0 PCS,27 PCS,,,,,,,
002410,SP SMART 7 GB SEGEL MT 04-06-27 B,3 PCS,2 PCS,177 PCS,,,,,,,
002471,SP SMART 3 GB SEGEL MT 13-06-27 C,0 PCS,0 PCS,46 PCS,,,,,,,
002503,SP SMART 3 GB SEGEL MT 04-05-27,0 PCS,0 PCS,15 PCS,,,,,,,
002748,SP SMART 3 GB SEGEL MT 03-07-27 C,13 PCS,11 PCS,414 PCS,,,,,,,
002749,SP SMART 3 GB SEGEL MT 18-07-27 B,,0 PCS,81 PCS,,,,,,,
TOTAL,16.00,13.00,860.00,,,,,,,
,Merk,Model,,,,,,,,,
,SP SMART,< kosong >,,,,,,,,,
Kode Item,Nama Item,ALFA 1 (C),ALFA 2 (C),ALFA 3 (C),ALFA 4 (C),ALFA 5 (C),ALFA 6 (C),ASBER 1 (C),ASBER 2 (C),
001265,SP SMARTFREN UNLI LITE 1GB/DAY,0 PCS,0 PCS,0 PCS,0 PCS,0 PCS,0 PCS,0 PCS,0 PCS,
TOTAL,0.00,0.00,0.00,0.00,0.00,0.00,0.00,0.00,
Kode Item,Nama Item,BK CIJAMBE ,BK JH1 ,BK JH2 (C),BK7 ,BKC ,BUNISARI ,CISA (C),CK (C),
001265,SP SMARTFREN UNLI LITE 1GB/DAY,0 PCS,0 PCS,0 PCS,0 PCS,0 PCS,0 PCS,0 PCS,0 PCS,
TOTAL,0.00,0.00,0.00,0.00,0.00,0.00,0.00,0.00,
,,,,,Bee Accounting,,,,,,,,
,15/09/2026,,,,,,,,
Kode Item,Nama Item,DM (C),Gudang,PC 3 (A),PC 4 (C),PC 5 (C),PD 1 (C),PD 2 (C),RK (C),
001265,SP SMARTFREN UNLI LITE 1GB/DAY,0 PCS,9 PCS,0 PCS,0 PCS,0 PCS,0 PCS,0 PCS,0 PCS,
TOTAL,0.00,9.00,0.00,0.00,0.00,0.00,0.00,0.00,
Kode Item,Nama Item,SA (C),SS (C),TOTAL,,,,,,,
001265,SP SMARTFREN UNLI LITE 1GB/DAY,0 PCS,0 PCS,9 PCS,,,,,,,
TOTAL,0.00,0.00,9.00,,,,,,,
,Merk,Model,,,,,,,,,
,SP TELKOMSEL,REG,,,,,,,,,
Kode Item,Nama Item,ALFA 1 (C),ALFA 2 (C),ALFA 3 (C),ALFA 4 (C),ALFA 5 (C),ALFA 6 (C),ALFA 7 ,ASBER 1 (C),
001416,SP TELKOMSEL BIASA (ISI MASA AKTIF),0 PCS,0 PCS,0 PCS,0 PCS,0 PCS,0 PCS,0 PCS,0 PCS,
002750,SP TELKOMSEL BIASA (ISI MASA AKTIF),0 PCS,1 PCS,0 PCS,0 PCS,0 PCS,0 PCS,0 PCS,0 PCS,
TOTAL,0.00,1.00,0.00,0.00,0.00,0.00,0.00,0.00,
Kode Item,Nama Item,ASBER 2 (C),BK CIJAMBE ,BK JH1 ,BK JH2 (C),BK5 CIGER ,BK6 ,BK7 ,BK8 BAKSAR ,
001416,SP TELKOMSEL BIASA (ISI MASA AKTIF),0 PCS,0 PCS,0 PCS,0 PCS,0 PCS,0 PCS,0 PCS,0 PCS,
002750,SP TELKOMSEL BIASA (ISI MASA AKTIF),0 PCS,0 PCS,0 PCS,0 PCS,0 PCS,0 PCS,0 PCS,0 PCS,
TOTAL,0.00,0.00,0.00,0.00,0.00,0.00,0.00,0.00,
Kode Item,Nama Item,BK9 BAKSAR ,BKC ,BUNISARI ,CICUKANG ,CIKADUT 2,CIPADUNG 2 ,CIPAGALO ,CIPOREAT,
001416,SP TELKOMSEL BIASA (ISI MASA AKTIF),0 PCS,0 PCS,0 PCS,0 PCS,0 PCS,0 PCS,0 PCS,,
002750,SP TELKOMSEL BIASA (ISI MASA AKTIF),0 PCS,0 PCS,0 PCS,0 PCS,0 PCS,0 PCS,0 PCS,0 PCS,
TOTAL,0.00,0.00,0.00,0.00,0.00,0.00,0.00,0.00,
Kode Item,Nama Item,CISA (C),CK (C),CL 1 ,CL 2 ,CL 3 ,DM (C),Gudang,PC 3 (A),
001416,SP TELKOMSEL BIASA (ISI MASA AKTIF),0 PCS,0 PCS,0 PCS,0 PCS,0 PCS,0 PCS,0 PCS,0 PCS,
002750,SP TELKOMSEL BIASA (ISI MASA AKTIF),0 PCS,1 PCS,0 PCS,0 PCS,0 PCS,0 PCS,0 PCS,0 PCS,
TOTAL,0.00,1.00,0.00,0.00,0.00,0.00,0.00,0.00,
Kode Item,Nama Item,PC 4 (C),PC 5 (C),PD 1 (C),PD 2 (C),PD 3 (C),RK (C),SA (C),SS (C),
001416,SP TELKOMSEL BIASA (ISI MASA AKTIF),0 PCS,0 PCS,1 PCS,0 PCS,0 PCS,0 PCS,0 PCS,0 PCS,
,,,,,Bee Accounting,,,,,,,,
,15/09/2026,,,,,,,,
Kode Item,Nama Item,PC 4 (C),PC 5 (C),PD 1 (C),PD 2 (C),PD 3 (C),RK (C),SA (C),SS (C),
002750,SP TELKOMSEL BIASA (ISI MASA AKTIF),0 PCS,0 PCS,0 PCS,0 PCS,0 PCS,0 PCS,0 PCS,0 PCS,
TOTAL,0.00,0.00,1.00,0.00,0.00,0.00,0.00,0.00,
Kode Item,Nama Item,TOTAL,,,,,,,,,
001416,SP TELKOMSEL BIASA (ISI MASA AKTIF),1 PCS,,,,,,,,,
002750,SP TELKOMSEL BIASA (ISI MASA AKTIF),2 PCS,,,,,,,,,
TOTAL,3.00,,,,,,,,,
,Merk,Model,,,,,,,,,
,SP TELKOMSEL,SEGEL,,,,,,,,,
Kode Item,Nama Item,ALFA 1 (C),ALFA 2 (C),ALFA 3 (C),ALFA 4 (C),ALFA 5 (C),ALFA 6 (C),ALFA 7 ,ASBER 1 (C),
001270,SP TELKOMSEL 3 GB SEGEL MT 23-01-27 P,0 PCS,0 PCS,0 PCS,0 PCS,0 PCS,0 PCS,0 PCS,0 PCS,
001271,SP TELKOMSEL BIASA 0K,0 PCS,0 PCS,0 PCS,0 PCS,0 PCS,0 PCS,,0 PCS,
002219,SP BY.U 3 GB SEGEL MT 01-06-27 N,10 PCS,10 PCS,3 PCS,8 PCS,10 PCS,8 PCS,8 PCS,8 PCS,
002430,SP BY.U 10 GB SEGEL MT 10-06-27 RG,1 PCS,0 PCS,0 PCS,0 PCS,0 PCS,1 PCS,0 PCS,0 PCS,
002443,SP TELKOMSEL BIASA harusdiisi3gbdiapk (30/04/26) P,0 PCS,0 PCS,0 PCS,1 PCS,0 PCS,0 PCS,0 PCS,0 PCS,
002444,SP TELKOMSEL 3 GB SEGEL MT 26-05-27 RG,0 PCS,0 PCS,0 PCS,0 PCS,0 PCS,0 PCS,0 PCS,0 PCS,
002458,SP TELKOMSEL 3 GB SEGEL MT 12-12-26 P,0 PCS,0 PCS,0 PCS,0 PCS,0 PCS,0 PCS,0 PCS,0 PCS,
002483,SP BY.U 10 GB SEGEL MT 06-06-27 P,2 PCS,0 PCS,0 PCS,0 PCS,0 PCS,0 PCS,4 PCS,0 PCS,
002538,SP BY.U 3 GB SEGEL MT 11-04-27 P,0 PCS,0 PCS,0 PCS,0 PCS,0 PCS,0 PCS,0 PCS,0 PCS,
002553,SP BY.U 3 GB SEGEL MT 07-05-27 P,0 PCS,0 PCS,2 PCS,0 PCS,0 PCS,0 PCS,0 PCS,0 PCS,
002555,SP TELKOMSEL 3 GB SEGEL MT 10-07-27 IF,0 PCS,3 PCS,4 PCS,0 PCS,0 PCS,1 PCS,5 PCS,1 PCS,
002567,SP BY.U 3 GB SEGEL MT 27-05-27 P,0 PCS,0 PCS,3 PCS,0 PCS,0 PCS,0 PCS,0 PCS,0 PCS,
002568,SP TELKOMSEL 3 GB SEGEL MT 20-02-27 P,10 PCS,4 PCS,7 PCS,7 PCS,7 PCS,7 PCS,2 PCS,6 PCS,
002577,SP TELKOMSEL 3 GB SEGEL MT 18-11-26 P,0 PCS,0 PCS,0 PCS,0 PCS,0 PCS,0 PCS,0 PCS,0 PCS,
002580,SP TELKOMSEL 3 GB SEGEL MT 20-06-26 P,0 PCS,1 PCS,0 PCS,0 PCS,0 PCS,0 PCS,0 PCS,0 PCS,
TOTAL,23.00,18.00,19.00,16.00,17.00,17.00,19.00,15.00,
,,,,,Bee Accounting,,,,,,,,
,15/09/2026,,,,,,,,
Kode Item,Nama Item,ASBER 2 (C),BK CIJAMBE ,BK JH1 ,BK JH2 (C),BK5 CIGER ,BK6 ,BK7 ,BK8 BAKSAR ,
001270,SP TELKOMSEL 3 GB SEGEL MT 23-01-27 P,0 PCS,0 PCS,0 PCS,3 PCS,0 PCS,0 PCS,0 PCS,0 PCS,
001271,SP TELKOMSEL BIASA 0K,0 PCS,0 PCS,0 PCS,0 PCS,,,0 PCS,,
002219,SP BY.U 3 GB SEGEL MT 01-06-27 N,8 PCS,8 PCS,5 PCS,10 PCS,6 PCS,6 PCS,6 PCS,3 PCS,
002430,SP BY.U 10 GB SEGEL MT 10-06-27 RG,2 PCS,1 PCS,3 PCS,3 PCS,0 PCS,2 PCS,0 PCS,1 PCS,
002443,SP TELKOMSEL BIASA harusdiisi3gbdiapk (30/04/26) P,0 PCS,0 PCS,0 PCS,1 PCS,0 PCS,0 PCS,0 PCS,0 PCS,
002444,SP TELKOMSEL 3 GB SEGEL MT 26-05-27 RG,0 PCS,0 PCS,0 PCS,0 PCS,0 PCS,0 PCS,0 PCS,0 PCS,
002458,SP TELKOMSEL 3 GB SEGEL MT 12-12-26 P,0 PCS,0 PCS,0 PCS,0 PCS,0 PCS,0 PCS,0 PCS,0 PCS,
002483,SP BY.U 10 GB SEGEL MT 06-06-27 P,6 PCS,0 PCS,4 PCS,6 PCS,0 PCS,0 PCS,0 PCS,3 PCS,
002538,SP BY.U 3 GB SEGEL MT 11-04-27 P,0 PCS,0 PCS,0 PCS,0 PCS,0 PCS,0 PCS,0 PCS,1 PCS,
002553,SP BY.U 3 GB SEGEL MT 07-05-27 P,0 PCS,0 PCS,3 PCS,0 PCS,0 PCS,0 PCS,0 PCS,2 PCS,
002555,SP TELKOMSEL 3 GB SEGEL MT 10-07-27 IF,5 PCS,1 PCS,2 PCS,2 PCS,0 PCS,3 PCS,3 PCS,2 PCS,
002567,SP BY.U 3 GB SEGEL MT 27-05-27 P,1 PCS,0 PCS,0 PCS,0 PCS,0 PCS,0 PCS,0 PCS,0 PCS,
002568,SP TELKOMSEL 3 GB SEGEL MT 20-02-27 P,4 PCS,6 PCS,6 PCS,4 PCS,7 PCS,2 PCS,7 PCS,7 PCS,
002577,SP TELKOMSEL 3 GB SEGEL MT 18-11-26 P,0 PCS,0 PCS,0 PCS,0 PCS,0 PCS,0 PCS,0 PCS,0 PCS,
002580,SP TELKOMSEL 3 GB SEGEL MT 20-06-26 P,0 PCS,0 PCS,0 PCS,0 PCS,0 PCS,0 PCS,0 PCS,0 PCS,
TOTAL,26.00,16.00,23.00,29.00,13.00,13.00,16.00,19.00,
Kode Item,Nama Item,BK9 BAKSAR ,BKC ,BUNISARI ,CICUKANG ,CIHAURKUK,CIKADUT 2,CIPADUNG 2 ,CIPAGALO ,
001270,SP TELKOMSEL 3 GB SEGEL MT 23-01-27 P,0 PCS,0 PCS,0 PCS,1 PCS,0 PCS,0 PCS,0 PCS,1 PCS,
001271,SP TELKOMSEL BIASA 0K,,0 PCS,0 PCS,,,,,,
002219,SP BY.U 3 GB SEGEL MT 01-06-27 N,4 PCS,8 PCS,15 PCS,8 PCS,5 PCS,5 PCS,4 PCS,2 PCS,
002430,SP BY.U 10 GB SEGEL MT 10-06-27 RG,0 PCS,1 PCS,0 PCS,0 PCS,0 PCS,,0 PCS,2 PCS,
002443,SP TELKOMSEL BIASA harusdiisi3gbdiapk (30/04/26) P,0 PCS,0 PCS,0 PCS,0 PCS,,0 PCS,0 PCS,0 PCS,
002444,SP TELKOMSEL 3 GB SEGEL MT 26-05-27 RG,0 PCS,0 PCS,0 PCS,,,,0 PCS,,
002458,SP TELKOMSEL 3 GB SEGEL MT 12-12-26 P,0 PCS,0 PCS,0 PCS,0 PCS,0 PCS,0 PCS,0 PCS,0 PCS,
,,,,Bee Accounting,,,,,,,,
,15/09/2026,,,,,,,
Kode Item,Nama Item,BK9 BAKSAR ,BKC ,BUNISARI ,CICUKANG ,CIHAURKUK,CIKADUT 2,CIPADUNG 2 ,CIPAGALO ,
002483,SP BY.U 10 GB SEGEL MT 06-06-27 P,4 PCS,0 PCS,0 PCS,3 PCS,0 PCS,2 PCS,0 PCS,3 PCS,
002538,SP BY.U 3 GB SEGEL MT 11-04-27 P,1 PCS,1 PCS,0 PCS,0 PCS,,,0 PCS,0 PCS,
002553,SP BY.U 3 GB SEGEL MT 07-05-27 P,0 PCS,0 PCS,0 PCS,0 PCS,,1 PCS,0 PCS,1 PCS,
002555,SP TELKOMSEL 3 GB SEGEL MT 10-07-27 IF,5 PCS,0 PCS,0 PCS,7 PCS,3 PCS,1 PCS,0 PCS,6 PCS,
002567,SP BY.U 3 GB SEGEL MT 27-05-27 P,0 PCS,0 PCS,0 PCS,0 PCS,,0 PCS,0 PCS,2 PCS,
002568,SP TELKOMSEL 3 GB SEGEL MT 20-02-27 P,2 PCS,3 PCS,2 PCS,2 PCS,,2 PCS,0 PCS,0 PCS,
002577,SP TELKOMSEL 3 GB SEGEL MT 18-11-26 P,0 PCS,0 PCS,0 PCS,0 PCS,1 PCS,,0 PCS,0 PCS,
002580,SP TELKOMSEL 3 GB SEGEL MT 20-06-26 P,0 PCS,0 PCS,0 PCS,0 PCS,,1 PCS,0 PCS,0 PCS,
TOTAL,16.00,13.00,17.00,21.00,9.00,12.00,4.00,17.00,
Kode Item,Nama Item,CIPOREAT,CISA (C),CK (C),CL 1 ,CL 2 ,CL 3 ,CL 4 ,DM (C),
001270,SP TELKOMSEL 3 GB SEGEL MT 23-01-27 P,0 PCS,1 PCS,0 PCS,0 PCS,0 PCS,0 PCS,,0 PCS,
001271,SP TELKOMSEL BIASA 0K,,0 PCS,0 PCS,,,,,0 PCS,
002219,SP BY.U 3 GB SEGEL MT 01-06-27 N,5 PCS,7 PCS,6 PCS,5 PCS,5 PCS,5 PCS,5 PCS,5 PCS,
002430,SP BY.U 10 GB SEGEL MT 10-06-27 RG,,0 PCS,0 PCS,0 PCS,0 PCS,,,3 PCS,
002443,SP TELKOMSEL BIASA harusdiisi3gbdiapk (30/04/26) P,,0 PCS,0 PCS,0 PCS,,,,0 PCS,
002444,SP TELKOMSEL 3 GB SEGEL MT 26-05-27 RG,,0 PCS,0 PCS,0 PCS,0 PCS,,0 PCS,0 PCS,
002458,SP TELKOMSEL 3 GB SEGEL MT 12-12-26 P,0 PCS,0 PCS,0 PCS,2 PCS,0 PCS,0 PCS,,0 PCS,
002483,SP BY.U 10 GB SEGEL MT 06-06-27 P,3 PCS,0 PCS,0 PCS,3 PCS,0 PCS,0 PCS,,4 PCS,
002538,SP BY.U 3 GB SEGEL MT 11-04-27 P,,0 PCS,0 PCS,0 PCS,0 PCS,,,0 PCS,
002553,SP BY.U 3 GB SEGEL MT 07-05-27 P,0 PCS,0 PCS,0 PCS,0 PCS,0 PCS,0 PCS,,0 PCS,
002555,SP TELKOMSEL 3 GB SEGEL MT 10-07-27 IF,4 PCS,4 PCS,0 PCS,3 PCS,0 PCS,3 PCS,1 PCS,11 PCS,
002567,SP BY.U 3 GB SEGEL MT 27-05-27 P,0 PCS,0 PCS,1 PCS,0 PCS,0 PCS,0 PCS,,0 PCS,
002568,SP TELKOMSEL 3 GB SEGEL MT 20-02-27 P,1 PCS,4 PCS,1 PCS,,7 PCS,2 PCS,3 PCS,2 PCS,
002577,SP TELKOMSEL 3 GB SEGEL MT 18-11-26 P,0 PCS,0 PCS,0 PCS,0 PCS,0 PCS,1 PCS,,0 PCS,
,,,,Bee Accounting,,,,,,,,
,15/09/2026,,,,,,,
Kode Item,Nama Item,CIPOREAT,CISA (C),CK (C),CL 1 ,CL 2 ,CL 3 ,CL 4 ,DM (C),
002580,SP TELKOMSEL 3 GB SEGEL MT 20-06-26 P,0 PCS,0 PCS,0 PCS,0 PCS,0 PCS,0 PCS,,0 PCS,
TOTAL,13.00,16.00,8.00,13.00,12.00,11.00,9.00,25.00,
Kode Item,Nama Item,Gudang,PC 3 (A),PC 4 (C),PC 5 (C),PD 1 (C),PD 2 (C),PD 3 (C),RK (C),
001270,SP TELKOMSEL 3 GB SEGEL MT 23-01-27 P,0 PCS,0 PCS,0 PCS,0 PCS,0 PCS,0 PCS,2 PCS,0 PCS,
001271,SP TELKOMSEL BIASA 0K,0 PCS,0 PCS,0 PCS,0 PCS,1 PCS,0 PCS,,0 PCS,
002219,SP BY.U 3 GB SEGEL MT 01-06-27 N,0 PCS,6 PCS,6 PCS,10 PCS,8 PCS,9 PCS,5 PCS,10 PCS,
002430,SP BY.U 10 GB SEGEL MT 10-06-27 RG,0 PCS,0 PCS,2 PCS,0 PCS,0 PCS,0 PCS,0 PCS,0 PCS,
002443,SP TELKOMSEL BIASA harusdiisi3gbdiapk (30/04/26) P,0 PCS,1 PCS,0 PCS,0 PCS,0 PCS,1 PCS,0 PCS,0 PCS,
002444,SP TELKOMSEL 3 GB SEGEL MT 26-05-27 RG,0 PCS,0 PCS,0 PCS,0 PCS,0 PCS,0 PCS,,0 PCS,
002458,SP TELKOMSEL 3 GB SEGEL MT 12-12-26 P,0 PCS,0 PCS,0 PCS,0 PCS,0 PCS,0 PCS,0 PCS,0 PCS,
002483,SP BY.U 10 GB SEGEL MT 06-06-27 P,0 PCS,0 PCS,1 PCS,0 PCS,0 PCS,0 PCS,0 PCS,0 PCS,
002538,SP BY.U 3 GB SEGEL MT 11-04-27 P,0 PCS,0 PCS,0 PCS,0 PCS,0 PCS,0 PCS,0 PCS,0 PCS,
002553,SP BY.U 3 GB SEGEL MT 07-05-27 P,0 PCS,0 PCS,0 PCS,0 PCS,0 PCS,0 PCS,0 PCS,0 PCS,
002555,SP TELKOMSEL 3 GB SEGEL MT 10-07-27 IF,0 PCS,0 PCS,0 PCS,0 PCS,2 PCS,0 PCS,0 PCS,0 PCS,
002567,SP BY.U 3 GB SEGEL MT 27-05-27 P,0 PCS,0 PCS,0 PCS,0 PCS,0 PCS,0 PCS,0 PCS,0 PCS,
002568,SP TELKOMSEL 3 GB SEGEL MT 20-02-27 P,0 PCS,6 PCS,2 PCS,10 PCS,0 PCS,9 PCS,3 PCS,3 PCS,
002577,SP TELKOMSEL 3 GB SEGEL MT 18-11-26 P,0 PCS,0 PCS,0 PCS,0 PCS,0 PCS,0 PCS,0 PCS,0 PCS,
002580,SP TELKOMSEL 3 GB SEGEL MT 20-06-26 P,0 PCS,0 PCS,0 PCS,0 PCS,0 PCS,0 PCS,0 PCS,0 PCS,
TOTAL,0.00,13.00,11.00,20.00,11.00,19.00,10.00,13.00,
Kode Item,Nama Item,SA (C),SS (C),TOTAL,,,,,,,
001270,SP TELKOMSEL 3 GB SEGEL MT 23-01-27 P,0 PCS,0 PCS,8 PCS,,,,,,,
001271,SP TELKOMSEL BIASA 0K,0 PCS,0 PCS,1 PCS,,,,,,,
002219,SP BY.U 3 GB SEGEL MT 01-06-27 N,8 PCS,6 PCS,279 PCS,,,,,,,
002430,SP BY.U 10 GB SEGEL MT 10-06-27 RG,0 PCS,1 PCS,23 PCS,,,,,,,
,,,,Bee Accounting,,,,,,,,
,15/09/2026,,,,,,,
Kode Item,Nama Item,SA (C),SS (C),TOTAL,,,,,,,
002443,SP TELKOMSEL BIASA harusdiisi3gbdiapk (30/04/26) P,0 PCS,0 PCS,4 PCS,,,,,,,
002444,SP TELKOMSEL 3 GB SEGEL MT 26-05-27 RG,0 PCS,0 PCS,0 PCS,,,,,,,
002458,SP TELKOMSEL 3 GB SEGEL MT 12-12-26 P,0 PCS,0 PCS,2 PCS,,,,,,,
002483,SP BY.U 10 GB SEGEL MT 06-06-27 P,0 PCS,2 PCS,50 PCS,,,,,,,
002538,SP BY.U 3 GB SEGEL MT 11-04-27 P,0 PCS,0 PCS,3 PCS,,,,,,,
002553,SP BY.U 3 GB SEGEL MT 07-05-27 P,0 PCS,0 PCS,9 PCS,,,,,,,
002555,SP TELKOMSEL 3 GB SEGEL MT 10-07-27 IF,0 PCS,2 PCS,84 PCS,,,,,,,
002567,SP BY.U 3 GB SEGEL MT 27-05-27 P,0 PCS,1 PCS,8 PCS,,,,,,,
002568,SP TELKOMSEL 3 GB SEGEL MT 20-02-27 P,5 PCS,4 PCS,166 PCS,,,,,,,
002577,SP TELKOMSEL 3 GB SEGEL MT 18-11-26 P,0 PCS,0 PCS,2 PCS,,,,,,,
002580,SP TELKOMSEL 3 GB SEGEL MT 20-06-26 P,0 PCS,0 PCS,2 PCS,,,,,,,
TOTAL,13.00,16.00,641.00,,,,,,,
,Merk,Model,,,,,,,,,
,SP TRI,SEGEL,,,,,,,,,
Kode Item,Nama Item,ALFA 1 (C),ALFA 2 (C),ALFA 3 (C),ALFA 4 (C),ALFA 5 (C),ALFA 6 (C),ALFA 7 ,ASBER 1 (C),
002437,SP TRI 3 GB SEGEL MT 31-03-27 H,0 PCS,0 PCS,0 PCS,0 PCS,0 PCS,0 PCS,0 PCS,0 PCS,
002451,SP TRI 3 GB SEGEL MT 02-04-27 H,0 PCS,0 PCS,3 PCS,0 PCS,0 PCS,0 PCS,0 PCS,0 PCS,
002551,SP TRI 3 GB SEGEL MT 11-01-27 H,0 PCS,1 PCS,0 PCS,0 PCS,0 PCS,0 PCS,0 PCS,0 PCS,
002566,SP TRI 3 GB SEGEL MT 02-05-27 H,9 PCS,11 PCS,5 PCS,6 PCS,1 PCS,14 PCS,3 PCS,8 PCS,
002755,SP TRI 3 GB SEGEL MT 30-11-27 H,0 PCS,1 PCS,0 PCS,0 PCS,0 PCS,0 PCS,0 PCS,0 PCS,
003061,SP TRI 3 GB SEGEL MT 03-06-27 H,10 PCS,6 PCS,10 PCS,11 PCS,15 PCS,0 PCS,6 PCS,7 PCS,
TOTAL,19.00,19.00,18.00,17.00,16.00,14.00,9.00,15.00,
Kode Item,Nama Item,ASBER 2 (C),BK CIJAMBE ,BK JH1 ,BK JH2 (C),BK5 CIGER ,BK6 ,BK7 ,BK8 BAKSAR ,
002437,SP TRI 3 GB SEGEL MT 31-03-27 H,0 PCS,0 PCS,0 PCS,0 PCS,1 PCS,0 PCS,0 PCS,0 PCS,
002451,SP TRI 3 GB SEGEL MT 02-04-27 H,0 PCS,3 PCS,0 PCS,0 PCS,0 PCS,0 PCS,0 PCS,1 PCS,
002551,SP TRI 3 GB SEGEL MT 11-01-27 H,0 PCS,0 PCS,0 PCS,0 PCS,0 PCS,0 PCS,0 PCS,0 PCS,
002566,SP TRI 3 GB SEGEL MT 02-05-27 H,10 PCS,6 PCS,10 PCS,11 PCS,8 PCS,6 PCS,3 PCS,10 PCS,
002755,SP TRI 3 GB SEGEL MT 30-11-27 H,0 PCS,0 PCS,1 PCS,0 PCS,0 PCS,0 PCS,0 PCS,0 PCS,
,,,,,Bee Accounting,,,,,,,,
,15/09/2026,,,,,,,,
Kode Item,Nama Item,ASBER 2 (C),BK CIJAMBE ,BK JH1 ,BK JH2 (C),BK5 CIGER ,BK6 ,BK7 ,BK8 BAKSAR ,
003061,SP TRI 3 GB SEGEL MT 03-06-27 H,7 PCS,5 PCS,2 PCS,7 PCS,1 PCS,8 PCS,6 PCS,1 PCS,
TOTAL,17.00,14.00,13.00,18.00,10.00,14.00,9.00,12.00,
Kode Item,Nama Item,BK9 BAKSAR ,BKC ,BUNISARI ,CICUKANG ,CIHAURKUK,CIKADUT 2,CIPADUNG 2 ,CIPAGALO ,
002437,SP TRI 3 GB SEGEL MT 31-03-27 H,0 PCS,0 PCS,0 PCS,0 PCS,,0 PCS,0 PCS,0 PCS,
002451,SP TRI 3 GB SEGEL MT 02-04-27 H,1 PCS,0 PCS,0 PCS,0 PCS,1 PCS,2 PCS,0 PCS,0 PCS,
002551,SP TRI 3 GB SEGEL MT 11-01-27 H,,0 PCS,0 PCS,0 PCS,,0 PCS,0 PCS,0 PCS,
002566,SP TRI 3 GB SEGEL MT 02-05-27 H,7 PCS,9 PCS,10 PCS,11 PCS,2 PCS,4 PCS,3 PCS,8 PCS,
002755,SP TRI 3 GB SEGEL MT 30-11-27 H,1 PCS,0 PCS,0 PCS,0 PCS,,0 PCS,0 PCS,0 PCS,
003061,SP TRI 3 GB SEGEL MT 03-06-27 H,0 PCS,6 PCS,10 PCS,0 PCS,3 PCS,0 PCS,0 PCS,3 PCS,
TOTAL,9.00,15.00,20.00,11.00,6.00,6.00,3.00,11.00,
Kode Item,Nama Item,CIPOREAT,CISA (C),CK (C),CL 1 ,CL 2 ,CL 3 ,CL 4 ,DM (C),
002437,SP TRI 3 GB SEGEL MT 31-03-27 H,0 PCS,2 PCS,0 PCS,0 PCS,0 PCS,0 PCS,,0 PCS,
002451,SP TRI 3 GB SEGEL MT 02-04-27 H,0 PCS,0 PCS,0 PCS,0 PCS,0 PCS,0 PCS,,0 PCS,
002551,SP TRI 3 GB SEGEL MT 11-01-27 H,,0 PCS,0 PCS,0 PCS,0 PCS,0 PCS,,0 PCS,
002566,SP TRI 3 GB SEGEL MT 02-05-27 H,5 PCS,9 PCS,7 PCS,7 PCS,2 PCS,6 PCS,4 PCS,5 PCS,
002755,SP TRI 3 GB SEGEL MT 30-11-27 H,0 PCS,0 PCS,0 PCS,0 PCS,0 PCS,0 PCS,,0 PCS,
003061,SP TRI 3 GB SEGEL MT 03-06-27 H,3 PCS,3 PCS,5 PCS,0 PCS,7 PCS,,5 PCS,10 PCS,
TOTAL,8.00,14.00,12.00,7.00,9.00,6.00,9.00,15.00,
Kode Item,Nama Item,Gudang,PC 3 (A),PC 4 (C),PC 5 (C),PD 1 (C),PD 2 (C),PD 3 (C),RK (C),
002437,SP TRI 3 GB SEGEL MT 31-03-27 H,0 PCS,0 PCS,0 PCS,0 PCS,0 PCS,0 PCS,0 PCS,0 PCS,
002451,SP TRI 3 GB SEGEL MT 02-04-27 H,0 PCS,0 PCS,4 PCS,0 PCS,0 PCS,0 PCS,0 PCS,0 PCS,
002551,SP TRI 3 GB SEGEL MT 11-01-27 H,0 PCS,0 PCS,0 PCS,0 PCS,0 PCS,0 PCS,0 PCS,0 PCS,
002566,SP TRI 3 GB SEGEL MT 02-05-27 H,0 PCS,6 PCS,2 PCS,7 PCS,8 PCS,6 PCS,6 PCS,14 PCS,
002755,SP TRI 3 GB SEGEL MT 30-11-27 H,0 PCS,0 PCS,2 PCS,0 PCS,0 PCS,0 PCS,0 PCS,0 PCS,
003061,SP TRI 3 GB SEGEL MT 03-06-27 H,121 PCS,5 PCS,2 PCS,5 PCS,5 PCS,10 PCS,5 PCS,4 PCS,
TOTAL,121.00,11.00,10.00,12.00,13.00,16.00,11.00,18.00,
Kode Item,Nama Item,SA (C),SS (C),TOTAL,,,,,,,
002437,SP TRI 3 GB SEGEL MT 31-03-27 H,0 PCS,0 PCS,3 PCS,,,,,,,
002451,SP TRI 3 GB SEGEL MT 02-04-27 H,0 PCS,2 PCS,17 PCS,,,,,,,
002551,SP TRI 3 GB SEGEL MT 11-01-27 H,0 PCS,0 PCS,1 PCS,,,,,,,
002566,SP TRI 3 GB SEGEL MT 02-05-27 H,4 PCS,3 PCS,276 PCS,,,,,,,
002755,SP TRI 3 GB SEGEL MT 30-11-27 H,0 PCS,0 PCS,5 PCS,,,,,,,
,,,,Bee Accounting,,,,,,,,
,15/09/2026,,,,,,,
Kode Item,Nama Item,SA (C),SS (C),TOTAL,,,,,,,
003061,SP TRI 3 GB SEGEL MT 03-06-27 H,10 PCS,3 PCS,327 PCS,,,,,,,
TOTAL,14.00,8.00,629.00,,,,,,,
,Merk,Model,,,,,,,,,
,SP XL,SEGEL,,,,,,,,,
Kode Item,Nama Item,ALFA 1 (C),ALFA 2 (C),ALFA 3 (C),ALFA 4 (C),ALFA 5 (C),ALFA 6 (C),ALFA 7 ,ASBER 1 (C),
001252,SP XL 10 GB SEGEL MT 24-05-27 B,5 PCS,6 PCS,4 PCS,2 PCS,6 PCS,5 PCS,5 PCS,3 PCS,
001268,SP XL 3 GB SEGEL MT 19-01-27 IR,0 PCS,0 PCS,0 PCS,0 PCS,0 PCS,0 PCS,0 PCS,0 PCS,
002225,SP XL 3 GB SEGEL MT 27-02-27 B,1 PCS,1 PCS,0 PCS,0 PCS,0 PCS,0 PCS,0 PCS,0 PCS,
002393,SP XL KOSONG,0 PCS,0 PCS,0 PCS,0 PCS,0 PCS,0 PCS,0 PCS,0 PCS,
002419,SP XL 3 GB SEGEL MT 07-08-27 B,14 PCS,15 PCS,13 PCS,15 PCS,16 PCS,14 PCS,8 PCS,16 PCS,
002621,SP XL 3 GB SEGEL MT 18-01-27 N,0 PCS,0 PCS,0 PCS,0 PCS,0 PCS,0 PCS,0 PCS,0 PCS,
002622,SP XL 3 GB SEGEL MT 06-03-27 B,0 PCS,1 PCS,0 PCS,0 PCS,0 PCS,0 PCS,0 PCS,0 PCS,
TOTAL,20.00,23.00,17.00,17.00,22.00,19.00,13.00,19.00,
Kode Item,Nama Item,ASBER 2 (C),BK CIJAMBE ,BK JH1 ,BK JH2 (C),BK5 CIGER ,BK6 ,BK7 ,BK8 BAKSAR ,
001252,SP XL 10 GB SEGEL MT 24-05-27 B,6 PCS,4 PCS,3 PCS,4 PCS,2 PCS,2 PCS,1 PCS,1 PCS,
001268,SP XL 3 GB SEGEL MT 19-01-27 IR,0 PCS,0 PCS,0 PCS,0 PCS,1 PCS,1 PCS,0 PCS,0 PCS,
002225,SP XL 3 GB SEGEL MT 27-02-27 B,3 PCS,4 PCS,0 PCS,6 PCS,0 PCS,0 PCS,0 PCS,0 PCS,
002393,SP XL KOSONG,0 PCS,0 PCS,0 PCS,0 PCS,0 PCS,0 PCS,0 PCS,0 PCS,
002419,SP XL 3 GB SEGEL MT 07-08-27 B,11 PCS,8 PCS,15 PCS,8 PCS,8 PCS,7 PCS,7 PCS,5 PCS,
002621,SP XL 3 GB SEGEL MT 18-01-27 N,0 PCS,0 PCS,0 PCS,0 PCS,0 PCS,0 PCS,0 PCS,0 PCS,
002622,SP XL 3 GB SEGEL MT 06-03-27 B,0 PCS,0 PCS,0 PCS,0 PCS,2 PCS,1 PCS,0 PCS,2 PCS,
TOTAL,20.00,16.00,18.00,18.00,13.00,11.00,8.00,8.00,
Kode Item,Nama Item,BK9 BAKSAR ,BKC ,BUNISARI ,CICUKANG ,CIHAURKUK,CIKADUT 2,CIPADUNG 2 ,CIPAGALO ,
001252,SP XL 10 GB SEGEL MT 24-05-27 B,3 PCS,3 PCS,3 PCS,3 PCS,1 PCS,4 PCS,0 PCS,2 PCS,
001268,SP XL 3 GB SEGEL MT 19-01-27 IR,0 PCS,1 PCS,0 PCS,0 PCS,,0 PCS,0 PCS,0 PCS,
002225,SP XL 3 GB SEGEL MT 27-02-27 B,1 PCS,0 PCS,0 PCS,0 PCS,,0 PCS,0 PCS,0 PCS,
002393,SP XL KOSONG,,0 PCS,0 PCS,,,,,,
002419,SP XL 3 GB SEGEL MT 07-08-27 B,2 PCS,10 PCS,17 PCS,12 PCS,9 PCS,5 PCS,5 PCS,8 PCS,
002621,SP XL 3 GB SEGEL MT 18-01-27 N,0 PCS,0 PCS,0 PCS,0 PCS,,1 PCS,0 PCS,0 PCS,
002622,SP XL 3 GB SEGEL MT 06-03-27 B,1 PCS,1 PCS,0 PCS,0 PCS,2 PCS,2 PCS,0 PCS,0 PCS,
TOTAL,7.00,15.00,20.00,15.00,12.00,12.00,5.00,10.00,
,,,,,Bee Accounting,,,,,,,,
,15/09/2026,,,,,,,,
Kode Item,Nama Item,CIPOREAT,CISA (C),CK (C),CL 1 ,CL 2 ,CL 3 ,CL 4 ,DM (C),
001252,SP XL 10 GB SEGEL MT 24-05-27 B,2 PCS,4 PCS,1 PCS,3 PCS,2 PCS,2 PCS,2 PCS,3 PCS,
001268,SP XL 3 GB SEGEL MT 19-01-27 IR,,0 PCS,0 PCS,3 PCS,0 PCS,5 PCS,,0 PCS,
002225,SP XL 3 GB SEGEL MT 27-02-27 B,0 PCS,0 PCS,0 PCS,2 PCS,0 PCS,,0 PCS,0 PCS,
002393,SP XL KOSONG,,0 PCS,0 PCS,,0 PCS,,,0 PCS,
002419,SP XL 3 GB SEGEL MT 07-08-27 B,5 PCS,17 PCS,10 PCS,2 PCS,4 PCS,0 PCS,9 PCS,14 PCS,
002621,SP XL 3 GB SEGEL MT 18-01-27 N,,0 PCS,0 PCS,0 PCS,0 PCS,,,0 PCS,
002622,SP XL 3 GB SEGEL MT 06-03-27 B,0 PCS,0 PCS,0 PCS,0 PCS,1 PCS,4 PCS,,0 PCS,
TOTAL,7.00,21.00,11.00,10.00,7.00,11.00,11.00,17.00,
Kode Item,Nama Item,Gudang,PC 3 (A),PC 4 (C),PC 5 (C),PD 1 (C),PD 2 (C),PD 3 (C),RK (C),
001252,SP XL 10 GB SEGEL MT 24-05-27 B,0 PCS,0 PCS,1 PCS,2 PCS,6 PCS,0 PCS,4 PCS,2 PCS,
001268,SP XL 3 GB SEGEL MT 19-01-27 IR,0 PCS,0 PCS,0 PCS,0 PCS,0 PCS,0 PCS,0 PCS,0 PCS,
002225,SP XL 3 GB SEGEL MT 27-02-27 B,0 PCS,1 PCS,0 PCS,0 PCS,0 PCS,0 PCS,1 PCS,0 PCS,
002393,SP XL KOSONG,0 PCS,0 PCS,0 PCS,0 PCS,0 PCS,0 PCS,0 PCS,0 PCS,
002419,SP XL 3 GB SEGEL MT 07-08-27 B,0 PCS,9 PCS,10 PCS,13 PCS,11 PCS,13 PCS,5 PCS,16 PCS,
002621,SP XL 3 GB SEGEL MT 18-01-27 N,200 PCS,0 PCS,0 PCS,0 PCS,0 PCS,0 PCS,1 PCS,0 PCS,
002622,SP XL 3 GB SEGEL MT 06-03-27 B,0 PCS,0 PCS,1 PCS,0 PCS,0 PCS,0 PCS,1 PCS,0 PCS,
TOTAL,200.00,10.00,12.00,15.00,17.00,13.00,12.00,18.00,
Kode Item,Nama Item,SA (C),SS (C),TOTAL,,,,,,,
001252,SP XL 10 GB SEGEL MT 24-05-27 B,3 PCS,2 PCS,117 PCS,,,,,,,
001268,SP XL 3 GB SEGEL MT 19-01-27 IR,0 PCS,0 PCS,11 PCS,,,,,,,
002225,SP XL 3 GB SEGEL MT 27-02-27 B,0 PCS,0 PCS,20 PCS,,,,,,,
002393,SP XL KOSONG,0 PCS,0 PCS,0 PCS,,,,,,,
002419,SP XL 3 GB SEGEL MT 07-08-27 B,15 PCS,9 PCS,410 PCS,,,,,,,
002621,SP XL 3 GB SEGEL MT 18-01-27 N,0 PCS,0 PCS,202 PCS,,,,,,,
002622,SP XL 3 GB SEGEL MT 06-03-27 B,0 PCS,0 PCS,19 PCS,,,,,,,
TOTAL,18.00,11.00,779.00,,,,,,,
,Merk,Model,,,,,,,,,
,SP XL,< kosong >,,,,,,,,,
Kode Item,Nama Item,ALFA 2 (C),ALFA 3 (C),ALFA 4 (C),ALFA 5 (C),ASBER 1 (C),ASBER 2 (C),BK JH1 ,BK JH2 (C),
002620,SP XL 3 GB SEGEL MT 25-05-27 B,0 PCS,0 PCS,0 PCS,0 PCS,0 PCS,0 PCS,0 PCS,0 PCS,
TOTAL,0.00,0.00,0.00,0.00,0.00,0.00,0.00,0.00,
,,,,,Bee Accounting,,,,,,,,
,15/09/2026,,,,,,,,
Kode Item,Nama Item,BK7 ,BUNISARI ,CIPAGALO ,CIPOREAT,DM (C),Gudang,PC 3 (A),PC 4 (C),
002620,SP XL 3 GB SEGEL MT 25-05-27 B,1 PCS,0 PCS,1 PCS,0 PCS,0 PCS,0 PCS,0 PCS,0 PCS,
TOTAL,1.00,0.00,1.00,0.00,0.00,0.00,0.00,0.00,
Kode Item,Nama Item,PC 5 (C),PD 2 (C),SA (C),TOTAL,,,,,,
002620,SP XL 3 GB SEGEL MT 25-05-27 B,0 PCS,0 PCS,0 PCS,2 PCS,,,,,,
TOTAL,0.00,0.00,0.00,2.00,,,,,,
,Group,,,,,,,,,,,,
,VOUCHER,,,,,,,,,,,,
,Merk,Model,,,,,,,,,
,VOUCER AXIS,< kosong >,,,,,,,,,
Kode Item,Nama Item,ALFA 1 (C),ALFA 2 (C),ALFA 3 (C),ALFA 4 (C),ALFA 5 (C),ALFA 6 (C),ALFA 7 ,ASBER 1 (C),
001341,V. AXIS AIGO 22 GB 28HR/16 gb 28hr,3 PCS,1 PCS,1 PCS,3 PCS,2 PCS,2 PCS,0 PCS,1 PCS,
001342,V. AXIS AIGO 15 GB 1HR,4 PCS,3 PCS,2 PCS,1 PCS,3 PCS,6 PCS,4 PCS,3 PCS,
001347,V. AXIS AIGO 10 GB 28HR/9 gb 28hr,4 PCS,0 PCS,4 PCS,2 PCS,4 PCS,4 PCS,0 PCS,6 PCS,
001348,V. AXIS AIGO 14 GB 28HR/10 gb 28hr,1 PCS,3 PCS,2 PCS,2 PCS,3 PCS,0 PCS,1 PCS,2 PCS,
TOTAL,12.00,7.00,9.00,8.00,12.00,12.00,5.00,12.00,
Kode Item,Nama Item,ASBER 2 (C),BK CIJAMBE ,BK JH1 ,BK JH2 (C),BK5 CIGER ,BK6 ,BK7 ,BK8 BAKSAR ,
001341,V. AXIS AIGO 22 GB 28HR/16 gb 28hr,1 PCS,2 PCS,1 PCS,2 PCS,2 PCS,2 PCS,3 PCS,0 PCS,
001342,V. AXIS AIGO 15 GB 1HR,3 PCS,4 PCS,3 PCS,2 PCS,3 PCS,1 PCS,3 PCS,1 PCS,
001347,V. AXIS AIGO 10 GB 28HR/9 gb 28hr,4 PCS,6 PCS,4 PCS,1 PCS,4 PCS,5 PCS,6 PCS,3 PCS,
001348,V. AXIS AIGO 14 GB 28HR/10 gb 28hr,0 PCS,0 PCS,0 PCS,0 PCS,0 PCS,1 PCS,0 PCS,1 PCS,
TOTAL,8.00,12.00,8.00,5.00,9.00,9.00,12.00,5.00,
Kode Item,Nama Item,BK9 BAKSAR ,BKC ,BUNISARI ,CICUKANG ,CIHAURKUK,CIKADUT 2,CIPADUNG 2 ,CIPAGALO ,
001341,V. AXIS AIGO 22 GB 28HR/16 gb 28hr,1 PCS,2 PCS,1 PCS,1 PCS,2 PCS,2 PCS,2 PCS,2 PCS,
001342,V. AXIS AIGO 15 GB 1HR,2 PCS,4 PCS,1 PCS,1 PCS,3 PCS,2 PCS,2 PCS,4 PCS,
001347,V. AXIS AIGO 10 GB 28HR/9 gb 28hr,3 PCS,11 PCS,5 PCS,5 PCS,5 PCS,3 PCS,6 PCS,7 PCS,
001348,V. AXIS AIGO 14 GB 28HR/10 gb 28hr,0 PCS,1 PCS,2 PCS,0 PCS,1 PCS,1 PCS,1 PCS,0 PCS,
,,,,,Bee Accounting,,,,,,,,
,15/09/2026,,,,,,,,
Kode Item,Nama Item,BK9 BAKSAR ,BKC ,BUNISARI ,CICUKANG ,CIHAURKUK,CIKADUT 2,CIPADUNG 2 ,CIPAGALO ,
TOTAL,6.00,18.00,9.00,7.00,11.00,8.00,11.00,13.00,
Kode Item,Nama Item,CIPOREAT,CISA (C),CK (C),CL 1 ,CL 2 ,CL 3 ,CL 4 ,DM (C),
001341,V. AXIS AIGO 22 GB 28HR/16 gb 28hr,2 PCS,3 PCS,3 PCS,2 PCS,2 PCS,2 PCS,2 PCS,2 PCS,
001342,V. AXIS AIGO 15 GB 1HR,1 PCS,2 PCS,6 PCS,2 PCS,4 PCS,2 PCS,1 PCS,4 PCS,
001347,V. AXIS AIGO 10 GB 28HR/9 gb 28hr,6 PCS,6 PCS,2 PCS,7 PCS,6 PCS,5 PCS,3 PCS,5 PCS,
001348,V. AXIS AIGO 14 GB 28HR/10 gb 28hr,0 PCS,0 PCS,1 PCS,0 PCS,1 PCS,0 PCS,0 PCS,3 PCS,
TOTAL,9.00,11.00,12.00,11.00,13.00,9.00,6.00,14.00,
Kode Item,Nama Item,Gudang,PC 3 (A),PC 4 (C),PC 5 (C),PD 1 (C),PD 2 (C),PD 3 (C),RK (C),
001341,V. AXIS AIGO 22 GB 28HR/16 gb 28hr,0 PCS,3 PCS,0 PCS,2 PCS,2 PCS,3 PCS,1 PCS,0 PCS,
001342,V. AXIS AIGO 15 GB 1HR,0 PCS,3 PCS,4 PCS,4 PCS,6 PCS,2 PCS,4 PCS,3 PCS,
001347,V. AXIS AIGO 10 GB 28HR/9 gb 28hr,0 PCS,5 PCS,2 PCS,5 PCS,2 PCS,3 PCS,3 PCS,4 PCS,
001348,V. AXIS AIGO 14 GB 28HR/10 gb 28hr,0 PCS,2 PCS,0 PCS,2 PCS,0 PCS,2 PCS,0 PCS,1 PCS,
TOTAL,0.00,13.00,6.00,13.00,10.00,10.00,8.00,8.00,
Kode Item,Nama Item,SA (C),SS (C),TOTAL,,,,,,,
001341,V. AXIS AIGO 22 GB 28HR/16 gb 28hr,2 PCS,2 PCS,72 PCS,,,,,,,
001342,V. AXIS AIGO 15 GB 1HR,5 PCS,0 PCS,118 PCS,,,,,,,
001347,V. AXIS AIGO 10 GB 28HR/9 gb 28hr,4 PCS,2 PCS,172 PCS,,,,,,,
001348,V. AXIS AIGO 14 GB 28HR/10 gb 28hr,3 PCS,0 PCS,37 PCS,,,,,,,
TOTAL,14.00,4.00,399.00,,,,,,,
,Merk,Model,,,,,,,,,
,VOUCER AXIS HARIAN,< kosong >,,,,,,,,,
Kode Item,Nama Item,ALFA 1 (C),ALFA 2 (C),ALFA 3 (C),ALFA 4 (C),ALFA 5 (C),ALFA 6 (C),ALFA 7 ,ASBER 1 (C),
001338,V. AXIS AIGO 6 GB 1HR/5gb 1hr,5 PCS,7 PCS,17 PCS,7 PCS,14 PCS,21 PCS,15 PCS,13 PCS,
001339,V. AXIS AIGO 5 GB 2HR,71 PCS,69 PCS,37 PCS,43 PCS,67 PCS,40 PCS,30 PCS,54 PCS,
001340,V. AXIS AIGO 3 GB 3HR/2 gb 3h,41 PCS,42 PCS,25 PCS,41 PCS,49 PCS,37 PCS,32 PCS,40 PCS,
001343,V. AXIS AIGO 5 GB 3HR/4.5 gb 3hr,27 PCS,18 PCS,26 PCS,17 PCS,36 PCS,26 PCS,5 PCS,24 PCS,
001345,V. AXIS AIGO 5 GB 5HR/4.5gb 5hr,9 PCS,4 PCS,5 PCS,10 PCS,12 PCS,6 PCS,3 PCS,8 PCS,
,,,,,Bee Accounting,,,,,,,,
,15/09/2026,,,,,,,,
Kode Item,Nama Item,ALFA 1 (C),ALFA 2 (C),ALFA 3 (C),ALFA 4 (C),ALFA 5 (C),ALFA 6 (C),ALFA 7 ,ASBER 1 (C),
001346,V. AXIS AIGO 8 GB 14HR (discontinue),5 PCS,2 PCS,4 PCS,3 PCS,4 PCS,2 PCS,3 PCS,3 PCS,
001349,V. AXIS AIGO MINI( 4 GB 5H )/3.5gb 5h,140 PCS,127 PCS,60 PCS,55 PCS,124 PCS,86 PCS,53 PCS,76 PCS,
002253,V. AXIS AIGO 10 GB 7HR/7 gb 7hr,7 PCS,2 PCS,7 PCS,7 PCS,8 PCS,7 PCS,6 PCS,4 PCS,
TOTAL,305.00,271.00,181.00,183.00,314.00,225.00,147.00,222.00,
Kode Item,Nama Item,ASBER 2 (C),BK CIJAMBE ,BK JH1 ,BK JH2 (C),BK5 CIGER ,BK6 ,BK7 ,BK8 BAKSAR ,
001338,V. AXIS AIGO 6 GB 1HR/5gb 1hr,13 PCS,23 PCS,13 PCS,15 PCS,18 PCS,23 PCS,27 PCS,13 PCS,
001339,V. AXIS AIGO 5 GB 2HR,55 PCS,36 PCS,53 PCS,54 PCS,33 PCS,33 PCS,41 PCS,32 PCS,
001340,V. AXIS AIGO 3 GB 3HR/2 gb 3h,37 PCS,38 PCS,36 PCS,40 PCS,17 PCS,20 PCS,32 PCS,26 PCS,
001343,V. AXIS AIGO 5 GB 3HR/4.5 gb 3hr,24 PCS,22 PCS,24 PCS,30 PCS,17 PCS,16 PCS,22 PCS,19 PCS,
001345,V. AXIS AIGO 5 GB 5HR/4.5gb 5hr,5 PCS,3 PCS,8 PCS,7 PCS,6 PCS,2 PCS,6 PCS,5 PCS,
001346,V. AXIS AIGO 8 GB 14HR (discontinue),4 PCS,1 PCS,2 PCS,2 PCS,2 PCS,2 PCS,3 PCS,2 PCS,
001349,V. AXIS AIGO MINI( 4 GB 5H )/3.5gb 5h,72 PCS,58 PCS,97 PCS,93 PCS,60 PCS,53 PCS,74 PCS,58 PCS,
002253,V. AXIS AIGO 10 GB 7HR/7 gb 7hr,6 PCS,4 PCS,6 PCS,4 PCS,6 PCS,6 PCS,6 PCS,3 PCS,
TOTAL,216.00,185.00,239.00,245.00,159.00,155.00,211.00,158.00,
Kode Item,Nama Item,BK9 BAKSAR ,BKC ,BUNISARI ,CICUKANG ,CIHAURKUK,CIKADUT 2,CIPADUNG 2 ,CIPAGALO ,
001338,V. AXIS AIGO 6 GB 1HR/5gb 1hr,17 PCS,20 PCS,21 PCS,6 PCS,17 PCS,12 PCS,15 PCS,9 PCS,
001339,V. AXIS AIGO 5 GB 2HR,25 PCS,43 PCS,49 PCS,29 PCS,22 PCS,23 PCS,36 PCS,24 PCS,
001340,V. AXIS AIGO 3 GB 3HR/2 gb 3h,20 PCS,36 PCS,34 PCS,30 PCS,24 PCS,24 PCS,24 PCS,17 PCS,
001343,V. AXIS AIGO 5 GB 3HR/4.5 gb 3hr,19 PCS,27 PCS,18 PCS,17 PCS,15 PCS,16 PCS,8 PCS,14 PCS,
001345,V. AXIS AIGO 5 GB 5HR/4.5gb 5hr,3 PCS,6 PCS,7 PCS,5 PCS,5 PCS,3 PCS,2 PCS,3 PCS,
001346,V. AXIS AIGO 8 GB 14HR (discontinue),2 PCS,0 PCS,4 PCS,1 PCS,2 PCS,2 PCS,2 PCS,2 PCS,
001349,V. AXIS AIGO MINI( 4 GB 5H )/3.5gb 5h,44 PCS,73 PCS,105 PCS,58 PCS,42 PCS,37 PCS,33 PCS,48 PCS,
002253,V. AXIS AIGO 10 GB 7HR/7 gb 7hr,5 PCS,7 PCS,7 PCS,6 PCS,5 PCS,4 PCS,5 PCS,3 PCS,
TOTAL,135.00,212.00,245.00,152.00,132.00,121.00,125.00,120.00,
Kode Item,Nama Item,CIPOREAT,CISA (C),CK (C),CL 1 ,CL 2 ,CL 3 ,CL 4 ,DM (C),
001338,V. AXIS AIGO 6 GB 1HR/5gb 1hr,16 PCS,16 PCS,12 PCS,11 PCS,21 PCS,16 PCS,17 PCS,16 PCS,
001339,V. AXIS AIGO 5 GB 2HR,29 PCS,41 PCS,35 PCS,37 PCS,29 PCS,23 PCS,37 PCS,52 PCS,
001340,V. AXIS AIGO 3 GB 3HR/2 gb 3h,20 PCS,40 PCS,26 PCS,26 PCS,23 PCS,16 PCS,24 PCS,45 PCS,
001343,V. AXIS AIGO 5 GB 3HR/4.5 gb 3hr,13 PCS,27 PCS,19 PCS,12 PCS,9 PCS,15 PCS,17 PCS,14 PCS,
,,,,Bee Accounting,,,,,,,,
,15/09/2026,,,,,,,
Kode Item,Nama Item,CIPOREAT,CISA (C),CK (C),CL 1 ,CL 2 ,CL 3 ,CL 4 ,DM (C),
001345,V. AXIS AIGO 5 GB 5HR/4.5gb 5hr,1 PCS,5 PCS,4 PCS,5 PCS,4 PCS,5 PCS,3 PCS,7 PCS,
001346,V. AXIS AIGO 8 GB 14HR (discontinue),3 PCS,1 PCS,2 PCS,4 PCS,4 PCS,4 PCS,2 PCS,3 PCS,
001349,V. AXIS AIGO MINI( 4 GB 5H )/3.5gb 5h,34 PCS,67 PCS,50 PCS,34 PCS,40 PCS,42 PCS,50 PCS,104 PCS,
002253,V. AXIS AIGO 10 GB 7HR/7 gb 7hr,6 PCS,8 PCS,5 PCS,5 PCS,6 PCS,5 PCS,5 PCS,6 PCS,
TOTAL,122.00,205.00,153.00,134.00,136.00,126.00,155.00,247.00,
Kode Item,Nama Item,Gudang,PC 3 (A),PC 4 (C),PC 5 (C),PD 1 (C),PD 2 (C),PD 3 (C),RK (C),
001338,V. AXIS AIGO 6 GB 1HR/5gb 1hr,0 PCS,14 PCS,25 PCS,16 PCS,12 PCS,22 PCS,14 PCS,19 PCS,
001339,V. AXIS AIGO 5 GB 2HR,210 PCS,36 PCS,34 PCS,51 PCS,39 PCS,54 PCS,28 PCS,58 PCS,
001340,V. AXIS AIGO 3 GB 3HR/2 gb 3h,114 PCS,31 PCS,33 PCS,44 PCS,35 PCS,38 PCS,20 PCS,42 PCS,
001343,V. AXIS AIGO 5 GB 3HR/4.5 gb 3hr,0 PCS,18 PCS,5 PCS,23 PCS,18 PCS,20 PCS,15 PCS,31 PCS,
001345,V. AXIS AIGO 5 GB 5HR/4.5gb 5hr,0 PCS,1 PCS,8 PCS,8 PCS,5 PCS,9 PCS,2 PCS,8 PCS,
001346,V. AXIS AIGO 8 GB 14HR (discontinue),40 PCS,1 PCS,3 PCS,1 PCS,5 PCS,3 PCS,3 PCS,2 PCS,
001349,V. AXIS AIGO MINI( 4 GB 5H )/3.5gb 5h,774 PCS,61 PCS,69 PCS,130 PCS,49 PCS,81 PCS,37 PCS,107 PCS,
002253,V. AXIS AIGO 10 GB 7HR/7 gb 7hr,0 PCS,4 PCS,5 PCS,9 PCS,3 PCS,7 PCS,5 PCS,9 PCS,
TOTAL,"1,138.00",166.00,182.00,282.00,166.00,234.00,124.00,276.00,
Kode Item,Nama Item,SA (C),SS (C),TOTAL,,,,,,,
001338,V. AXIS AIGO 6 GB 1HR/5gb 1hr,23 PCS,21 PCS,652 PCS,,,,,,,
001339,V. AXIS AIGO 5 GB 2HR,37 PCS,24 PCS,1853 PCS,,,,,,,
001340,V. AXIS AIGO 3 GB 3HR/2 gb 3h,31 PCS,33 PCS,1403 PCS,,,,,,,
001343,V. AXIS AIGO 5 GB 3HR/4.5 gb 3hr,19 PCS,21 PCS,783 PCS,,,,,,,
001345,V. AXIS AIGO 5 GB 5HR/4.5gb 5hr,6 PCS,7 PCS,221 PCS,,,,,,,
001346,V. AXIS AIGO 8 GB 14HR (discontinue),1 PCS,1 PCS,142 PCS,,,,,,,
001349,V. AXIS AIGO MINI( 4 GB 5H )/3.5gb 5h,68 PCS,55 PCS,3578 PCS,,,,,,,
002253,V. AXIS AIGO 10 GB 7HR/7 gb 7hr,5 PCS,6 PCS,230 PCS,,,,,,,
TOTAL,190.00,168.00,"8,862.00",,,,,,,
,Merk,Model,,,,,,,,,
,VOUCER BYU HARIAN,< kosong >,,,,,,,,,
Kode Item,Nama Item,ALFA 1 (C),ALFA 2 (C),ALFA 3 (C),ALFA 4 (C),ALFA 5 (C),ALFA 6 (C),ALFA 7 ,ASBER 1 (C),
001352,V. BYU 7.5 GB 7HR,0 PCS,0 PCS,0 PCS,0 PCS,0 PCS,0 PCS,0 PCS,0 PCS,
001380,V. BYU 8 GB 7HR (discontinue),0 PCS,0 PCS,0 PCS,0 PCS,0 PCS,0 PCS,0 PCS,0 PCS,
,,,,,Bee Accounting,,,,,,,,
,15/09/2026,,,,,,,,
Kode Item,Nama Item,ALFA 1 (C),ALFA 2 (C),ALFA 3 (C),ALFA 4 (C),ALFA 5 (C),ALFA 6 (C),ALFA 7 ,ASBER 1 (C),
001383,V. BYU 10 GB 5HR,6 PCS,0 PCS,0 PCS,0 PCS,0 PCS,0 PCS,0 PCS,0 PCS,
001390,V. BYU 9 GB 14HR,3 PCS,3 PCS,2 PCS,4 PCS,1 PCS,3 PCS,0 PCS,0 PCS,
001392,V. BYU 7 GB 28HR,11 PCS,11 PCS,7 PCS,10 PCS,11 PCS,9 PCS,6 PCS,5 PCS,
002436,V. BYU 6 GB 7HR,6 PCS,5 PCS,0 PCS,3 PCS,2 PCS,0 PCS,2 PCS,2 PCS,
002449,V. BYU 3 GB 1HR (discontinue),3 PCS,2 PCS,5 PCS,6 PCS,8 PCS,6 PCS,6 PCS,1 PCS,
002600,V. BYU 7.5 GB 5HR (discontinue),4 PCS,0 PCS,0 PCS,0 PCS,0 PCS,0 PCS,0 PCS,0 PCS,
TOTAL,33.00,21.00,14.00,23.00,22.00,18.00,14.00,8.00,
Kode Item,Nama Item,ASBER 2 (C),BK CIJAMBE ,BK JH1 ,BK JH2 (C),BK5 CIGER ,BK6 ,BK7 ,BK8 BAKSAR ,
001352,V. BYU 7.5 GB 7HR,0 PCS,0 PCS,0 PCS,0 PCS,0 PCS,0 PCS,0 PCS,0 PCS,
001380,V. BYU 8 GB 7HR (discontinue),0 PCS,1 PCS,0 PCS,0 PCS,0 PCS,1 PCS,0 PCS,0 PCS,
001383,V. BYU 10 GB 5HR,0 PCS,0 PCS,0 PCS,0 PCS,0 PCS,0 PCS,0 PCS,0 PCS,
001390,V. BYU 9 GB 14HR,2 PCS,0 PCS,4 PCS,4 PCS,3 PCS,5 PCS,4 PCS,2 PCS,
001392,V. BYU 7 GB 28HR,9 PCS,3 PCS,12 PCS,6 PCS,6 PCS,5 PCS,2 PCS,5 PCS,
002436,V. BYU 6 GB 7HR,2 PCS,5 PCS,4 PCS,3 PCS,0 PCS,6 PCS,6 PCS,4 PCS,
002449,V. BYU 3 GB 1HR (discontinue),3 PCS,6 PCS,6 PCS,6 PCS,6 PCS,6 PCS,6 PCS,6 PCS,
002600,V. BYU 7.5 GB 5HR (discontinue),0 PCS,0 PCS,0 PCS,0 PCS,0 PCS,0 PCS,0 PCS,0 PCS,
TOTAL,16.00,15.00,26.00,19.00,15.00,23.00,18.00,17.00,
Kode Item,Nama Item,BK9 BAKSAR ,BKC ,BUNISARI ,CICUKANG ,CIHAURKUK,CIKADUT 2,CIPADUNG 2 ,CIPAGALO ,
001352,V. BYU 7.5 GB 7HR,0 PCS,0 PCS,0 PCS,0 PCS,0 PCS,0 PCS,0 PCS,0 PCS,
001380,V. BYU 8 GB 7HR (discontinue),0 PCS,0 PCS,0 PCS,1 PCS,2 PCS,0 PCS,1 PCS,1 PCS,
001383,V. BYU 10 GB 5HR,0 PCS,0 PCS,0 PCS,0 PCS,0 PCS,0 PCS,0 PCS,0 PCS,
001390,V. BYU 9 GB 14HR,3 PCS,2 PCS,2 PCS,5 PCS,4 PCS,3 PCS,3 PCS,3 PCS,
001392,V. BYU 7 GB 28HR,5 PCS,5 PCS,5 PCS,1 PCS,5 PCS,4 PCS,6 PCS,6 PCS,
002436,V. BYU 6 GB 7HR,5 PCS,1 PCS,1 PCS,5 PCS,3 PCS,5 PCS,3 PCS,9 PCS,
002449,V. BYU 3 GB 1HR (discontinue),6 PCS,6 PCS,2 PCS,6 PCS,6 PCS,3 PCS,6 PCS,6 PCS,
002600,V. BYU 7.5 GB 5HR (discontinue),0 PCS,0 PCS,0 PCS,0 PCS,0 PCS,0 PCS,0 PCS,0 PCS,
TOTAL,19.00,14.00,10.00,18.00,20.00,15.00,19.00,25.00,
Kode Item,Nama Item,CIPOREAT,CISA (C),CK (C),CL 1 ,CL 2 ,CL 3 ,CL 4 ,DM (C),
001352,V. BYU 7.5 GB 7HR,0 PCS,0 PCS,0 PCS,0 PCS,1 PCS,0 PCS,,0 PCS,
001380,V. BYU 8 GB 7HR (discontinue),0 PCS,0 PCS,3 PCS,0 PCS,1 PCS,0 PCS,,0 PCS,
001383,V. BYU 10 GB 5HR,0 PCS,0 PCS,0 PCS,0 PCS,0 PCS,0 PCS,,0 PCS,
001390,V. BYU 9 GB 14HR,4 PCS,2 PCS,5 PCS,5 PCS,5 PCS,0 PCS,3 PCS,5 PCS,
,,,,Bee Accounting,,,,,,,,
,15/09/2026,,,,,,,
Kode Item,Nama Item,CIPOREAT,CISA (C),CK (C),CL 1 ,CL 2 ,CL 3 ,CL 4 ,DM (C),
001392,V. BYU 7 GB 28HR,3 PCS,9 PCS,8 PCS,4 PCS,6 PCS,4 PCS,6 PCS,10 PCS,
002436,V. BYU 6 GB 7HR,6 PCS,3 PCS,5 PCS,2 PCS,2 PCS,5 PCS,6 PCS,0 PCS,
002449,V. BYU 3 GB 1HR (discontinue),6 PCS,6 PCS,3 PCS,3 PCS,6 PCS,3 PCS,5 PCS,6 PCS,
002600,V. BYU 7.5 GB 5HR (discontinue),0 PCS,0 PCS,1 PCS,0 PCS,0 PCS,0 PCS,,0 PCS,
TOTAL,19.00,20.00,25.00,14.00,21.00,12.00,20.00,21.00,
Kode Item,Nama Item,Gudang,PC 3 (A),PC 4 (C),PC 5 (C),PD 1 (C),PD 2 (C),PD 3 (C),RK (C),
001352,V. BYU 7.5 GB 7HR,0 PCS,0 PCS,0 PCS,0 PCS,0 PCS,0 PCS,0 PCS,0 PCS,
001380,V. BYU 8 GB 7HR (discontinue),0 PCS,0 PCS,0 PCS,0 PCS,0 PCS,0 PCS,0 PCS,0 PCS,
001383,V. BYU 10 GB 5HR,204 PCS,0 PCS,0 PCS,0 PCS,0 PCS,0 PCS,0 PCS,0 PCS,
001390,V. BYU 9 GB 14HR,0 PCS,4 PCS,3 PCS,3 PCS,3 PCS,4 PCS,3 PCS,3 PCS,
001392,V. BYU 7 GB 28HR,0 PCS,11 PCS,11 PCS,5 PCS,9 PCS,5 PCS,2 PCS,5 PCS,
002436,V. BYU 6 GB 7HR,0 PCS,7 PCS,5 PCS,1 PCS,4 PCS,4 PCS,3 PCS,3 PCS,
002449,V. BYU 3 GB 1HR (discontinue),0 PCS,6 PCS,5 PCS,6 PCS,5 PCS,6 PCS,6 PCS,6 PCS,
002600,V. BYU 7.5 GB 5HR (discontinue),0 PCS,0 PCS,0 PCS,0 PCS,0 PCS,0 PCS,0 PCS,0 PCS,
TOTAL,204.00,28.00,24.00,15.00,21.00,19.00,14.00,17.00,
Kode Item,Nama Item,SA (C),SS (C),TOTAL,,,,,,,
001352,V. BYU 7.5 GB 7HR,0 PCS,0 PCS,1 PCS,,,,,,,
001380,V. BYU 8 GB 7HR (discontinue),0 PCS,0 PCS,11 PCS,,,,,,,
001383,V. BYU 10 GB 5HR,0 PCS,0 PCS,210 PCS,,,,,,,
001390,V. BYU 9 GB 14HR,4 PCS,2 PCS,123 PCS,,,,,,,
001392,V. BYU 7 GB 28HR,9 PCS,6 PCS,268 PCS,,,,,,,
002436,V. BYU 6 GB 7HR,5 PCS,1 PCS,144 PCS,,,,,,,
002449,V. BYU 3 GB 1HR (discontinue),4 PCS,7 PCS,212 PCS,,,,,,,
002600,V. BYU 7.5 GB 5HR (discontinue),0 PCS,0 PCS,5 PCS,,,,,,,
TOTAL,22.00,16.00,974.00,,,,,,,
,Merk,Model,,,,,,,,,
,VOUCER INDOSAT,< kosong >,,,,,,,,,
Kode Item,Nama Item,ALFA 1 (C),ALFA 2 (C),ALFA 3 (C),ALFA 4 (C),ALFA 5 (C),ALFA 6 (C),ALFA 7 ,ASBER 1 (C),
001353,V. INDOSAT 9 GB FI 28H (discontinue),0 PCS,1 PCS,1 PCS,0 PCS,0 PCS,0 PCS,0 PCS,0 PCS,
001360,V. INDOSAT 16 GB FI,0 PCS,0 PCS,1 PCS,1 PCS,2 PCS,0 PCS,1 PCS,1 PCS,
002016,V. INDOSAT 7 GB FI 28H,11 PCS,11 PCS,13 PCS,13 PCS,16 PCS,9 PCS,8 PCS,16 PCS,
TOTAL,11.00,12.00,15.00,14.00,18.00,9.00,9.00,17.00,
,,,,,Bee Accounting,,,,,,,,
,15/09/2026,,,,,,,,
Kode Item,Nama Item,ASBER 2 (C),BK CIJAMBE ,BK JH1 ,BK JH2 (C),BK5 CIGER ,BK6 ,BK7 ,BK8 BAKSAR ,
001353,V. INDOSAT 9 GB FI 28H (discontinue),0 PCS,0 PCS,0 PCS,0 PCS,0 PCS,0 PCS,0 PCS,0 PCS,
001360,V. INDOSAT 16 GB FI,0 PCS,0 PCS,1 PCS,2 PCS,2 PCS,1 PCS,1 PCS,1 PCS,
002016,V. INDOSAT 7 GB FI 28H,12 PCS,9 PCS,11 PCS,16 PCS,11 PCS,10 PCS,6 PCS,7 PCS,
TOTAL,12.00,9.00,12.00,18.00,13.00,11.00,7.00,8.00,
Kode Item,Nama Item,BK9 BAKSAR ,BKC ,BUNISARI ,CICUKANG ,CIHAURKUK,CIKADUT 2,CIPADUNG 2 ,CIPAGALO ,
001353,V. INDOSAT 9 GB FI 28H (discontinue),0 PCS,0 PCS,0 PCS,0 PCS,,,0 PCS,,
001360,V. INDOSAT 16 GB FI,2 PCS,0 PCS,1 PCS,2 PCS,0 PCS,0 PCS,1 PCS,2 PCS,
002016,V. INDOSAT 7 GB FI 28H,5 PCS,5 PCS,17 PCS,8 PCS,5 PCS,6 PCS,5 PCS,11 PCS,
TOTAL,7.00,5.00,18.00,10.00,5.00,6.00,6.00,13.00,
Kode Item,Nama Item,CIPOREAT,CISA (C),CK (C),CL 1 ,CL 2 ,CL 3 ,CL 4 ,DM (C),
001353,V. INDOSAT 9 GB FI 28H (discontinue),,0 PCS,0 PCS,0 PCS,,,,0 PCS,
001360,V. INDOSAT 16 GB FI,2 PCS,2 PCS,1 PCS,0 PCS,0 PCS,0 PCS,2 PCS,0 PCS,
002016,V. INDOSAT 7 GB FI 28H,6 PCS,13 PCS,10 PCS,6 PCS,7 PCS,4 PCS,5 PCS,16 PCS,
TOTAL,8.00,15.00,11.00,6.00,7.00,4.00,7.00,16.00,
Kode Item,Nama Item,Gudang,PC 3 (A),PC 4 (C),PC 5 (C),PD 1 (C),PD 2 (C),PD 3 (C),RK (C),
001353,V. INDOSAT 9 GB FI 28H (discontinue),0 PCS,0 PCS,0 PCS,0 PCS,0 PCS,0 PCS,0 PCS,0 PCS,
001360,V. INDOSAT 16 GB FI,0 PCS,2 PCS,0 PCS,5 PCS,2 PCS,1 PCS,0 PCS,1 PCS,
002016,V. INDOSAT 7 GB FI 28H,0 PCS,9 PCS,9 PCS,14 PCS,9 PCS,9 PCS,9 PCS,15 PCS,
TOTAL,0.00,11.00,9.00,19.00,11.00,10.00,9.00,16.00,
Kode Item,Nama Item,SA (C),SS (C),TOTAL,,,,,,,
001353,V. INDOSAT 9 GB FI 28H (discontinue),0 PCS,0 PCS,2 PCS,,,,,,,
001360,V. INDOSAT 16 GB FI,2 PCS,0 PCS,42 PCS,,,,,,,
002016,V. INDOSAT 7 GB FI 28H,14 PCS,12 PCS,408 PCS,,,,,,,
TOTAL,16.00,12.00,452.00,,,,,,,
,Merk,Model,,,,,,,,,
,VOUCER INDOSAT HARIAN,< kosong >,,,,,,,,,
Kode Item,Nama Item,ALFA 1 (C),ALFA 2 (C),ALFA 3 (C),ALFA 4 (C),ALFA 5 (C),ALFA 6 (C),ALFA 7 ,ASBER 1 (C),
001354,V. INDOSAT 4 GB 5HR/ 2.5 gb 5hr,55 PCS,48 PCS,35 PCS,25 PCS,32 PCS,12 PCS,25 PCS,34 PCS,
001356,V. INDOSAT 6 GB 2HR/ 5 gb 2hr,36 PCS,33 PCS,28 PCS,29 PCS,25 PCS,11 PCS,18 PCS,32 PCS,
,,,,,Bee Accounting,,,,,,,,
,15/09/2026,,,,,,,,
Kode Item,Nama Item,ALFA 1 (C),ALFA 2 (C),ALFA 3 (C),ALFA 4 (C),ALFA 5 (C),ALFA 6 (C),ALFA 7 ,ASBER 1 (C),
001357,V. INDOSAT 9 GB 5HR/5/6 gb 5hr,13 PCS,8 PCS,11 PCS,12 PCS,19 PCS,9 PCS,8 PCS,12 PCS,
001358,V. INDOSAT 9 GB 7HR/ 7 gb 7hr,11 PCS,13 PCS,9 PCS,6 PCS,17 PCS,6 PCS,1 PCS,13 PCS,
002252,V. INDOSAT 6 GB 5HR/3.5/4gb 5hr,13 PCS,15 PCS,5 PCS,16 PCS,19 PCS,6 PCS,9 PCS,8 PCS,
002602,V. INDOSAT 5 GB 1HR/2gb 1hr,22 PCS,19 PCS,14 PCS,16 PCS,16 PCS,14 PCS,13 PCS,16 PCS,
TOTAL,150.00,136.00,102.00,104.00,128.00,58.00,74.00,115.00,
Kode Item,Nama Item,ASBER 2 (C),BK CIJAMBE ,BK JH1 ,BK JH2 (C),BK5 CIGER ,BK6 ,BK7 ,BK8 BAKSAR ,
001354,V. INDOSAT 4 GB 5HR/ 2.5 gb 5hr,39 PCS,24 PCS,37 PCS,38 PCS,20 PCS,23 PCS,17 PCS,9 PCS,
001356,V. INDOSAT 6 GB 2HR/ 5 gb 2hr,25 PCS,33 PCS,39 PCS,37 PCS,20 PCS,34 PCS,26 PCS,19 PCS,
001357,V. INDOSAT 9 GB 5HR/5/6 gb 5hr,6 PCS,10 PCS,16 PCS,10 PCS,10 PCS,9 PCS,6 PCS,8 PCS,
001358,V. INDOSAT 9 GB 7HR/ 7 gb 7hr,10 PCS,8 PCS,11 PCS,11 PCS,8 PCS,7 PCS,8 PCS,10 PCS,
002252,V. INDOSAT 6 GB 5HR/3.5/4gb 5hr,20 PCS,9 PCS,18 PCS,16 PCS,8 PCS,2 PCS,12 PCS,9 PCS,
002602,V. INDOSAT 5 GB 1HR/2gb 1hr,16 PCS,12 PCS,15 PCS,15 PCS,9 PCS,12 PCS,10 PCS,11 PCS,
TOTAL,116.00,96.00,136.00,127.00,75.00,87.00,79.00,66.00,
Kode Item,Nama Item,BK9 BAKSAR ,BKC ,BUNISARI ,CICUKANG ,CIHAURKUK,CIKADUT 2,CIPADUNG 2 ,CIPAGALO ,
001354,V. INDOSAT 4 GB 5HR/ 2.5 gb 5hr,16 PCS,38 PCS,27 PCS,10 PCS,19 PCS,25 PCS,19 PCS,17 PCS,
001356,V. INDOSAT 6 GB 2HR/ 5 gb 2hr,21 PCS,36 PCS,33 PCS,18 PCS,15 PCS,16 PCS,22 PCS,32 PCS,
001357,V. INDOSAT 9 GB 5HR/5/6 gb 5hr,9 PCS,12 PCS,19 PCS,8 PCS,6 PCS,8 PCS,5 PCS,6 PCS,
001358,V. INDOSAT 9 GB 7HR/ 7 gb 7hr,4 PCS,8 PCS,13 PCS,11 PCS,2 PCS,6 PCS,6 PCS,8 PCS,
002252,V. INDOSAT 6 GB 5HR/3.5/4gb 5hr,11 PCS,8 PCS,19 PCS,13 PCS,8 PCS,6 PCS,5 PCS,13 PCS,
002602,V. INDOSAT 5 GB 1HR/2gb 1hr,10 PCS,12 PCS,16 PCS,14 PCS,8 PCS,5 PCS,4 PCS,11 PCS,
TOTAL,71.00,114.00,127.00,74.00,58.00,66.00,61.00,87.00,
Kode Item,Nama Item,CIPOREAT,CISA (C),CK (C),CL 1 ,CL 2 ,CL 3 ,CL 4 ,DM (C),
001354,V. INDOSAT 4 GB 5HR/ 2.5 gb 5hr,10 PCS,34 PCS,15 PCS,20 PCS,17 PCS,17 PCS,16 PCS,38 PCS,
001356,V. INDOSAT 6 GB 2HR/ 5 gb 2hr,16 PCS,31 PCS,31 PCS,16 PCS,23 PCS,16 PCS,19 PCS,40 PCS,
001357,V. INDOSAT 9 GB 5HR/5/6 gb 5hr,6 PCS,15 PCS,8 PCS,7 PCS,5 PCS,3 PCS,6 PCS,16 PCS,
001358,V. INDOSAT 9 GB 7HR/ 7 gb 7hr,6 PCS,10 PCS,9 PCS,6 PCS,6 PCS,5 PCS,7 PCS,11 PCS,
002252,V. INDOSAT 6 GB 5HR/3.5/4gb 5hr,7 PCS,11 PCS,8 PCS,5 PCS,8 PCS,5 PCS,9 PCS,18 PCS,
002602,V. INDOSAT 5 GB 1HR/2gb 1hr,2 PCS,18 PCS,9 PCS,6 PCS,2 PCS,6 PCS,7 PCS,18 PCS,
TOTAL,47.00,119.00,80.00,60.00,61.00,52.00,64.00,141.00,
Kode Item,Nama Item,Gudang,PC 3 (A),PC 4 (C),PC 5 (C),PD 1 (C),PD 2 (C),PD 3 (C),RK (C),
001354,V. INDOSAT 4 GB 5HR/ 2.5 gb 5hr,0 PCS,27 PCS,26 PCS,52 PCS,12 PCS,31 PCS,15 PCS,41 PCS,
001356,V. INDOSAT 6 GB 2HR/ 5 gb 2hr,0 PCS,21 PCS,31 PCS,48 PCS,31 PCS,26 PCS,21 PCS,39 PCS,
,,,,Bee Accounting,,,,,,,,
,15/09/2026,,,,,,,
Kode Item,Nama Item,Gudang,PC 3 (A),PC 4 (C),PC 5 (C),PD 1 (C),PD 2 (C),PD 3 (C),RK (C),
001357,V. INDOSAT 9 GB 5HR/5/6 gb 5hr,0 PCS,13 PCS,10 PCS,17 PCS,10 PCS,13 PCS,9 PCS,22 PCS,
001358,V. INDOSAT 9 GB 7HR/ 7 gb 7hr,0 PCS,8 PCS,8 PCS,12 PCS,5 PCS,10 PCS,3 PCS,18 PCS,
002252,V. INDOSAT 6 GB 5HR/3.5/4gb 5hr,0 PCS,10 PCS,14 PCS,14 PCS,9 PCS,16 PCS,7 PCS,15 PCS,
002602,V. INDOSAT 5 GB 1HR/2gb 1hr,0 PCS,14 PCS,7 PCS,17 PCS,9 PCS,13 PCS,8 PCS,19 PCS,
TOTAL,0.00,93.00,96.00,160.00,76.00,109.00,63.00,154.00,
Kode Item,Nama Item,SA (C),SS (C),TOTAL,,,,,,,
001354,V. INDOSAT 4 GB 5HR/ 2.5 gb 5hr,26 PCS,28 PCS,1069 PCS,,,,,,,
001356,V. INDOSAT 6 GB 2HR/ 5 gb 2hr,32 PCS,27 PCS,1106 PCS,,,,,,,
001357,V. INDOSAT 9 GB 5HR/5/6 gb 5hr,17 PCS,14 PCS,431 PCS,,,,,,,
001358,V. INDOSAT 9 GB 7HR/ 7 gb 7hr,4 PCS,12 PCS,347 PCS,,,,,,,
002252,V. INDOSAT 6 GB 5HR/3.5/4gb 5hr,19 PCS,15 PCS,458 PCS,,,,,,,
002602,V. INDOSAT 5 GB 1HR/2gb 1hr,17 PCS,11 PCS,493 PCS,,,,,,,
TOTAL,115.00,107.00,"3,904.00",,,,,,,
,Merk,Model,,,,,,,,,
,VOUCER SMART,SEGEL,,,,,,,,,
Kode Item,Nama Item,DM (C),Gudang,TOTAL,,,,,,,
001362,V. SMARTFREN KOSONG,0 PCS,"1,069 PCS",1069 PCS,,,,,,,
TOTAL,0.00,"1,069.00","1,069.00",,,,,,,
,Merk,Model,,,,,,,,,
,VOUCER SMART,< kosong >,,,,,,,,,
Kode Item,Nama Item,ALFA 1 (C),ALFA 2 (C),ALFA 3 (C),ALFA 4 (C),ALFA 5 (C),ALFA 6 (C),ALFA 7 ,ASBER 1 (C),
001367,V. SMARTFREN UNLI 28HR 5G,2 PCS,2 PCS,2 PCS,0 PCS,2 PCS,1 PCS,0 PCS,2 PCS,
001370,V. SMARTFREN 6 GB NONSTOP (6+15),6 PCS,7 PCS,2 PCS,4 PCS,0 PCS,4 PCS,2 PCS,2 PCS,
TOTAL,8.00,9.00,4.00,4.00,2.00,5.00,2.00,4.00,
Kode Item,Nama Item,ASBER 2 (C),BK CIJAMBE ,BK JH1 ,BK JH2 (C),BK5 CIGER ,BK6 ,BK7 ,BK8 BAKSAR ,
001367,V. SMARTFREN UNLI 28HR 5G,0 PCS,2 PCS,2 PCS,2 PCS,2 PCS,2 PCS,2 PCS,2 PCS,
001370,V. SMARTFREN 6 GB NONSTOP (6+15),3 PCS,3 PCS,3 PCS,4 PCS,3 PCS,2 PCS,2 PCS,4 PCS,
TOTAL,3.00,5.00,5.00,6.00,5.00,4.00,4.00,6.00,
Kode Item,Nama Item,BK9 BAKSAR ,BKC ,BUNISARI ,CICUKANG ,CIHAURKUK,CIKADUT 2,CIPADUNG 2 ,CIPAGALO ,
001367,V. SMARTFREN UNLI 28HR 5G,,2 PCS,2 PCS,2 PCS,,,2 PCS,,
,,,,,Bee Accounting,,,,,,,,
,15/09/2026,,,,,,,,
Kode Item,Nama Item,BK9 BAKSAR ,BKC ,BUNISARI ,CICUKANG ,CIHAURKUK,CIKADUT 2,CIPADUNG 2 ,CIPAGALO ,
001370,V. SMARTFREN 6 GB NONSTOP (6+15),2 PCS,4 PCS,5 PCS,4 PCS,2 PCS,4 PCS,4 PCS,4 PCS,
TOTAL,2.00,6.00,7.00,6.00,2.00,4.00,6.00,4.00,
Kode Item,Nama Item,CIPOREAT,CISA (C),CK (C),CL 1 ,CL 2 ,CL 3 ,CL 4 ,DM (C),
001367,V. SMARTFREN UNLI 28HR 5G,,1 PCS,2 PCS,2 PCS,2 PCS,,,2 PCS,
001370,V. SMARTFREN 6 GB NONSTOP (6+15),2 PCS,2 PCS,4 PCS,1 PCS,3 PCS,2 PCS,3 PCS,5 PCS,
TOTAL,2.00,3.00,6.00,3.00,5.00,2.00,3.00,7.00,
Kode Item,Nama Item,Gudang,PC 3 (A),PC 4 (C),PC 5 (C),PD 1 (C),PD 2 (C),PD 3 (C),RK (C),
001367,V. SMARTFREN UNLI 28HR 5G,0 PCS,2 PCS,0 PCS,2 PCS,2 PCS,2 PCS,,2 PCS,
001370,V. SMARTFREN 6 GB NONSTOP (6+15),0 PCS,2 PCS,1 PCS,5 PCS,4 PCS,5 PCS,2 PCS,3 PCS,
TOTAL,0.00,4.00,1.00,7.00,6.00,7.00,2.00,5.00,
Kode Item,Nama Item,SA (C),SS (C),TOTAL,,,,,,,
001367,V. SMARTFREN UNLI 28HR 5G,2 PCS,2 PCS,56 PCS,,,,,,,
001370,V. SMARTFREN 6 GB NONSTOP (6+15),2 PCS,2 PCS,128 PCS,,,,,,,
TOTAL,4.00,4.00,184.00,,,,,,,
,Merk,Model,,,,,,,,,
,VOUCER SMART HARIAN,COCKTAIL,,,,,,,,,
Kode Item,Nama Item,ALFA 1 (C),ALFA 2 (C),ALFA 3 (C),ALFA 4 (C),ALFA 5 (C),ALFA 6 (C),ALFA 7 ,ASBER 1 (C),
001365,V. SMARTFREN 4 GB 5HR,10 PCS,11 PCS,10 PCS,10 PCS,16 PCS,13 PCS,8 PCS,7 PCS,
TOTAL,10.00,11.00,10.00,10.00,16.00,13.00,8.00,7.00,
Kode Item,Nama Item,ASBER 2 (C),BK CIJAMBE ,BK JH1 ,BK JH2 (C),BK5 CIGER ,BK6 ,BK7 ,BK8 BAKSAR ,
001365,V. SMARTFREN 4 GB 5HR,13 PCS,11 PCS,16 PCS,15 PCS,9 PCS,7 PCS,10 PCS,7 PCS,
TOTAL,13.00,11.00,16.00,15.00,9.00,7.00,10.00,7.00,
Kode Item,Nama Item,BK9 BAKSAR ,BKC ,BUNISARI ,CICUKANG ,CIHAURKUK,CIKADUT 2,CIPADUNG 2 ,CIPAGALO ,
001365,V. SMARTFREN 4 GB 5HR,7 PCS,10 PCS,16 PCS,9 PCS,4 PCS,3 PCS,6 PCS,6 PCS,
TOTAL,7.00,10.00,16.00,9.00,4.00,3.00,6.00,6.00,
Kode Item,Nama Item,CIPOREAT,CISA (C),CK (C),CL 1 ,CL 2 ,CL 3 ,CL 4 ,DM (C),
001365,V. SMARTFREN 4 GB 5HR,6 PCS,13 PCS,8 PCS,6 PCS,5 PCS,6 PCS,7 PCS,13 PCS,
TOTAL,6.00,13.00,8.00,6.00,5.00,6.00,7.00,13.00,
,,,,,Bee Accounting,,,,,,,,
,15/09/2026,,,,,,,,
Kode Item,Nama Item,Gudang,PC 3 (A),PC 4 (C),PC 5 (C),PD 1 (C),PD 2 (C),PD 3 (C),RK (C),
001365,V. SMARTFREN 4 GB 5HR,0 PCS,8 PCS,7 PCS,5 PCS,10 PCS,12 PCS,5 PCS,16 PCS,
TOTAL,0.00,8.00,7.00,5.00,10.00,12.00,5.00,16.00,
Kode Item,Nama Item,SA (C),SS (C),TOTAL,,,,,,,
001365,V. SMARTFREN 4 GB 5HR,9 PCS,9 PCS,379 PCS,,,,,,,
TOTAL,9.00,9.00,379.00,,,,,,,
,Merk,Model,,,,,,,,,
,VOUCER SMART HARIAN,< kosong >,,,,,,,,,
Kode Item,Nama Item,ALFA 1 (C),ALFA 2 (C),ALFA 3 (C),ALFA 4 (C),ALFA 5 (C),ALFA 6 (C),ALFA 7 ,ASBER 1 (C),
001361,V. SMARTFREN 1 GB 3HR,21 PCS,19 PCS,11 PCS,12 PCS,19 PCS,11 PCS,12 PCS,15 PCS,
001363,V. SMARTFREN 2 GB 7HR (discontinue),1 PCS,3 PCS,3 PCS,4 PCS,3 PCS,0 PCS,1 PCS,0 PCS,
001364,V. SMARTFREN 4 GB 3HR,16 PCS,17 PCS,14 PCS,12 PCS,20 PCS,14 PCS,6 PCS,11 PCS,
001366,V. SMARTFREN UNLI 7HR 5G,4 PCS,3 PCS,2 PCS,3 PCS,2 PCS,2 PCS,1 PCS,2 PCS,
001368,V. SMARTFREN 6 GB 7HR,11 PCS,16 PCS,12 PCS,12 PCS,18 PCS,15 PCS,8 PCS,8 PCS,
001369,V. SMARTFREN UNLI 14HR 5G,2 PCS,2 PCS,2 PCS,2 PCS,2 PCS,2 PCS,2 PCS,2 PCS,
001371,V. SMARTFREN 3 GB UNLI 7HR,0 PCS,3 PCS,2 PCS,2 PCS,2 PCS,1 PCS,0 PCS,3 PCS,
TOTAL,55.00,63.00,46.00,47.00,66.00,45.00,30.00,41.00,
Kode Item,Nama Item,ASBER 2 (C),BK CIJAMBE ,BK JH1 ,BK JH2 (C),BK5 CIGER ,BK6 ,BK7 ,BK8 BAKSAR ,
001361,V. SMARTFREN 1 GB 3HR,15 PCS,13 PCS,17 PCS,18 PCS,12 PCS,6 PCS,13 PCS,7 PCS,
001363,V. SMARTFREN 2 GB 7HR (discontinue),0 PCS,0 PCS,0 PCS,0 PCS,1 PCS,0 PCS,2 PCS,0 PCS,
001364,V. SMARTFREN 4 GB 3HR,11 PCS,8 PCS,17 PCS,13 PCS,10 PCS,5 PCS,9 PCS,5 PCS,
001366,V. SMARTFREN UNLI 7HR 5G,4 PCS,2 PCS,2 PCS,2 PCS,2 PCS,1 PCS,1 PCS,2 PCS,
001368,V. SMARTFREN 6 GB 7HR,13 PCS,11 PCS,18 PCS,14 PCS,11 PCS,8 PCS,10 PCS,10 PCS,
001369,V. SMARTFREN UNLI 14HR 5G,2 PCS,0 PCS,1 PCS,2 PCS,0 PCS,0 PCS,2 PCS,0 PCS,
001371,V. SMARTFREN 3 GB UNLI 7HR,1 PCS,2 PCS,2 PCS,1 PCS,3 PCS,1 PCS,2 PCS,2 PCS,
TOTAL,46.00,36.00,57.00,50.00,39.00,21.00,39.00,26.00,
Kode Item,Nama Item,BK9 BAKSAR ,BKC ,BUNISARI ,CICUKANG ,CIHAURKUK,CIKADUT 2,CIPADUNG 2 ,CIPAGALO ,
001361,V. SMARTFREN 1 GB 3HR,9 PCS,16 PCS,15 PCS,10 PCS,6 PCS,4 PCS,5 PCS,10 PCS,
001363,V. SMARTFREN 2 GB 7HR (discontinue),0 PCS,0 PCS,2 PCS,1 PCS,2 PCS,0 PCS,0 PCS,0 PCS,
001364,V. SMARTFREN 4 GB 3HR,10 PCS,13 PCS,15 PCS,11 PCS,5 PCS,5 PCS,7 PCS,8 PCS,
001366,V. SMARTFREN UNLI 7HR 5G,1 PCS,2 PCS,4 PCS,2 PCS,1 PCS,2 PCS,2 PCS,2 PCS,
001368,V. SMARTFREN 6 GB 7HR,8 PCS,13 PCS,14 PCS,10 PCS,7 PCS,6 PCS,5 PCS,9 PCS,
,,,,,Bee Accounting,,,,,,,,
,15/09/2026,,,,,,,,
Kode Item,Nama Item,BK9 BAKSAR ,BKC ,BUNISARI ,CICUKANG ,CIHAURKUK,CIKADUT 2,CIPADUNG 2 ,CIPAGALO ,
001369,V. SMARTFREN UNLI 14HR 5G,0 PCS,0 PCS,2 PCS,2 PCS,,0 PCS,0 PCS,2 PCS,
001371,V. SMARTFREN 3 GB UNLI 7HR,2 PCS,1 PCS,2 PCS,2 PCS,3 PCS,1 PCS,3 PCS,1 PCS,
TOTAL,30.00,45.00,54.00,38.00,24.00,18.00,22.00,32.00,
Kode Item,Nama Item,CIPOREAT,CISA (C),CK (C),CL 1 ,CL 2 ,CL 3 ,CL 4 ,DM (C),
001361,V. SMARTFREN 1 GB 3HR,5 PCS,15 PCS,11 PCS,8 PCS,8 PCS,4 PCS,8 PCS,15 PCS,
001363,V. SMARTFREN 2 GB 7HR (discontinue),0 PCS,0 PCS,1 PCS,2 PCS,0 PCS,0 PCS,0 PCS,0 PCS,
001364,V. SMARTFREN 4 GB 3HR,5 PCS,10 PCS,6 PCS,5 PCS,7 PCS,6 PCS,3 PCS,14 PCS,
001366,V. SMARTFREN UNLI 7HR 5G,2 PCS,2 PCS,2 PCS,2 PCS,2 PCS,2 PCS,2 PCS,2 PCS,
001368,V. SMARTFREN 6 GB 7HR,8 PCS,14 PCS,7 PCS,7 PCS,7 PCS,10 PCS,8 PCS,10 PCS,
001369,V. SMARTFREN UNLI 14HR 5G,0 PCS,2 PCS,1 PCS,1 PCS,1 PCS,0 PCS,,2 PCS,
001371,V. SMARTFREN 3 GB UNLI 7HR,3 PCS,2 PCS,2 PCS,3 PCS,1 PCS,1 PCS,2 PCS,2 PCS,
TOTAL,23.00,45.00,30.00,28.00,26.00,23.00,23.00,45.00,
Kode Item,Nama Item,Gudang,PC 3 (A),PC 4 (C),PC 5 (C),PD 1 (C),PD 2 (C),PD 3 (C),PETSHOP,
001361,V. SMARTFREN 1 GB 3HR,0 PCS,6 PCS,11 PCS,18 PCS,8 PCS,17 PCS,7 PCS,0 PCS,
001363,V. SMARTFREN 2 GB 7HR (discontinue),0 PCS,1 PCS,0 PCS,0 PCS,2 PCS,0 PCS,2 PCS,,
001364,V. SMARTFREN 4 GB 3HR,0 PCS,8 PCS,7 PCS,8 PCS,8 PCS,17 PCS,11 PCS,,
001366,V. SMARTFREN UNLI 7HR 5G,0 PCS,2 PCS,2 PCS,4 PCS,1 PCS,4 PCS,1 PCS,,
001368,V. SMARTFREN 6 GB 7HR,0 PCS,8 PCS,9 PCS,16 PCS,5 PCS,7 PCS,5 PCS,,
001369,V. SMARTFREN UNLI 14HR 5G,0 PCS,2 PCS,2 PCS,2 PCS,2 PCS,0 PCS,2 PCS,,
001371,V. SMARTFREN 3 GB UNLI 7HR,0 PCS,1 PCS,0 PCS,2 PCS,1 PCS,2 PCS,1 PCS,,
TOTAL,0.00,28.00,31.00,50.00,27.00,47.00,29.00,0.00,
Kode Item,Nama Item,RK (C),SA (C),SS (C),TOTAL,,,,,,
001361,V. SMARTFREN 1 GB 3HR,15 PCS,13 PCS,12 PCS,477 PCS,,,,,,
001363,V. SMARTFREN 2 GB 7HR (discontinue),0 PCS,1 PCS,2 PCS,34 PCS,,,,,,
001364,V. SMARTFREN 4 GB 3HR,8 PCS,11 PCS,12 PCS,408 PCS,,,,,,
001366,V. SMARTFREN UNLI 7HR 5G,2 PCS,4 PCS,1 PCS,88 PCS,,,,,,
001368,V. SMARTFREN 6 GB 7HR,18 PCS,7 PCS,11 PCS,424 PCS,,,,,,
001369,V. SMARTFREN UNLI 14HR 5G,2 PCS,2 PCS,2 PCS,52 PCS,,,,,,
001371,V. SMARTFREN 3 GB UNLI 7HR,1 PCS,2 PCS,1 PCS,69 PCS,,,,,,
TOTAL,46.00,40.00,41.00,"1,552.00",,,,,,
,,,,Bee Accounting,,,,,,,,
,15/09/2026,,,,,,,
,Merk,Model,,,,,,,,,
,VOUCER SMART TEMBAKAN,COCKTAIL,,,,,,,,,
Kode Item,Nama Item,ALFA 1 (C),ALFA 2 (C),ALFA 3 (C),ALFA 4 (C),ALFA 5 (C),ALFA 6 (C),ALFA 7 ,ASBER 1 (C),
002395,V. SVSR16G28H SMART 16GB 28HR,9 PCS,9 PCS,8 PCS,9 PCS,9 PCS,9 PCS,6 PCS,8 PCS,
002396,V. SVSRUL1G28H SMART FUP 1 GB 28H,8 PCS,8 PCS,8 PCS,8 PCS,9 PCS,8 PCS,6 PCS,8 PCS,
002397,V. SVSR36G28H SMART 36GB 28HR,3 PCS,3 PCS,3 PCS,5 PCS,3 PCS,3 PCS,3 PCS,3 PCS,
002416,V. SVSRUL2G28H SMART UNLI FUP 2 GB 28HR,8 PCS,10 PCS,10 PCS,9 PCS,12 PCS,10 PCS,8 PCS,9 PCS,
TOTAL,28.00,30.00,29.00,31.00,33.00,30.00,23.00,28.00,
Kode Item,Nama Item,ASBER 2 (C),BK CIJAMBE ,BK JH1 ,BK JH2 (C),BK5 CIGER ,BK6 ,BK7 ,BK8 BAKSAR ,
002395,V. SVSR16G28H SMART 16GB 28HR,8 PCS,8 PCS,7 PCS,8 PCS,8 PCS,8 PCS,8 PCS,6 PCS,
002396,V. SVSRUL1G28H SMART FUP 1 GB 28H,8 PCS,7 PCS,8 PCS,7 PCS,7 PCS,6 PCS,6 PCS,4 PCS,
002397,V. SVSR36G28H SMART 36GB 28HR,2 PCS,2 PCS,3 PCS,4 PCS,3 PCS,2 PCS,2 PCS,2 PCS,
002416,V. SVSRUL2G28H SMART UNLI FUP 2 GB 28HR,9 PCS,8 PCS,12 PCS,10 PCS,9 PCS,8 PCS,8 PCS,7 PCS,
TOTAL,27.00,25.00,30.00,29.00,27.00,24.00,24.00,19.00,
Kode Item,Nama Item,BK9 BAKSAR ,BKC ,BUNISARI ,CICUKANG ,CIHAURKUK,CIKADUT 2,CIPADUNG 2 ,CIPAGALO ,
002395,V. SVSR16G28H SMART 16GB 28HR,6 PCS,7 PCS,10 PCS,6 PCS,4 PCS,4 PCS,6 PCS,4 PCS,
002396,V. SVSRUL1G28H SMART FUP 1 GB 28H,4 PCS,7 PCS,9 PCS,6 PCS,4 PCS,4 PCS,7 PCS,4 PCS,
002397,V. SVSR36G28H SMART 36GB 28HR,2 PCS,3 PCS,5 PCS,4 PCS,2 PCS,2 PCS,3 PCS,2 PCS,
002416,V. SVSRUL2G28H SMART UNLI FUP 2 GB 28HR,7 PCS,8 PCS,13 PCS,9 PCS,6 PCS,5 PCS,3 PCS,5 PCS,
TOTAL,19.00,25.00,37.00,25.00,16.00,15.00,19.00,15.00,
Kode Item,Nama Item,CIPOREAT,CISA (C),CK (C),CL 1 ,CL 2 ,CL 3 ,CL 4 ,DM (C),
002395,V. SVSR16G28H SMART 16GB 28HR,6 PCS,5 PCS,5 PCS,7 PCS,6 PCS,4 PCS,7 PCS,8 PCS,
002396,V. SVSRUL1G28H SMART FUP 1 GB 28H,6 PCS,8 PCS,8 PCS,7 PCS,6 PCS,4 PCS,6 PCS,8 PCS,
002397,V. SVSR36G28H SMART 36GB 28HR,2 PCS,3 PCS,3 PCS,2 PCS,3 PCS,2 PCS,2 PCS,4 PCS,
002416,V. SVSRUL2G28H SMART UNLI FUP 2 GB 28HR,5 PCS,10 PCS,10 PCS,6 PCS,5 PCS,5 PCS,6 PCS,9 PCS,
TOTAL,19.00,26.00,26.00,22.00,20.00,15.00,21.00,29.00,
,,,,,Bee Accounting,,,,,,,,
,15/09/2026,,,,,,,,
Kode Item,Nama Item,Gudang,PC 3 (A),PC 4 (C),PC 5 (C),PD 1 (C),PD 2 (C),PD 3 (C),RK (C),
002395,V. SVSR16G28H SMART 16GB 28HR,0 PCS,7 PCS,7 PCS,9 PCS,5 PCS,10 PCS,6 PCS,10 PCS,
002396,V. SVSRUL1G28H SMART FUP 1 GB 28H,0 PCS,7 PCS,6 PCS,8 PCS,8 PCS,9 PCS,5 PCS,8 PCS,
002397,V. SVSR36G28H SMART 36GB 28HR,0 PCS,4 PCS,4 PCS,5 PCS,3 PCS,4 PCS,3 PCS,2 PCS,
002416,V. SVSRUL2G28H SMART UNLI FUP 2 GB 28HR,0 PCS,9 PCS,9 PCS,9 PCS,10 PCS,11 PCS,7 PCS,10 PCS,
TOTAL,0.00,27.00,26.00,31.00,26.00,34.00,21.00,30.00,
Kode Item,Nama Item,SA (C),SS (C),TOTAL,,,,,,,
002395,V. SVSR16G28H SMART 16GB 28HR,8 PCS,7 PCS,292 PCS,,,,,,,
002396,V. SVSRUL1G28H SMART FUP 1 GB 28H,7 PCS,7 PCS,279 PCS,,,,,,,
002397,V. SVSR36G28H SMART 36GB 28HR,4 PCS,2 PCS,121 PCS,,,,,,,
002416,V. SVSRUL2G28H SMART UNLI FUP 2 GB 28HR,9 PCS,10 PCS,343 PCS,,,,,,,
TOTAL,28.00,26.00,"1,035.00",,,,,,,
,Merk,Model,,,,,,,,,
,VOUCER TELKOMSEL,< kosong >,,,,,,,,,
Kode Item,Nama Item,ALFA 1 (C),ALFA 2 (C),ALFA 3 (C),ALFA 4 (C),ALFA 5 (C),ALFA 6 (C),ALFA 7 ,ASBER 1 (C),
001344,V. BYU 10 GB 7HR,6 PCS,0 PCS,0 PCS,0 PCS,0 PCS,0 PCS,0 PCS,0 PCS,
001351,V. BYU 10 GB 1HR,9 PCS,0 PCS,0 PCS,0 PCS,0 PCS,0 PCS,,0 PCS,
001382,V. BYU 6 GB 2HR,7 PCS,5 PCS,4 PCS,9 PCS,9 PCS,1 PCS,7 PCS,4 PCS,
001384,V. BYU 11 GB 5HR,1 PCS,0 PCS,0 PCS,0 PCS,2 PCS,0 PCS,3 PCS,4 PCS,
001388,V. TELKOMSEL 7 GB 28HR,13 PCS,4 PCS,10 PCS,6 PCS,3 PCS,6 PCS,7 PCS,3 PCS,
001393,V. BYU 14 GB 7HR,6 PCS,0 PCS,0 PCS,0 PCS,0 PCS,0 PCS,,0 PCS,
002243,V. BYU 8 GB 3HR,9 PCS,0 PCS,0 PCS,0 PCS,0 PCS,0 PCS,,0 PCS,
002286,V. TELKOMSEL 18 GB 28HR,18 PCS,11 PCS,13 PCS,10 PCS,8 PCS,14 PCS,6 PCS,12 PCS,
TOTAL,69.00,20.00,27.00,25.00,22.00,21.00,23.00,23.00,
Kode Item,Nama Item,ASBER 2 (C),BK CIJAMBE ,BK JH1 ,BK JH2 (C),BK5 CIGER ,BK6 ,BK7 ,BK8 BAKSAR ,
001344,V. BYU 10 GB 7HR,0 PCS,0 PCS,0 PCS,0 PCS,0 PCS,0 PCS,0 PCS,0 PCS,
001351,V. BYU 10 GB 1HR,0 PCS,0 PCS,0 PCS,0 PCS,,,0 PCS,,
001382,V. BYU 6 GB 2HR,6 PCS,7 PCS,8 PCS,2 PCS,3 PCS,3 PCS,8 PCS,1 PCS,
001384,V. BYU 11 GB 5HR,0 PCS,0 PCS,4 PCS,1 PCS,0 PCS,4 PCS,2 PCS,4 PCS,
001388,V. TELKOMSEL 7 GB 28HR,3 PCS,3 PCS,2 PCS,13 PCS,12 PCS,9 PCS,15 PCS,13 PCS,
,,,,,Bee Accounting,,,,,,,,
,15/09/2026,,,,,,,,
Kode Item,Nama Item,ASBER 2 (C),BK CIJAMBE ,BK JH1 ,BK JH2 (C),BK5 CIGER ,BK6 ,BK7 ,BK8 BAKSAR ,
001393,V. BYU 14 GB 7HR,0 PCS,0 PCS,0 PCS,0 PCS,0 PCS,0 PCS,0 PCS,,
002243,V. BYU 8 GB 3HR,0 PCS,0 PCS,0 PCS,0 PCS,,,0 PCS,,
002286,V. TELKOMSEL 18 GB 28HR,14 PCS,6 PCS,14 PCS,15 PCS,7 PCS,7 PCS,6 PCS,7 PCS,
TOTAL,23.00,16.00,28.00,31.00,22.00,23.00,31.00,25.00,
Kode Item,Nama Item,BK9 BAKSAR ,BKC ,BUNISARI ,CICUKANG ,CIHAURKUK,CIKADUT 2,CIPADUNG 2 ,CIPAGALO ,
001344,V. BYU 10 GB 7HR,0 PCS,0 PCS,0 PCS,0 PCS,,,0 PCS,,
001351,V. BYU 10 GB 1HR,,0 PCS,0 PCS,,,,,,
001382,V. BYU 6 GB 2HR,5 PCS,7 PCS,2 PCS,0 PCS,8 PCS,7 PCS,5 PCS,9 PCS,
001384,V. BYU 11 GB 5HR,3 PCS,2 PCS,4 PCS,3 PCS,6 PCS,3 PCS,2 PCS,4 PCS,
001388,V. TELKOMSEL 7 GB 28HR,4 PCS,0 PCS,10 PCS,13 PCS,8 PCS,9 PCS,6 PCS,8 PCS,
001393,V. BYU 14 GB 7HR,,0 PCS,0 PCS,,,,,,
002243,V. BYU 8 GB 3HR,,0 PCS,0 PCS,,,,,,
002286,V. TELKOMSEL 18 GB 28HR,7 PCS,6 PCS,7 PCS,14 PCS,7 PCS,7 PCS,5 PCS,8 PCS,
TOTAL,19.00,15.00,23.00,30.00,29.00,26.00,18.00,29.00,
Kode Item,Nama Item,CIPOREAT,CISA (C),CK (C),CL 1 ,CL 2 ,CL 3 ,CL 4 ,DM (C),
001344,V. BYU 10 GB 7HR,,0 PCS,0 PCS,0 PCS,,,,0 PCS,
001351,V. BYU 10 GB 1HR,,0 PCS,0 PCS,,,,,0 PCS,
001382,V. BYU 6 GB 2HR,5 PCS,2 PCS,5 PCS,2 PCS,5 PCS,5 PCS,9 PCS,5 PCS,
001384,V. BYU 11 GB 5HR,2 PCS,1 PCS,2 PCS,0 PCS,3 PCS,2 PCS,2 PCS,5 PCS,
001388,V. TELKOMSEL 7 GB 28HR,8 PCS,18 PCS,3 PCS,3 PCS,0 PCS,0 PCS,8 PCS,2 PCS,
001393,V. BYU 14 GB 7HR,,0 PCS,0 PCS,,,,,0 PCS,
002243,V. BYU 8 GB 3HR,,0 PCS,0 PCS,,,,,0 PCS,
002286,V. TELKOMSEL 18 GB 28HR,4 PCS,14 PCS,6 PCS,5 PCS,4 PCS,7 PCS,8 PCS,11 PCS,
TOTAL,19.00,35.00,16.00,10.00,12.00,14.00,27.00,23.00,
Kode Item,Nama Item,Gudang,PC 3 (A),PC 4 (C),PC 5 (C),PD 1 (C),PD 2 (C),PD 3 (C),RK (C),
001344,V. BYU 10 GB 7HR,204 PCS,0 PCS,0 PCS,0 PCS,0 PCS,0 PCS,0 PCS,0 PCS,
001351,V. BYU 10 GB 1HR,291 PCS,0 PCS,0 PCS,0 PCS,0 PCS,0 PCS,,0 PCS,
001382,V. BYU 6 GB 2HR,0 PCS,8 PCS,5 PCS,9 PCS,4 PCS,5 PCS,5 PCS,6 PCS,
001384,V. BYU 11 GB 5HR,0 PCS,5 PCS,6 PCS,6 PCS,3 PCS,3 PCS,0 PCS,0 PCS,
001388,V. TELKOMSEL 7 GB 28HR,198 PCS,5 PCS,11 PCS,5 PCS,5 PCS,0 PCS,12 PCS,11 PCS,
001393,V. BYU 14 GB 7HR,204 PCS,0 PCS,0 PCS,0 PCS,0 PCS,0 PCS,,0 PCS,
002243,V. BYU 8 GB 3HR,291 PCS,0 PCS,0 PCS,0 PCS,0 PCS,0 PCS,,0 PCS,
,,,,Bee Accounting,,,,,,,,
,15/09/2026,,,,,,,
Kode Item,Nama Item,Gudang,PC 3 (A),PC 4 (C),PC 5 (C),PD 1 (C),PD 2 (C),PD 3 (C),RK (C),
002286,V. TELKOMSEL 18 GB 28HR,0 PCS,12 PCS,6 PCS,6 PCS,12 PCS,6 PCS,10 PCS,8 PCS,
TOTAL,"1,188.00",30.00,28.00,26.00,24.00,14.00,27.00,25.00,
Kode Item,Nama Item,SA (C),SS (C),TOTAL,,,,,,,
001344,V. BYU 10 GB 7HR,0 PCS,0 PCS,210 PCS,,,,,,,
001351,V. BYU 10 GB 1HR,0 PCS,0 PCS,300 PCS,,,,,,,
001382,V. BYU 6 GB 2HR,6 PCS,5 PCS,218 PCS,,,,,,,
001384,V. BYU 11 GB 5HR,3 PCS,5 PCS,100 PCS,,,,,,,
001388,V. TELKOMSEL 7 GB 28HR,2 PCS,4 PCS,475 PCS,,,,,,,
001393,V. BYU 14 GB 7HR,0 PCS,0 PCS,210 PCS,,,,,,,
002243,V. BYU 8 GB 3HR,0 PCS,0 PCS,300 PCS,,,,,,,
002286,V. TELKOMSEL 18 GB 28HR,13 PCS,8 PCS,369 PCS,,,,,,,
TOTAL,24.00,22.00,"2,182.00",,,,,,,
,Merk,Model,,,,,,,,,
,VOUCER TELKOMSEL HARIAN,< kosong >,,,,,,,,,
Kode Item,Nama Item,ALFA 1 (C),ALFA 2 (C),ALFA 3 (C),ALFA 4 (C),ALFA 5 (C),ALFA 6 (C),ALFA 7 ,ASBER 1 (C),
001385,V. TELKOMSEL 5 GB 2HR,5 PCS,5 PCS,8 PCS,11 PCS,9 PCS,6 PCS,1 PCS,3 PCS,
001387,V. TELKOMSEL 4 GB 1HR (discontinue),0 PCS,4 PCS,4 PCS,0 PCS,1 PCS,0 PCS,0 PCS,0 PCS,
002751,V. TELKOMSEL 6 GB 2HR,54 PCS,45 PCS,38 PCS,37 PCS,48 PCS,42 PCS,25 PCS,35 PCS,
002752,V. TELKOMSEL 5 GB 3HR,9 PCS,8 PCS,5 PCS,7 PCS,3 PCS,10 PCS,4 PCS,3 PCS,
002753,V. TELKOMSEL 4 GB 5HR,47 PCS,39 PCS,34 PCS,48 PCS,60 PCS,44 PCS,36 PCS,31 PCS,
002754,V. TELKOMSEL 7 GB 5HR,20 PCS,1 PCS,0 PCS,3 PCS,9 PCS,12 PCS,0 PCS,4 PCS,
TOTAL,135.00,102.00,89.00,106.00,130.00,114.00,66.00,76.00,
Kode Item,Nama Item,ASBER 2 (C),BK CIJAMBE ,BK JH1 ,BK JH2 (C),BK5 CIGER ,BK6 ,BK7 ,BK8 BAKSAR ,
001385,V. TELKOMSEL 5 GB 2HR,7 PCS,6 PCS,8 PCS,12 PCS,5 PCS,9 PCS,7 PCS,11 PCS,
001387,V. TELKOMSEL 4 GB 1HR (discontinue),0 PCS,0 PCS,0 PCS,1 PCS,0 PCS,0 PCS,0 PCS,0 PCS,
002751,V. TELKOMSEL 6 GB 2HR,29 PCS,31 PCS,48 PCS,43 PCS,32 PCS,23 PCS,22 PCS,21 PCS,
002752,V. TELKOMSEL 5 GB 3HR,11 PCS,6 PCS,12 PCS,7 PCS,5 PCS,5 PCS,4 PCS,8 PCS,
002753,V. TELKOMSEL 4 GB 5HR,50 PCS,31 PCS,52 PCS,42 PCS,36 PCS,28 PCS,28 PCS,27 PCS,
002754,V. TELKOMSEL 7 GB 5HR,11 PCS,3 PCS,11 PCS,6 PCS,8 PCS,7 PCS,5 PCS,4 PCS,
TOTAL,108.00,77.00,131.00,111.00,86.00,72.00,66.00,71.00,
,,,,,Bee Accounting,,,,,,,,
,15/09/2026,,,,,,,,
Kode Item,Nama Item,BK9 BAKSAR ,BKC ,BUNISARI ,CICUKANG ,CIHAURKUK,CIKADUT 2,CIPADUNG 2 ,CIPAGALO ,
001385,V. TELKOMSEL 5 GB 2HR,6 PCS,11 PCS,7 PCS,7 PCS,8 PCS,7 PCS,6 PCS,8 PCS,
001387,V. TELKOMSEL 4 GB 1HR (discontinue),0 PCS,0 PCS,2 PCS,0 PCS,0 PCS,0 PCS,0 PCS,0 PCS,
002751,V. TELKOMSEL 6 GB 2HR,17 PCS,24 PCS,29 PCS,20 PCS,16 PCS,14 PCS,15 PCS,20 PCS,
002752,V. TELKOMSEL 5 GB 3HR,1 PCS,8 PCS,11 PCS,8 PCS,8 PCS,6 PCS,4 PCS,5 PCS,
002753,V. TELKOMSEL 4 GB 5HR,27 PCS,29 PCS,58 PCS,31 PCS,37 PCS,22 PCS,19 PCS,38 PCS,
002754,V. TELKOMSEL 7 GB 5HR,7 PCS,0 PCS,12 PCS,4 PCS,6 PCS,6 PCS,1 PCS,8 PCS,
TOTAL,58.00,72.00,119.00,70.00,75.00,55.00,45.00,79.00,
Kode Item,Nama Item,CIPOREAT,CISA (C),CK (C),CL 1 ,CL 2 ,CL 3 ,CL 4 ,DM (C),
001385,V. TELKOMSEL 5 GB 2HR,7 PCS,12 PCS,11 PCS,8 PCS,7 PCS,4 PCS,4 PCS,13 PCS,
001387,V. TELKOMSEL 4 GB 1HR (discontinue),0 PCS,0 PCS,0 PCS,1 PCS,0 PCS,0 PCS,0 PCS,0 PCS,
002751,V. TELKOMSEL 6 GB 2HR,18 PCS,30 PCS,21 PCS,22 PCS,19 PCS,17 PCS,22 PCS,40 PCS,
002752,V. TELKOMSEL 5 GB 3HR,2 PCS,14 PCS,1 PCS,7 PCS,8 PCS,8 PCS,3 PCS,7 PCS,
002753,V. TELKOMSEL 4 GB 5HR,29 PCS,54 PCS,38 PCS,29 PCS,27 PCS,19 PCS,35 PCS,48 PCS,
002754,V. TELKOMSEL 7 GB 5HR,5 PCS,8 PCS,14 PCS,0 PCS,2 PCS,0 PCS,2 PCS,17 PCS,
TOTAL,61.00,118.00,85.00,67.00,63.00,48.00,66.00,125.00,
Kode Item,Nama Item,Gudang,PC 3 (A),PC 4 (C),PC 5 (C),PD 1 (C),PD 2 (C),PD 3 (C),RK (C),
001385,V. TELKOMSEL 5 GB 2HR,0 PCS,6 PCS,8 PCS,15 PCS,9 PCS,10 PCS,6 PCS,16 PCS,
001387,V. TELKOMSEL 4 GB 1HR (discontinue),1 PCS,0 PCS,0 PCS,0 PCS,0 PCS,0 PCS,0 PCS,0 PCS,
002751,V. TELKOMSEL 6 GB 2HR,0 PCS,25 PCS,28 PCS,48 PCS,22 PCS,36 PCS,17 PCS,40 PCS,
002752,V. TELKOMSEL 5 GB 3HR,0 PCS,5 PCS,1 PCS,17 PCS,5 PCS,5 PCS,8 PCS,6 PCS,
002753,V. TELKOMSEL 4 GB 5HR,105 PCS,42 PCS,35 PCS,51 PCS,36 PCS,45 PCS,25 PCS,56 PCS,
002754,V. TELKOMSEL 7 GB 5HR,294 PCS,2 PCS,1 PCS,13 PCS,0 PCS,3 PCS,10 PCS,16 PCS,
TOTAL,400.00,80.00,73.00,144.00,72.00,99.00,66.00,134.00,
Kode Item,Nama Item,SA (C),SS (C),TOTAL,,,,,,,
001385,V. TELKOMSEL 5 GB 2HR,7 PCS,9 PCS,325 PCS,,,,,,,
001387,V. TELKOMSEL 4 GB 1HR (discontinue),0 PCS,0 PCS,14 PCS,,,,,,,
002751,V. TELKOMSEL 6 GB 2HR,28 PCS,26 PCS,1187 PCS,,,,,,,
002752,V. TELKOMSEL 5 GB 3HR,15 PCS,9 PCS,279 PCS,,,,,,,
002753,V. TELKOMSEL 4 GB 5HR,26 PCS,29 PCS,1623 PCS,,,,,,,
002754,V. TELKOMSEL 7 GB 5HR,5 PCS,12 PCS,552 PCS,,,,,,,
,,,,Bee Accounting,,,,,,,,
,15/09/2026,,,,,,,
Kode Item,Nama Item,SA (C),SS (C),TOTAL,,,,,,,
TOTAL,81.00,85.00,"3,980.00",,,,,,,
,Merk,Model,,,,,,,,,
,VOUCER TELKOMSEL TEMBAK,SEGEL,,,,,,,,,
Kode Item,Nama Item,ALFA 1 (C),ALFA 3 (C),BUNISARI ,DM (C),Gudang,PC 3 (A),RK (C),TOTAL,
001391,V. TELKOMSEL KOSONG 30/09/26,0 PCS,0 PCS,0 PCS,0 PCS,0 PCS,0 PCS,0 PCS,0 PCS,
TOTAL,0.00,0.00,0.00,0.00,0.00,0.00,0.00,0.00,
,Merk,Model,,,,,,,,,
,VOUCER TELKOMSEL TEMBAK,< kosong >,,,,,,,,,
Kode Item,Nama Item,ALFA 1 (C),ALFA 2 (C),ALFA 3 (C),ALFA 4 (C),ALFA 5 (C),ALFA 6 (C),ALFA 7 ,ASBER 1 (C),
002204,V. TELKOMSEL 7 GB 7HR,12 PCS,14 PCS,10 PCS,6 PCS,18 PCS,11 PCS,3 PCS,5 PCS,
002205,V. SVT25 TELKOMSEL 25 GB 28HR,0 PCS,0 PCS,0 PCS,0 PCS,0 PCS,0 PCS,0 PCS,0 PCS,
TOTAL,12.00,14.00,10.00,6.00,18.00,11.00,3.00,5.00,
Kode Item,Nama Item,ASBER 2 (C),BK CIJAMBE ,BK JH1 ,BK JH2 (C),BK5 CIGER ,BK6 ,BK7 ,BK8 BAKSAR ,
002204,V. TELKOMSEL 7 GB 7HR,3 PCS,10 PCS,12 PCS,16 PCS,11 PCS,5 PCS,8 PCS,6 PCS,
002205,V. SVT25 TELKOMSEL 25 GB 28HR,0 PCS,0 PCS,0 PCS,0 PCS,0 PCS,0 PCS,0 PCS,0 PCS,
TOTAL,3.00,10.00,12.00,16.00,11.00,5.00,8.00,6.00,
Kode Item,Nama Item,BK9 BAKSAR ,BKC ,BUNISARI ,CICUKANG ,CIHAURKUK,CIKADUT 2,CIPADUNG 2 ,CIPAGALO ,
002204,V. TELKOMSEL 7 GB 7HR,9 PCS,6 PCS,15 PCS,10 PCS,6 PCS,5 PCS,8 PCS,7 PCS,
002205,V. SVT25 TELKOMSEL 25 GB 28HR,0 PCS,0 PCS,0 PCS,0 PCS,,0 PCS,0 PCS,0 PCS,
TOTAL,9.00,6.00,15.00,10.00,6.00,5.00,8.00,7.00,
Kode Item,Nama Item,CIPOREAT,CISA (C),CK (C),CL 1 ,CL 2 ,CL 3 ,CL 4 ,DM (C),
002204,V. TELKOMSEL 7 GB 7HR,6 PCS,6 PCS,3 PCS,4 PCS,6 PCS,0 PCS,5 PCS,12 PCS,
002205,V. SVT25 TELKOMSEL 25 GB 28HR,0 PCS,0 PCS,0 PCS,0 PCS,0 PCS,0 PCS,,0 PCS,
TOTAL,6.00,6.00,3.00,4.00,6.00,0.00,5.00,12.00,
Kode Item,Nama Item,Gudang,PC 3 (A),PC 4 (C),PC 5 (C),PD 1 (C),PD 2 (C),PD 3 (C),RK (C),
002204,V. TELKOMSEL 7 GB 7HR,300 PCS,11 PCS,12 PCS,22 PCS,6 PCS,6 PCS,7 PCS,20 PCS,
002205,V. SVT25 TELKOMSEL 25 GB 28HR,403 PCS,0 PCS,0 PCS,0 PCS,0 PCS,0 PCS,0 PCS,0 PCS,
,,,,,Bee Accounting,,,,,,,,
,15/09/2026,,,,,,,,
Kode Item,Nama Item,Gudang,PC 3 (A),PC 4 (C),PC 5 (C),PD 1 (C),PD 2 (C),PD 3 (C),RK (C),
TOTAL,703.00,11.00,12.00,22.00,6.00,6.00,7.00,20.00,
Kode Item,Nama Item,SA (C),SS (C),TOTAL,,,,,,,
002204,V. TELKOMSEL 7 GB 7HR,9 PCS,7 PCS,658 PCS,,,,,,,
002205,V. SVT25 TELKOMSEL 25 GB 28HR,0 PCS,0 PCS,403 PCS,,,,,,,
TOTAL,9.00,7.00,"1,061.00",,,,,,,
,Merk,Model,,,,,,,,,
,VOUCER TRI,< kosong >,,,,,,,,,
Kode Item,Nama Item,ALFA 1 (C),ALFA 2 (C),ALFA 3 (C),ALFA 4 (C),ALFA 5 (C),ALFA 6 (C),ALFA 7 ,ASBER 1 (C),
001400,V. TRI 7 GB 28HR,5 PCS,22 PCS,18 PCS,17 PCS,21 PCS,11 PCS,10 PCS,12 PCS,
001403,V. TRI 10 GB 3HR,36 PCS,27 PCS,18 PCS,28 PCS,35 PCS,31 PCS,20 PCS,21 PCS,
001404,V. TRI AON 8 GB,15 PCS,16 PCS,11 PCS,12 PCS,16 PCS,15 PCS,10 PCS,14 PCS,
001405,V. TRI AON 12 GB,4 PCS,4 PCS,5 PCS,2 PCS,5 PCS,2 PCS,3 PCS,1 PCS,
TOTAL,60.00,69.00,52.00,59.00,77.00,59.00,43.00,48.00,
Kode Item,Nama Item,ASBER 2 (C),BK CIJAMBE ,BK JH1 ,BK JH2 (C),BK5 CIGER ,BK6 ,BK7 ,BK8 BAKSAR ,
001400,V. TRI 7 GB 28HR,18 PCS,11 PCS,16 PCS,15 PCS,7 PCS,6 PCS,7 PCS,10 PCS,
001403,V. TRI 10 GB 3HR,22 PCS,29 PCS,37 PCS,42 PCS,29 PCS,33 PCS,33 PCS,11 PCS,
001404,V. TRI AON 8 GB,17 PCS,13 PCS,18 PCS,17 PCS,13 PCS,9 PCS,11 PCS,6 PCS,
001405,V. TRI AON 12 GB,4 PCS,3 PCS,4 PCS,2 PCS,5 PCS,4 PCS,3 PCS,4 PCS,
TOTAL,61.00,56.00,75.00,76.00,54.00,52.00,54.00,31.00,
Kode Item,Nama Item,BK9 BAKSAR ,BKC ,BUNISARI ,CICUKANG ,CIHAURKUK,CIKADUT 2,CIPADUNG 2 ,CIPAGALO ,
001400,V. TRI 7 GB 28HR,7 PCS,11 PCS,22 PCS,7 PCS,6 PCS,8 PCS,5 PCS,7 PCS,
001403,V. TRI 10 GB 3HR,16 PCS,32 PCS,36 PCS,15 PCS,10 PCS,10 PCS,15 PCS,16 PCS,
001404,V. TRI AON 8 GB,11 PCS,11 PCS,14 PCS,9 PCS,9 PCS,5 PCS,7 PCS,7 PCS,
001405,V. TRI AON 12 GB,2 PCS,4 PCS,4 PCS,2 PCS,2 PCS,1 PCS,0 PCS,2 PCS,
TOTAL,36.00,58.00,76.00,33.00,27.00,24.00,27.00,32.00,
Kode Item,Nama Item,CIPOREAT,CISA (C),CK (C),CL 1 ,CL 2 ,CL 3 ,CL 4 ,DM (C),
001400,V. TRI 7 GB 28HR,2 PCS,17 PCS,10 PCS,11 PCS,8 PCS,8 PCS,4 PCS,17 PCS,
001403,V. TRI 10 GB 3HR,23 PCS,28 PCS,24 PCS,21 PCS,17 PCS,17 PCS,15 PCS,44 PCS,
001404,V. TRI AON 8 GB,9 PCS,13 PCS,7 PCS,10 PCS,9 PCS,6 PCS,9 PCS,14 PCS,
001405,V. TRI AON 12 GB,4 PCS,1 PCS,3 PCS,4 PCS,0 PCS,2 PCS,2 PCS,2 PCS,
TOTAL,38.00,59.00,44.00,46.00,34.00,33.00,30.00,77.00,
,,,,,Bee Accounting,,,,,,,,
,15/09/2026,,,,,,,,
Kode Item,Nama Item,Gudang,PC 3 (A),PC 4 (C),PC 5 (C),PD 1 (C),PD 2 (C),PD 3 (C),RK (C),
001400,V. TRI 7 GB 28HR,0 PCS,11 PCS,15 PCS,23 PCS,13 PCS,13 PCS,12 PCS,19 PCS,
001403,V. TRI 10 GB 3HR,501 PCS,28 PCS,33 PCS,37 PCS,21 PCS,33 PCS,19 PCS,27 PCS,
001404,V. TRI AON 8 GB,88 PCS,12 PCS,12 PCS,16 PCS,7 PCS,12 PCS,5 PCS,20 PCS,
001405,V. TRI AON 12 GB,0 PCS,1 PCS,5 PCS,1 PCS,3 PCS,2 PCS,5 PCS,2 PCS,
TOTAL,589.00,52.00,65.00,77.00,44.00,60.00,41.00,68.00,
Kode Item,Nama Item,SA (C),SS (C),TOTAL,,,,,,,
001400,V. TRI 7 GB 28HR,21 PCS,17 PCS,500 PCS,,,,,,,
001403,V. TRI 10 GB 3HR,24 PCS,29 PCS,1543 PCS,,,,,,,
001404,V. TRI AON 8 GB,11 PCS,12 PCS,558 PCS,,,,,,,
001405,V. TRI AON 12 GB,3 PCS,1 PCS,113 PCS,,,,,,,
TOTAL,59.00,59.00,"2,714.00",,,,,,,
,Merk,Model,,,,,,,,,
,VOUCER TRI HARIAN,< kosong >,,,,,,,,,
Kode Item,Nama Item,ALFA 1 (C),ALFA 2 (C),ALFA 3 (C),ALFA 4 (C),ALFA 5 (C),ALFA 6 (C),ALFA 7 ,ASBER 1 (C),
001396,V. TRI 7 GB 2HR,21 PCS,22 PCS,29 PCS,27 PCS,26 PCS,16 PCS,23 PCS,13 PCS,
001397,V. TRI 6 GB 1HR/ 2.5 gb 1hr,37 PCS,33 PCS,35 PCS,28 PCS,44 PCS,39 PCS,33 PCS,29 PCS,
001398,V. TRI 15 GB 7HR/12gb 7hr,19 PCS,16 PCS,11 PCS,11 PCS,21 PCS,13 PCS,11 PCS,11 PCS,
001399,V. TRI 12 GB 5HR/10gb 5hr,16 PCS,23 PCS,17 PCS,4 PCS,23 PCS,9 PCS,9 PCS,14 PCS,
001406,V. TRI 5.5 GB 3HR,53 PCS,56 PCS,18 PCS,40 PCS,52 PCS,46 PCS,29 PCS,45 PCS,
002517,V. TRI 10 GB 5HR/5gb 5hr,14 PCS,18 PCS,15 PCS,9 PCS,19 PCS,15 PCS,10 PCS,9 PCS,
TOTAL,160.00,168.00,125.00,119.00,185.00,138.00,115.00,121.00,
Kode Item,Nama Item,ASBER 2 (C),BK CIJAMBE ,BK JH1 ,BK JH2 (C),BK5 CIGER ,BK6 ,BK7 ,BK8 BAKSAR ,
001396,V. TRI 7 GB 2HR,27 PCS,24 PCS,26 PCS,25 PCS,24 PCS,15 PCS,24 PCS,16 PCS,
001397,V. TRI 6 GB 1HR/ 2.5 gb 1hr,35 PCS,32 PCS,48 PCS,36 PCS,32 PCS,25 PCS,29 PCS,22 PCS,
001398,V. TRI 15 GB 7HR/12gb 7hr,13 PCS,13 PCS,14 PCS,11 PCS,11 PCS,9 PCS,15 PCS,9 PCS,
001399,V. TRI 12 GB 5HR/10gb 5hr,11 PCS,17 PCS,18 PCS,15 PCS,2 PCS,13 PCS,12 PCS,7 PCS,
001406,V. TRI 5.5 GB 3HR,50 PCS,34 PCS,53 PCS,54 PCS,33 PCS,30 PCS,47 PCS,25 PCS,
002517,V. TRI 10 GB 5HR/5gb 5hr,17 PCS,12 PCS,32 PCS,21 PCS,14 PCS,5 PCS,13 PCS,13 PCS,
TOTAL,153.00,132.00,191.00,162.00,116.00,97.00,140.00,92.00,
Kode Item,Nama Item,BK9 BAKSAR ,BKC ,BUNISARI ,CICUKANG ,CIHAURKUK,CIKADUT 2,CIPADUNG 2 ,CIPAGALO ,
001396,V. TRI 7 GB 2HR,15 PCS,13 PCS,38 PCS,5 PCS,19 PCS,25 PCS,21 PCS,21 PCS,
001397,V. TRI 6 GB 1HR/ 2.5 gb 1hr,22 PCS,22 PCS,38 PCS,20 PCS,18 PCS,19 PCS,19 PCS,26 PCS,
,,,,,Bee Accounting,,,,,,,,
,15/09/2026,,,,,,,,
Kode Item,Nama Item,BK9 BAKSAR ,BKC ,BUNISARI ,CICUKANG ,CIHAURKUK,CIKADUT 2,CIPADUNG 2 ,CIPAGALO ,
001398,V. TRI 15 GB 7HR/12gb 7hr,13 PCS,14 PCS,20 PCS,12 PCS,11 PCS,15 PCS,9 PCS,8 PCS,
001399,V. TRI 12 GB 5HR/10gb 5hr,6 PCS,14 PCS,23 PCS,14 PCS,11 PCS,12 PCS,11 PCS,12 PCS,
001406,V. TRI 5.5 GB 3HR,24 PCS,40 PCS,58 PCS,33 PCS,24 PCS,25 PCS,25 PCS,26 PCS,
002517,V. TRI 10 GB 5HR/5gb 5hr,7 PCS,2 PCS,29 PCS,5 PCS,15 PCS,6 PCS,2 PCS,13 PCS,
TOTAL,87.00,105.00,206.00,89.00,98.00,102.00,87.00,106.00,
Kode Item,Nama Item,CIPOREAT,CISA (C),CK (C),CL 1 ,CL 2 ,CL 3 ,CL 4 ,DM (C),
001396,V. TRI 7 GB 2HR,20 PCS,26 PCS,14 PCS,23 PCS,16 PCS,15 PCS,22 PCS,32 PCS,
001397,V. TRI 6 GB 1HR/ 2.5 gb 1hr,12 PCS,31 PCS,42 PCS,19 PCS,18 PCS,14 PCS,19 PCS,40 PCS,
001398,V. TRI 15 GB 7HR/12gb 7hr,10 PCS,13 PCS,13 PCS,7 PCS,10 PCS,9 PCS,10 PCS,16 PCS,
001399,V. TRI 12 GB 5HR/10gb 5hr,8 PCS,14 PCS,16 PCS,9 PCS,7 PCS,11 PCS,15 PCS,18 PCS,
001406,V. TRI 5.5 GB 3HR,24 PCS,42 PCS,36 PCS,27 PCS,19 PCS,23 PCS,28 PCS,43 PCS,
002517,V. TRI 10 GB 5HR/5gb 5hr,6 PCS,31 PCS,26 PCS,21 PCS,10 PCS,14 PCS,18 PCS,20 PCS,
TOTAL,80.00,157.00,147.00,106.00,80.00,86.00,112.00,169.00,
Kode Item,Nama Item,Gudang,PC 3 (A),PC 4 (C),PC 5 (C),PD 1 (C),PD 2 (C),PD 3 (C),RK (C),
001396,V. TRI 7 GB 2HR,100 PCS,27 PCS,27 PCS,26 PCS,4 PCS,30 PCS,14 PCS,31 PCS,
001397,V. TRI 6 GB 1HR/ 2.5 gb 1hr,1 PCS,28 PCS,26 PCS,30 PCS,34 PCS,36 PCS,18 PCS,44 PCS,
001398,V. TRI 15 GB 7HR/12gb 7hr,0 PCS,12 PCS,15 PCS,18 PCS,10 PCS,17 PCS,10 PCS,21 PCS,
001399,V. TRI 12 GB 5HR/10gb 5hr,0 PCS,19 PCS,23 PCS,24 PCS,16 PCS,17 PCS,13 PCS,7 PCS,
001406,V. TRI 5.5 GB 3HR,0 PCS,36 PCS,30 PCS,49 PCS,43 PCS,40 PCS,21 PCS,53 PCS,
002517,V. TRI 10 GB 5HR/5gb 5hr,0 PCS,20 PCS,19 PCS,13 PCS,26 PCS,12 PCS,5 PCS,32 PCS,
TOTAL,101.00,142.00,140.00,160.00,133.00,152.00,81.00,188.00,
Kode Item,Nama Item,SA (C),SS (C),TOTAL,,,,,,,
001396,V. TRI 7 GB 2HR,32 PCS,30 PCS,1004 PCS,,,,,,,
001397,V. TRI 6 GB 1HR/ 2.5 gb 1hr,18 PCS,29 PCS,1180 PCS,,,,,,,
001398,V. TRI 15 GB 7HR/12gb 7hr,16 PCS,15 PCS,532 PCS,,,,,,,
001399,V. TRI 12 GB 5HR/10gb 5hr,16 PCS,21 PCS,567 PCS,,,,,,,
001406,V. TRI 5.5 GB 3HR,35 PCS,38 PCS,1507 PCS,,,,,,,
002517,V. TRI 10 GB 5HR/5gb 5hr,15 PCS,18 PCS,621 PCS,,,,,,,
TOTAL,132.00,151.00,"5,411.00",,,,,,,
,Merk,Model,,,,,,,,,
,VOUCER XL,< kosong >,,,,,,,,,
,,,,,Bee Accounting,,,,,,,,
,15/09/2026,,,,,,,,
Kode Item,Nama Item,ALFA 1 (C),ALFA 2 (C),ALFA 3 (C),ALFA 4 (C),ALFA 5 (C),ALFA 6 (C),ALFA 7 ,ASBER 1 (C),
001359,V. XL FLEX MINI 4 GB 5HR,8 PCS,7 PCS,8 PCS,8 PCS,10 PCS,6 PCS,6 PCS,6 PCS,
001408,V. AXIS KOSONG,0 PCS,0 PCS,0 PCS,0 PCS,0 PCS,0 PCS,0 PCS,0 PCS,
001409,V. XL S 3.5 GB 7HR (discontinue),3 PCS,5 PCS,6 PCS,5 PCS,1 PCS,7 PCS,1 PCS,2 PCS,
001410,V. XL FLEX MINI 6 GB 7HR,8 PCS,8 PCS,8 PCS,8 PCS,10 PCS,6 PCS,6 PCS,8 PCS,
001411,V. XL M 5 GB 7HR (discontinue),6 PCS,1 PCS,2 PCS,2 PCS,4 PCS,5 PCS,0 PCS,0 PCS,
001412,V. XL KOSONG,,,,,,,,,
001413,V. XL FLEX 16 GB 28HR,3 PCS,2 PCS,1 PCS,1 PCS,3 PCS,2 PCS,1 PCS,2 PCS,
001414,V. XL FLEX M GB 28HR (discontinue),1 PCS,0 PCS,0 PCS,0 PCS,0 PCS,0 PCS,0 PCS,0 PCS,
001415,V. XL FLEX S 7 GB 28HR,4 PCS,11 PCS,7 PCS,12 PCS,13 PCS,10 PCS,8 PCS,8 PCS,
002233,V. XL FLEX MINI 5 GB 1HR,11 PCS,12 PCS,8 PCS,10 PCS,16 PCS,7 PCS,3 PCS,4 PCS,
002412,V. XL FLEX MINI 6 GB 2HR,14 PCS,15 PCS,18 PCS,17 PCS,18 PCS,13 PCS,8 PCS,11 PCS,
002478,V. XL S 2.5 GB 5HR (discontinue),2 PCS,6 PCS,3 PCS,4 PCS,5 PCS,8 PCS,4 PCS,2 PCS,
002535,V. XL FLEX MINI 4 GB 3HR,8 PCS,12 PCS,11 PCS,9 PCS,23 PCS,7 PCS,4 PCS,6 PCS,
TOTAL,68.00,79.00,72.00,76.00,103.00,71.00,41.00,49.00,
Kode Item,Nama Item,ASBER 2 (C),BK CIJAMBE ,BK JH1 ,BK JH2 (C),BK5 CIGER ,BK6 ,BK7 ,BK8 BAKSAR ,
001359,V. XL FLEX MINI 4 GB 5HR,8 PCS,5 PCS,7 PCS,8 PCS,4 PCS,6 PCS,6 PCS,5 PCS,
001408,V. AXIS KOSONG,0 PCS,0 PCS,0 PCS,0 PCS,0 PCS,0 PCS,0 PCS,0 PCS,
001409,V. XL S 3.5 GB 7HR (discontinue),2 PCS,6 PCS,2 PCS,5 PCS,8 PCS,5 PCS,6 PCS,9 PCS,
001410,V. XL FLEX MINI 6 GB 7HR,8 PCS,6 PCS,7 PCS,8 PCS,5 PCS,6 PCS,6 PCS,5 PCS,
001411,V. XL M 5 GB 7HR (discontinue),0 PCS,2 PCS,0 PCS,0 PCS,1 PCS,5 PCS,3 PCS,2 PCS,
001412,V. XL KOSONG,,,,,,,,,
001413,V. XL FLEX 16 GB 28HR,2 PCS,2 PCS,2 PCS,3 PCS,4 PCS,2 PCS,2 PCS,1 PCS,
001414,V. XL FLEX M GB 28HR (discontinue),0 PCS,0 PCS,0 PCS,0 PCS,0 PCS,0 PCS,1 PCS,0 PCS,
001415,V. XL FLEX S 7 GB 28HR,5 PCS,13 PCS,9 PCS,11 PCS,11 PCS,10 PCS,9 PCS,4 PCS,
002233,V. XL FLEX MINI 5 GB 1HR,9 PCS,6 PCS,4 PCS,10 PCS,4 PCS,6 PCS,7 PCS,5 PCS,
002412,V. XL FLEX MINI 6 GB 2HR,13 PCS,11 PCS,14 PCS,13 PCS,13 PCS,14 PCS,12 PCS,9 PCS,
002478,V. XL S 2.5 GB 5HR (discontinue),5 PCS,6 PCS,0 PCS,6 PCS,0 PCS,4 PCS,5 PCS,3 PCS,
002535,V. XL FLEX MINI 4 GB 3HR,8 PCS,10 PCS,7 PCS,14 PCS,8 PCS,11 PCS,10 PCS,9 PCS,
TOTAL,60.00,67.00,52.00,78.00,58.00,69.00,67.00,52.00,
Kode Item,Nama Item,BK9 BAKSAR ,BKC ,BUNISARI ,CICUKANG ,CIHAURKUK,CIKADUT 2,CIPADUNG 2 ,CIPAGALO ,
001359,V. XL FLEX MINI 4 GB 5HR,6 PCS,6 PCS,10 PCS,6 PCS,6 PCS,6 PCS,4 PCS,6 PCS,
001408,V. AXIS KOSONG,0 PCS,0 PCS,0 PCS,0 PCS,,0 PCS,0 PCS,0 PCS,
,,,,Bee Accounting,,,,,,,,
,15/09/2026,,,,,,,
Kode Item,Nama Item,BK9 BAKSAR ,BKC ,BUNISARI ,CICUKANG ,CIHAURKUK,CIKADUT 2,CIPADUNG 2 ,CIPAGALO ,
001409,V. XL S 3.5 GB 7HR (discontinue),6 PCS,5 PCS,7 PCS,4 PCS,6 PCS,1 PCS,4 PCS,5 PCS,
001410,V. XL FLEX MINI 6 GB 7HR,6 PCS,6 PCS,10 PCS,5 PCS,6 PCS,6 PCS,4 PCS,6 PCS,
001411,V. XL M 5 GB 7HR (discontinue),1 PCS,4 PCS,3 PCS,2 PCS,4 PCS,2 PCS,5 PCS,0 PCS,
001412,V. XL KOSONG,,,,,,,,,
001413,V. XL FLEX 16 GB 28HR,2 PCS,2 PCS,3 PCS,2 PCS,3 PCS,2 PCS,1 PCS,2 PCS,
001414,V. XL FLEX M GB 28HR (discontinue),0 PCS,0 PCS,0 PCS,0 PCS,,0 PCS,0 PCS,0 PCS,
001415,V. XL FLEX S 7 GB 28HR,4 PCS,10 PCS,14 PCS,7 PCS,5 PCS,4 PCS,6 PCS,4 PCS,
002233,V. XL FLEX MINI 5 GB 1HR,4 PCS,6 PCS,13 PCS,7 PCS,6 PCS,5 PCS,4 PCS,5 PCS,
002412,V. XL FLEX MINI 6 GB 2HR,11 PCS,13 PCS,17 PCS,11 PCS,4 PCS,6 PCS,6 PCS,7 PCS,
002478,V. XL S 2.5 GB 5HR (discontinue),3 PCS,4 PCS,3 PCS,3 PCS,2 PCS,0 PCS,3 PCS,2 PCS,
002535,V. XL FLEX MINI 4 GB 3HR,10 PCS,10 PCS,10 PCS,11 PCS,7 PCS,4 PCS,16 PCS,7 PCS,
TOTAL,53.00,66.00,90.00,58.00,49.00,36.00,53.00,44.00,
Kode Item,Nama Item,CIPOREAT,CISA (C),CK (C),CL 1 ,CL 2 ,CL 3 ,CL 4 ,DM (C),
001359,V. XL FLEX MINI 4 GB 5HR,4 PCS,8 PCS,4 PCS,6 PCS,5 PCS,4 PCS,6 PCS,9 PCS,
001408,V. AXIS KOSONG,0 PCS,0 PCS,0 PCS,0 PCS,0 PCS,0 PCS,,0 PCS,
001409,V. XL S 3.5 GB 7HR (discontinue),5 PCS,4 PCS,1 PCS,8 PCS,8 PCS,2 PCS,6 PCS,7 PCS,
001410,V. XL FLEX MINI 6 GB 7HR,4 PCS,8 PCS,6 PCS,6 PCS,6 PCS,4 PCS,6 PCS,10 PCS,
001411,V. XL M 5 GB 7HR (discontinue),4 PCS,0 PCS,0 PCS,0 PCS,1 PCS,4 PCS,0 PCS,6 PCS,
001412,V. XL KOSONG,,,,,,,,0 PCS,
001413,V. XL FLEX 16 GB 28HR,3 PCS,1 PCS,2 PCS,3 PCS,0 PCS,3 PCS,2 PCS,1 PCS,
001414,V. XL FLEX M GB 28HR (discontinue),0 PCS,0 PCS,0 PCS,0 PCS,0 PCS,0 PCS,,0 PCS,
001415,V. XL FLEX S 7 GB 28HR,7 PCS,4 PCS,2 PCS,7 PCS,7 PCS,8 PCS,6 PCS,14 PCS,
002233,V. XL FLEX MINI 5 GB 1HR,2 PCS,6 PCS,1 PCS,3 PCS,5 PCS,2 PCS,5 PCS,6 PCS,
002412,V. XL FLEX MINI 6 GB 2HR,6 PCS,12 PCS,8 PCS,8 PCS,4 PCS,6 PCS,6 PCS,11 PCS,
002478,V. XL S 2.5 GB 5HR (discontinue),3 PCS,2 PCS,4 PCS,2 PCS,3 PCS,3 PCS,2 PCS,4 PCS,
002535,V. XL FLEX MINI 4 GB 3HR,7 PCS,10 PCS,8 PCS,10 PCS,9 PCS,7 PCS,11 PCS,8 PCS,
TOTAL,45.00,55.00,36.00,53.00,48.00,43.00,50.00,76.00,
Kode Item,Nama Item,GUDANG ,Gudang,PC 3 (A),PC 4 (C),PC 5 (C),PD 1 (C),PD 2 (C),PD 3 (C),
001359,V. XL FLEX MINI 4 GB 5HR,,0 PCS,7 PCS,7 PCS,7 PCS,6 PCS,8 PCS,6 PCS,
001408,V. AXIS KOSONG,0 PCS,0 PCS,0 PCS,0 PCS,0 PCS,0 PCS,0 PCS,0 PCS,
001409,V. XL S 3.5 GB 7HR (discontinue),,0 PCS,5 PCS,4 PCS,3 PCS,4 PCS,6 PCS,1 PCS,
001410,V. XL FLEX MINI 6 GB 7HR,,0 PCS,7 PCS,8 PCS,8 PCS,6 PCS,7 PCS,6 PCS,
,,,,Bee Accounting,,,,,,,,
,15/09/2026,,,,,,,
Kode Item,Nama Item,GUDANG ,Gudang,PC 3 (A),PC 4 (C),PC 5 (C),PD 1 (C),PD 2 (C),PD 3 (C),
001411,V. XL M 5 GB 7HR (discontinue),,0 PCS,0 PCS,4 PCS,2 PCS,0 PCS,0 PCS,5 PCS,
001412,V. XL KOSONG,,0 PCS,,,,,,,
001413,V. XL FLEX 16 GB 28HR,,0 PCS,2 PCS,3 PCS,2 PCS,3 PCS,3 PCS,2 PCS,
001414,V. XL FLEX M GB 28HR (discontinue),,0 PCS,0 PCS,0 PCS,0 PCS,0 PCS,0 PCS,0 PCS,
001415,V. XL FLEX S 7 GB 28HR,,100 PCS,9 PCS,9 PCS,9 PCS,5 PCS,7 PCS,5 PCS,
002233,V. XL FLEX MINI 5 GB 1HR,,0 PCS,10 PCS,10 PCS,12 PCS,6 PCS,8 PCS,4 PCS,
002412,V. XL FLEX MINI 6 GB 2HR,,0 PCS,9 PCS,8 PCS,15 PCS,13 PCS,17 PCS,11 PCS,
002478,V. XL S 2.5 GB 5HR (discontinue),,0 PCS,4 PCS,0 PCS,4 PCS,5 PCS,6 PCS,2 PCS,
002535,V. XL FLEX MINI 4 GB 3HR,,0 PCS,9 PCS,4 PCS,15 PCS,8 PCS,0 PCS,9 PCS,
TOTAL,0.00,100.00,62.00,57.00,77.00,56.00,62.00,51.00,
Kode Item,Nama Item,RK (C),SA (C),SS (C),TOTAL,,,,,,
001359,V. XL FLEX MINI 4 GB 5HR,8 PCS,8 PCS,6 PCS,267 PCS,,,,,,
001408,V. AXIS KOSONG,0 PCS,0 PCS,0 PCS,0 PCS,,,,,,
001409,V. XL S 3.5 GB 7HR (discontinue),4 PCS,6 PCS,7 PCS,192 PCS,,,,,,
001410,V. XL FLEX MINI 6 GB 7HR,8 PCS,8 PCS,6 PCS,276 PCS,,,,,,
001411,V. XL M 5 GB 7HR (discontinue),2 PCS,8 PCS,4 PCS,94 PCS,,,,,,
001412,V. XL KOSONG,,,,0 PCS,,,,,,
001413,V. XL FLEX 16 GB 28HR,3 PCS,1 PCS,2 PCS,86 PCS,,,,,,
001414,V. XL FLEX M GB 28HR (discontinue),0 PCS,0 PCS,0 PCS,2 PCS,,,,,,
001415,V. XL FLEX S 7 GB 28HR,12 PCS,7 PCS,7 PCS,424 PCS,,,,,,
002233,V. XL FLEX MINI 5 GB 1HR,7 PCS,8 PCS,5 PCS,272 PCS,,,,,,
002412,V. XL FLEX MINI 6 GB 2HR,14 PCS,10 PCS,4 PCS,450 PCS,,,,,,
002478,V. XL S 2.5 GB 5HR (discontinue),2 PCS,3 PCS,2 PCS,134 PCS,,,,,,
002535,V. XL FLEX MINI 4 GB 3HR,12 PCS,10 PCS,9 PCS,378 PCS,,,,,,
TOTAL,72.00,69.00,52.00,"2,575.00",,,,,,
,Group,,,,,,,,,,,,
,< kosong >,,,,,,,,,,,,
,Merk,Model,,,,,,,,,
,RAPA,CHARGER,,,,,,,,,
,,,,,Bee Accounting,,,,,,,,
,15/09/2026,,,,,,,,
Kode Item,Nama Item,ALFA 2 (C),ALFA 3 (C),ALFA 7 ,BUNISARI ,Gudang,PC 5 (C),TOTAL,,
002911,BATOK RAPA CH7013 POWER ION 45W C TO C WHITE,1 PCS,1 PCS,1 PCS,1 PCS,0 PCS,1 PCS,5 PCS,,
TOTAL,1.00,1.00,1.00,1.00,0.00,1.00,5.00,,
,Merk,Model,,,,,,,,,,,
,< kosong >,< kosong >,,,,,,,,,,,
Kode Item,Nama Item,BUNISARI ,TOTAL,,,,,,,,,,
VA14GB28H,SANDAL KAKEK,0 PCS,0 PCS,,,,,,,,,,
TOTAL,0.00,0.00,,,,,,,,,,
,,,,,,,,,,Grand Total   ,Unit 1,"123,189"
,,,,,Bee Accounting,,,,,,,,,,
,15/09/2026,,,,,,,,,
